"ensembl_gene_id","gene_symbol","log2fc_p100_4h","padj_p100_4h","log2fc_p100_24h","padj_p100_24h","log2fc_c100_4h","padj_c100_4h","log2fc_c100_24h","padj_c100_24h","log2fc_pvc_4h","padj_pvc_4h","log2fc_pvc_24h","padj_pvc_24h"
"ENSMUSG00000000028","Cdc45",0.225119592112423,1,0.799288820421829,1,0.342823007429882,1,1.37697816884715,0.00202507626974468,-0.117703415317458,0.82291955435199,-0.577689348425324,0.0421997078721631
"ENSMUSG00000000202","Btbd17",0.892634007455426,1,2.95218480505366,0.0487395142166718,2.33872855283941,0.898708941123207,3.31180315618599,0.0059779364721246,-1.44609454538398,NA,-0.359618351132326,NA
"ENSMUSG00000000247","Lhx2",0.083069414178486,1,2.17087537620499,0.0787004024714696,0.645720126354118,1,2.23591686914922,0.0292245363300579,-0.562650712175632,0.641630446124082,-0.0650414929442293,NA
"ENSMUSG00000000253","Gmpr",0.261522527986518,1,0.404523545222277,1,0.629415628300409,1,1.05328707758829,0.000127687929328414,-0.367893100313891,0.152958391046562,-0.648763532366018,6.92105843583056e-08
"ENSMUSG00000000290","Itgb2",0.191307988670605,1,0.927141993193603,2.55048726259026e-06,0.681278972711577,1,1.23941917430085,7.79374392254508e-23,-0.489970984040971,0.00356290249693487,-0.31227718110725,3.44694847416432e-05
"ENSMUSG00000000303","Cdh1",4.25810014949974,7.34623206943241e-11,6.91726531965269,4.00670228298315e-15,8.58516279750838,1.2447414023366e-59,8.25764539065097,1.41499640324569e-22,-4.32706264800864,4.21090033348873e-50,-1.34038007099828,1.18023725728813e-06
"ENSMUSG00000000317","Bcl6b",0.0881624326859816,1,1.72476610088952,0.354679844546485,1.23165650829048,0.811306452018977,2.7290550722931,0.000807347106678076,-1.1434940756045,0.0868464923118038,-1.00428897140358,0.142611559979764
"ENSMUSG00000000318","Clec10a",1.1427799697745,1,0.903500136819887,0.00181532518159726,2.83399138681861,2.87240415309281e-16,1.31777967257409,1.6279099972912e-17,-1.6912114170441,2.4549630863762e-09,-0.414279535754204,1.30155466777335e-05
"ENSMUSG00000000440","Pparg",0.443399255236803,1,0.871197331581081,0.00121669783575364,1.23385847014877,0.00336618382468293,1.18715960534044,1.57278620557478e-15,-0.790459214911968,0.000133666748423778,-0.315962273759363,0.000211853365088793
"ENSMUSG00000000579","Dynlt1c",-0.284588758262457,1,-0.711326076250299,1,-0.762771528984745,1,-1.29191894247805,0.00345949225670666,0.478182770722288,0.369010782970479,0.580592866227753,0.0348148822415793
"ENSMUSG00000000594","Gm2a",-0.0284883596599666,1,0.725349531807204,0.151284952454975,0.161623345936161,1,0.825623513561846,0.000275973495222985,-0.190111705596128,0.196039648266413,-0.100273981754642,0.231869785695082
"ENSMUSG00000000682","Cd52",0.347470339830704,1,1.2262686138891,3.08937550501172e-10,1.29618370231968,0.000548845187667524,1.73038333520202,1.32578977162605e-32,-0.948713362488973,8.15821430172225e-07,-0.504114721312915,3.00085109089667e-06
"ENSMUSG00000000686","Abhd15",-0.706954334306616,1,-1.54991070837336,0.00576174051099383,-2.38325569363329,7.83973652719251e-05,-2.55050326472957,1.15086071350678e-10,1.67630135932667,0.00035418496500209,1.00059255635621,0.00706258803159655
"ENSMUSG00000000732","Icosl",-0.852622008463493,1,-1.93445565315563,7.6978055396091e-25,-3.50104572031498,1.92131404891562e-23,-3.05659447808899,5.81175602753631e-66,2.64842371185148,1.06451864946435e-18,1.12213882493336,6.75103031346681e-12
"ENSMUSG00000000869","Il4",-0.614305318595687,1,-0.550669191109293,1,-1.56925068618666,0.00865112019228743,-1.11023733848937,0.246334273140668,0.954945367590968,0.010185162061321,0.559568147380078,0.168957154659993
"ENSMUSG00000000881","Dlg3",0.86385900271409,1,2.12703616204176,1.57749431362315e-16,2.44043803609306,0.00410348544938108,2.91963117110251,1.99751639536162e-38,-1.57657903337897,0.0168131012463391,-0.792595009060751,5.27839301534773e-05
"ENSMUSG00000000958","Slc7a7",-0.42377798745967,1,-1.17625194807377,1.08636191850104e-09,-1.35633047093609,0.0487196429307992,-1.58913103184662,2.5771566886335e-26,0.932552483476419,0.00695720197797698,0.41287908377285,0.000261693029538093
"ENSMUSG00000001020","S100a4",0.386353401709543,1,1.19234918565636,7.88164318167095e-09,0.214998572750225,1,1.35863063830105,1.54404182993967e-14,0.171354828959318,0.708994848978412,-0.166281452644692,0.206184669237055
"ENSMUSG00000001025","S100a6",0.315683871209586,1,0.82142464236349,0.109739994554175,0.371960648846273,1,1.13145955114954,4.65525559887198e-08,-0.0562767776366871,0.88798134601733,-0.310034908786051,0.00800169620257601
"ENSMUSG00000001095","Slc13a2",-0.192889167733852,1,-1.03386696509833,1,-0.730546532279331,1,-1.98124450909951,0.0317700272016971,0.537657364545479,NA,0.947377544001185,0.208566818145034
"ENSMUSG00000001131","Timp1",0.0917063726892686,1,0.740785872047941,1,0.92940345835071,1,1.56223664712302,0.000187547837095812,-0.837697085661441,0.521836171989522,-0.821450775075079,0.00331693909277888
"ENSMUSG00000001247","Lsr",-1.3267444531242,1,-0.860242143826254,1,-1.78672691137536,0.967877356391414,-1.82501749224348,0.012590427076567,0.459982458251158,NA,0.964775348417222,0.0877455951650143
"ENSMUSG00000001249","Hpn",-1.10596953047334,1,-1.10024247265798,0.841381697718317,-1.67343301100993,1,-2.06238901866755,0.000861381412583263,0.567463480536591,NA,0.962146546009574,0.0755401334686279
"ENSMUSG00000001270","Ckb",0.151367877296791,1,0.603688594044107,1,1.17956707616724,0.00108093591479565,1.46307609005601,0.000291436980595787,-1.02819919887045,2.56061417017977e-10,-0.859387496011902,0.000910313372665574
"ENSMUSG00000001348","Acp5",0.30019777856248,1,1.45308700742967,2.97134114214331e-13,2.23252767410825,2.55240779842199e-07,2.32027155223395,1.73960061855545e-54,-1.93232989554577,4.14490090967192e-10,-0.867184544804285,9.84617849287666e-16
"ENSMUSG00000001415","Smg5",0.12354589595648,1,0.63617246270692,1,1.15575811015751,0.000243072431041622,0.892775487057657,0.000816472595494584,-1.03221221420103,2.0271850258388e-13,-0.256603024350737,0.0103722833258729
"ENSMUSG00000001467","Cyp51",0.531575099075779,1,0.984379847833802,0.0469155804730863,0.808681594958918,1,1.33168609611048,8.84271260868674e-07,-0.277106495883139,0.730878459950564,-0.347306248276676,0.0615800526032272
"ENSMUSG00000001588","Acap1",0.816657625187889,1,1.91144347424798,0.000123465822318772,1.06448389178527,0.843665943311589,2.07198886610796,4.40039565165661e-06,-0.247826266597383,0.740556370443725,-0.160545391859983,0.744282529920475
"ENSMUSG00000001627","Ifrd1",0.712952675435252,1,0.624947326240476,1,1.45942239071062,0.00185502985635325,1.09930845359825,0.000466413816161916,-0.74646971527537,0.00951036377016434,-0.474361127357776,0.00256183274476295
"ENSMUSG00000001741","Il16",-0.917194541417087,1,-0.976768823286173,0.0862309479781726,-2.27343384426991,2.54200625156851e-09,-1.7070513608098,1.6194615626305e-12,1.35623930285282,5.63804460586124e-06,0.730282537523626,4.33675300676425e-05
"ENSMUSG00000001918","Slc1a5",0.343390046975532,1,1.06955018107355,0.000644204215361749,1.10178448257951,0.086100909096099,1.45816056785083,1.82985750473309e-12,-0.758394435603979,0.00178978375181796,-0.388610386777282,0.00800681266838793
"ENSMUSG00000001930","Vwf",0.0248441401002308,1,2.13275021760564,1.01457298811614e-112,0.858801926333681,0.371064494532057,2.31178896878813,1.03094145855936e-140,-0.833957786233451,2.65656588662064e-07,-0.17903875118249,0.0441921785514889
"ENSMUSG00000002020","Ltbp2",-0.484612820403073,1,-1.11725212096728,0.0671980309668089,-0.787538361539423,1,-1.09112512361134,0.048280342662634,0.302925541136351,0.839935183538539,-0.0261269973559343,0.950201694487834
"ENSMUSG00000002055","Spag5",0.135303653338307,1,0.792254141380896,1,-0.29630329905422,1,1.04515826547239,0.0299777928047731,0.431606952392528,0.0954108536800139,-0.252904124091499,0.293594876114981
"ENSMUSG00000002059","Rab34",-0.277092099410622,1,-0.767654624582487,0.209242012204965,-0.961426687161285,0.601761059342174,-1.16061583036191,6.61017174955766e-11,0.684334587750663,0.0307550863655303,0.392961205779424,9.79271112165319e-05
"ENSMUSG00000002068","Ccne1",0.486016833572498,1,0.654371691154989,1,0.876811391410102,1,1.25400310612333,0.031805122157555,-0.390794557837604,0.683814416495305,-0.599631414968336,0.0654047419280493
"ENSMUSG00000002104","Rapsn",-0.41602900722999,1,-1.21950755800478,0.0150339521600875,-1.73388773133087,0.0295673798126116,-2.33549023889468,8.51143496852631e-15,1.31785872410088,0.00676437331647081,1.1159826808899,1.65458730930527e-05
"ENSMUSG00000002228","Ppm1j",-0.217397025680969,1,1.8331502281469,0.000534459957831897,0.459830473628936,1,2.62696092979891,9.26852006642682e-11,-0.677227499309905,0.526897631287367,-0.793810701652015,0.0245042701478783
"ENSMUSG00000002233","Rhoc",0.528361447694705,1,1.33675383130582,4.20535665480857e-12,1.17801281020942,0.618631478863517,1.72864468083837,3.93686266412079e-28,-0.64965136251472,0.275509762827074,-0.391890849532545,0.00142068413249481
"ENSMUSG00000002289","Angptl4",-0.00710438915932739,1,-1.91084943957778,1.53674357997585e-10,-0.271235345828938,1,-3.0971721284567,3.89313131543463e-35,0.264130956669611,0.72944025829331,1.18632268887892,2.20738206906656e-07
"ENSMUSG00000002308","Cd320",0.224804063593645,1,0.614873028972399,1,1.16058327531075,0.464530585608434,1.18384457128278,0.0005559630228477,-0.935779211717103,0.0292666670513337,-0.568971542310378,0.00138920655178526
"ENSMUSG00000002489","Tiam1",0.489220751708147,1,1.32857923560124,5.39340952829215e-28,1.71422802423065,2.7279794495594e-14,1.55740849212469,3.02120836934963e-48,-1.2250072725225,1.01895600255933e-16,-0.228829256523445,0.00289262067452418
"ENSMUSG00000002504","Nherf2",0.642592978307429,1,2.90341091413351,9.21943155282173e-07,3.99891791320289,0.0018536853725402,4.12205968048223,2.95388158512098e-16,-3.35632493489546,0.00101141180437571,-1.21864876634872,0.0012187131416488
"ENSMUSG00000002565","Scin",0.477047970428624,1,2.70129941448399,0.00178730055540945,2.92706456877706,0.122030418178659,3.35135531769368,3.98721345104035e-06,-2.45001659834844,0.0546247880014922,-0.65005590320969,0.351677979902699
"ENSMUSG00000002602","Axl",-0.185435424988285,1,-0.240757006607305,1,-0.536758024779765,1,-0.929526149315542,0.00212450455371176,0.351322599791479,0.0857383021015094,0.688769142708237,7.17421969172833e-11
"ENSMUSG00000002668","Dennd1c",-0.463141980876889,1,-0.633524280140869,1,-1.10967401029319,0.0135622954230779,-1.06972282828858,3.99422866565724e-06,0.646532029416298,0.000923035151065365,0.436198548147707,0.000137835501576508
"ENSMUSG00000002733","Plekha3",0.772548236929608,1,1.04625457745254,1.08636191850104e-09,1.60446083290325,8.99777401336158e-08,1.26835880678532,2.27141920064378e-21,-0.83191259597364,2.60378557275229e-05,-0.222104229332781,0.0102824384026969
"ENSMUSG00000002881","Nab1",0.00683174940049713,1,-0.591715907512185,1,-0.497159548901998,1,-0.820848429075202,0.0196922138041261,0.503991298302495,9.41638999804481e-08,0.229132521563016,0.0317859301403952
"ENSMUSG00000002897","Il17ra",-0.362524489058872,1,-0.906397789375499,0.0150910152961918,-1.69683593208671,3.6717170710935e-06,-1.56933446495644,5.20786800324217e-21,1.33431144302784,1.21285874701242e-08,0.662936675580944,6.88261973481588e-09
"ENSMUSG00000002908","Kcnn1",-0.300049955251748,1,-1.57266276575479,0.0988525224296845,-1.36122687445387,1,-1.91744922755366,0.00544779119547659,1.06117691920212,0.471139624532197,0.344786461798873,0.625401060892427
"ENSMUSG00000002944","Cd36",0.863631329644181,1,0.745745084767183,1,1.38005702087161,0.0176972769731507,1.00566928920062,0.395835416133759,-0.516425691227434,0.156481048205123,-0.259924204433437,0.550908788127058
"ENSMUSG00000002985","Apoe",-0.617645113446804,1,-1.04574853397954,0.000238879954594947,-1.36463133904087,0.197938799767929,-1.53214589162448,8.62621850236329e-18,0.746986225594065,0.139378083118907,0.486397357644939,0.000110080542806416
"ENSMUSG00000003031","Cdkn1b",-0.34204361668973,1,-0.330783911017256,1,-1.13778741650026,0.00484297510104062,-0.703137795603777,0.634156821509138,0.795743799810535,7.08165231915523e-06,0.37235388458652,0.00183705603215828
"ENSMUSG00000003032","Klf4",1.23116912778445,0.254449396094914,3.33757290943672,1.17398456072069e-193,3.2066371759161,4.92890393962149e-37,3.67227828315368,1.33937525877274e-244,-1.97546804813165,1.88436301659542e-21,-0.33470537371695,0.000385438168509545
"ENSMUSG00000003153","Slc2a3",-0.23412773309278,1,-0.494792967367456,1,-1.16266066157396,0.00216477704750135,-0.783169664601324,0.552694286051682,0.928532928481185,4.47307368098274e-08,0.288376697233868,0.181733009910171
"ENSMUSG00000003279","Dlgap1",0.0408841600797229,1,3.19118769314666,0.42622513214653,-0.0740031892460692,1,4.55311833666698,0.0146467071465245,0.114887349325792,NA,-1.36193064352032,NA
"ENSMUSG00000003352","Cacnb3",-0.16613931654547,1,-1.76138811812341,0.301892590745402,-0.326080128448005,1,-2.18467186220617,0.035860009726904,0.159940811902535,0.929273001673959,0.423283744082763,NA
"ENSMUSG00000003382","Etv3",0.0361523956484427,1,0.690159192532889,0.128257089557604,0.962796550856256,0.00560332536047675,1.05156336255024,8.7751335619128e-27,-0.926644155207813,4.51401818043624e-16,-0.361404170017348,1.30131935685915e-15
"ENSMUSG00000003420","Fcgrt",-0.623373097096102,1,-0.684576683470734,1,-1.03655929809144,1,-1.10627071883385,0.000150863629439521,0.413186200995339,0.67002797898624,0.421694035363115,0.0059850826645502
"ENSMUSG00000003617","Cp",-1.03738176193169,1,-1.03298303095659,0.526519795132128,-1.09920179381701,0.656193888350058,-1.88443498498842,5.55506108896083e-06,0.0618200318853199,0.945060024251824,0.851451954031829,0.0117253616746935
"ENSMUSG00000003746","Man1a",0.741960711235275,1,0.412251670254239,1,0.86791762186629,0.0269509217289042,0.394115312792802,1,-0.125956910631015,0.428333907692279,0.0181363574614371,0.87863522549826
"ENSMUSG00000003779","Kif20a",0.0660024676826385,1,0.778061755907959,1,-0.259771908659645,1,1.07290759826989,0.0297086253268055,0.325774376342283,0.039346041680263,-0.294845842361934,0.244288219169418
"ENSMUSG00000003814","Calr",0.424519730418543,1,0.73006459646657,0.170966290004122,0.852398811677969,0.370479091626214,1.12518349767898,3.22557362151007e-17,-0.427879081259426,0.0191847011219518,-0.395118901212408,9.92546749306149e-09
"ENSMUSG00000004032","Gstm5",-0.545389377735357,1,-0.634571524211445,1,-1.59517063203052,0.155088257911347,-1.42667753256221,0.000121126950685237,1.04978125429516,0.0814674278349764,0.792106008350765,0.00103525835404734
"ENSMUSG00000004044","Cavin1",0.319465430250862,1,1.59751767813123,6.3728846402966e-06,2.02700850484503,0.0418086889853814,2.60971801043177,9.95615358104605e-24,-1.70754307459417,0.00663580631807086,-1.01220033230054,2.1223960456303e-06
"ENSMUSG00000004105","Angptl2",0.883287120883524,1,2.16550621050017,1.22270464913e-65,1.90856527769112,1.5979005436446e-13,2.63963453194035,2.40630585039589e-111,-1.02527815680759,3.71393565848664e-08,-0.474128321440182,4.93837621003715e-06
"ENSMUSG00000004113","Cacna1b",0.375179565307527,1,1.91014155732056,5.55935010200891e-05,0.987690361792675,0.573300391424346,2.04219213961513,2.75979834988187e-06,-0.612510796485148,0.0730867930673716,-0.132050582294566,0.777061357607951
"ENSMUSG00000004187","Kifc2",-0.8445693780948,1,-0.745375955328891,1,-1.55808141638869,0.268527865742911,-1.38364365896927,2.07618674058491e-05,0.713512038293895,0.370999363934998,0.638267703640384,0.00285579621368997
"ENSMUSG00000004207","Psap",0.0607369353790415,1,0.692057025866507,0.863102335826838,0.390679540281445,1,0.825305279106953,0.00590741686114238,-0.329942604902403,0.078488159516587,-0.133248253240446,0.200250046834262
"ENSMUSG00000004317","Clcn5",0.425489408669375,1,0.628461424038894,1,1.36092211746188,5.61695214237456e-17,0.588172363576146,1,-0.935432708792502,2.36245653429261e-24,0.040289060462748,0.650600171438312
"ENSMUSG00000004319","Clcn3",0.288522110419774,1,0.502675420883345,1,1.1916621667074,6.69552138224468e-07,0.673158056834806,0.429722297929687,-0.903140056287625,7.4518190394472e-15,-0.170482635951461,0.0238028767459632
"ENSMUSG00000004359","Spic",-0.705843991927191,1,-0.963077511699438,0.613062271298483,-1.51988895310882,0.153993017684337,-1.19731676172924,0.0373278681898421,0.814044961181626,0.170758979771546,0.234239250029801,0.535005770896954
"ENSMUSG00000004383","Large1",0.161815356098902,1,0.754383248538494,0.103586729328724,0.431343346366037,1,0.835230859155949,0.00106628650664662,-0.269527990267135,0.0381421628091155,-0.0808476106174554,0.415206812304807
"ENSMUSG00000004552","Ctse",-0.85656697614841,1,-0.616571559004857,1,-1.96329646481228,0.00392843787517915,-1.268724819254,0.0231536737065793,1.10672948866387,0.0292920897555501,0.652153260249141,0.0438419348178605
"ENSMUSG00000004609","Cd33",-0.386006220626158,1,-1.62416867948649,3.49415163851882e-11,-1.87937710588179,0.00864939054761855,-2.39671601626133,6.36218772848249e-31,1.49337088525563,0.00122158260039607,0.772547336774842,2.75159557071349e-05
"ENSMUSG00000004661","Arid3b",-0.21810726060767,1,-0.705317650728246,1,-0.618001349120731,1,-1.00798754258412,0.00109332000811507,0.399894088513061,0.0852874452408467,0.302669891855879,0.0453485183974249
"ENSMUSG00000004798","Ulk2",-0.41311952922543,1,-0.819843341846385,0.0437501029693131,-1.01547994154025,0.00106441512809846,-1.25149802036095,6.16362812740714e-15,0.602360412314819,7.5861842849967e-07,0.431654678514562,5.26932368724601e-06
"ENSMUSG00000004814","Ccl24",-0.561725905847754,1,0.73943163876749,1,4.55787515429544,1.01773386132551e-37,2.32309682014297,3.72601100642287e-13,-5.1196010601432,4.21090033348873e-50,-1.58366518137548,2.90241017941922e-11
"ENSMUSG00000004837","Grap",-0.0588021129088063,1,1.58414091243778,4.17473208742005e-05,0.327118970881152,1,1.98976269351528,2.81856493920464e-10,-0.385921083789958,0.15065243082943,-0.40562178107749,0.12093731136344
"ENSMUSG00000004891","Nes",0.641480485358411,1,1.75382402051606,0.0102413139634294,1.48134181456162,0.578052141185035,2.08707571672658,0.000129178267114105,-0.839861329203205,0.358429973937796,-0.333251696210519,0.551932223707237
"ENSMUSG00000004933","Matk",0.68770192381168,1,2.18871620434101,3.26982882787348e-62,1.94531956555097,3.43216639257679e-06,2.53980365435005,4.93796373577207e-93,-1.25761764173929,1.99062182290818e-05,-0.351087450009043,0.00133987402562393
"ENSMUSG00000005043","Sgsh",-0.646129098015371,1,-1.08755546130527,3.0323187174006e-08,-1.66136144748033,0.000107761056817692,-1.70905808592729,1.67647494241271e-39,1.01523234946496,0.000318067458172634,0.621502624622023,2.3182790371959e-11
"ENSMUSG00000005057","Sh2b2",0.372773324773386,1,0.726869873973312,0.697526767714312,1.54169062148311,4.25006050787728e-06,0.988722381928144,3.74970627680955e-05,-1.16891729670972,4.30676767306483e-09,-0.261852507954831,0.0159096592060811
"ENSMUSG00000005087","Cd44",0.373579852045709,1,0.721213500356293,0.868600570943224,1.01314077607226,0.000147561400118437,1.01067044948927,3.96857987125662e-05,-0.639560924026547,1.00173623001107e-09,-0.289456949132979,0.015296559651285
"ENSMUSG00000005125","Ndrg1",-0.621556494364831,1,-0.41792405641304,1,-1.88310745017226,1.41702285262113e-19,-0.713866921000636,0.39328799828718,1.26155095580743,4.6964230859361e-18,0.295942864587596,0.00429938096859786
"ENSMUSG00000005233","Spc25",0.305650903071355,1,0.834002412531533,1,0.119755572981533,1,1.19593698415789,0.0167625930101045,0.185895330089822,0.579579730403506,-0.361934571626354,0.215760262276028
"ENSMUSG00000005465","Il27ra",0.846031904887756,1,2.83198667210295,1.37710983918279e-46,2.15544793933862,0.000128762501320967,3.24209142577759,7.50651635264971e-66,-1.30941603445087,0.00132424082862701,-0.41010475367464,0.0123475484031099
"ENSMUSG00000005514","Por",0.00377069000113442,1,-0.627386582918661,1,-0.442073113980121,1,-0.850742687525273,1.98396923342861e-08,0.445843803981255,0.00669445786742315,0.223356104606612,1.40643117645727e-05
"ENSMUSG00000005533","Igf1r",-0.536357820345668,1,-0.67042032753187,1,-1.3784336607932,0.00669028086067829,-1.36032908373035,2.31895884412261e-12,0.842075840447528,0.00281010329324088,0.68990875619848,5.80103601026487e-09
"ENSMUSG00000005686","Ampd3",-0.191516541961567,1,-0.71248513039093,1,-1.06375239554188,0.0550989383410175,-1.13460686440489,1.8639803890413e-06,0.872235853580314,1.07197278892115e-05,0.422121734013965,0.00108261984153973
"ENSMUSG00000005718","Tfap4",-0.310264740389841,1,-0.578717219483361,1,-0.567431507937862,1,-1.00038395938302,0.0067144098718061,0.257166767548021,0.583852675673593,0.421666739899659,0.0107742094639316
"ENSMUSG00000005802","Slc30a4",0.40830119100809,1,2.14879125225683,2.70523494226035e-69,1.80665928497309,8.46666551365862e-08,2.60698173807617,2.02269343181883e-116,-1.398358093965,4.54742553400857e-10,-0.458190485819335,2.68877369877898e-06
"ENSMUSG00000005824","Tnfsf14",-0.0488209301475945,1,-1.70628591793499,1.44398356223392e-07,-1.68773089807302,0.154958022401364,-2.77066528540875,9.82343267789767e-22,1.63890996792543,0.00562979338052131,1.06437936747376,0.000118145928787569
"ENSMUSG00000005950","P2rx5",0.121765370005212,1,1.8741608383712,0.248271797065797,1.51988687922443,1,2.27193328135502,0.0213774107863236,-1.39812150921922,NA,-0.39777244298382,NA
"ENSMUSG00000005973","Rcn1",0.348302869956895,1,1.28550237402989,0.0176639024976207,1.03826414667952,0.226673756916396,1.65645493819569,9.37511454089945e-06,-0.689961276722622,0.00966091455838572,-0.370952564165801,0.226355664919309
"ENSMUSG00000005986","Ankrd13d",-0.383594239316421,1,-0.68864673057432,1,-1.10531953706436,0.220509366364021,-1.28347923682837,2.47416511959545e-06,0.721725297747943,0.0222436532922736,0.594832506254053,0.000300098347887565
"ENSMUSG00000006057","Atp5g1",0.3728354591113,1,0.49471690942525,1,0.702691234403092,1,0.887407270992637,0.00293137420004494,-0.329855775291792,0.236762940231196,-0.392690361567388,9.95967868527429e-05
"ENSMUSG00000006179","Prss16",-0.563248279000088,1,-0.101569711969615,1,-1.96748573698329,0.00251640757594611,-0.633666394627831,1,1.4042374579832,0.00218041430741848,0.532096682658216,0.168562519372466
"ENSMUSG00000006235","Epor",0.179462559431649,1,-1.39966882452491,0.534705826239525,-1.35971727942271,1,-2.07367381286431,0.0108876522184956,1.53917983885436,NA,0.674004988339399,0.364036957077788
"ENSMUSG00000006273","Atp6v1b2",0.216786229721773,1,0.607105412398631,1,0.882788372590533,0.0563945750096074,0.879806421894771,3.62927596577455e-06,-0.66600214286876,2.27421278950024e-08,-0.27270100949614,6.51668592118195e-05
"ENSMUSG00000006281","Tep1",-0.0873625182999888,1,0.803405198243902,0.00592104349262656,0.568509615589025,1,0.965008274008271,1.07306004246804e-08,-0.655872133889014,2.19965920676045e-10,-0.161603075764369,0.0496027151613469
"ENSMUSG00000006356","Crip2",-0.177950213166124,1,1.29033765782732,0.629949180659346,0.675484488266576,1,1.79867111315114,0.0193857715354987,-0.853434701432699,0.340106564463784,-0.508333455323823,0.378040249668952
"ENSMUSG00000006360","Crip1",0.391987136525075,1,1.00225639030296,4.44093819112113e-05,0.543102826368877,1,1.26543958702576,2.06172136579101e-13,-0.151115689843802,0.69841070895586,-0.263183196722795,0.0200993682897011
"ENSMUSG00000006362","Cbfa2t3",-0.360590066867985,1,1.25694949057465,0.00335620567763999,-0.259151993306224,1,1.54190021424984,1.51972213062887e-06,-0.101438073561761,0.809761523228764,-0.284950723675194,0.254911065777636
"ENSMUSG00000006411","Nectin4",-0.446323416993987,1,-0.833887121943736,0.426272035597061,-1.97094461735976,6.01368156052665e-06,-1.59105909800771,7.13951016313979e-13,1.52462120036577,5.20607584991464e-07,0.757171976063974,9.20869028157656e-07
"ENSMUSG00000006442","Srm",0.639948887313645,1,0.587616622907355,1,1.59919167000839,0.000796351798805153,1.11044094917961,0.000768431775375087,-0.959242782694744,0.00143143229185841,-0.522824326272257,0.00143029887646008
"ENSMUSG00000006476","Nsmf",0.0531131907556672,1,0.915246283320833,0.0644246726490497,0.706896483931475,1,1.44759376634611,8.41233055871774e-12,-0.653783293175808,0.000900308353400836,-0.532347483025274,0.000136994094984126
"ENSMUSG00000006517","Mvd",0.520656218795774,1,0.84644445520226,0.0343680748428934,1.03038128688852,0.23021269013214,1.25024166637791,4.34578560837443e-13,-0.509725068092743,0.0722244007703946,-0.403797211175648,3.05251568979323e-05
"ENSMUSG00000006651","Aplp1",-0.358613227006364,1,-0.995162038012266,0.801987563857107,-0.850138405382016,1,-1.42592415785098,0.0158763317373253,0.491525178375652,0.436341062645741,0.430762119838717,0.317191710136087
"ENSMUSG00000007021","Syngr3",-1.44200911820213,1,-2.51702999571715,0.0390732063242361,-2.0610347037662,0.672864139406286,-1.83039348241219,0.186492282242163,0.619025585564076,NA,-0.686636513304956,NA
"ENSMUSG00000007613","Tgfbr1",-0.0290567992195993,1,-0.521460704202334,1,-0.739696837331472,1,-1.1509450548519,4.47977309971764e-08,0.710640038111873,0.000427826142911856,0.629484350649561,5.08626293758803e-09
"ENSMUSG00000008035","Mid1ip1",-0.0285947012231091,1,-0.695287535681286,1,-0.565146578290316,1,-0.804014094506683,0.0487646104228755,0.536551877067207,0.000138653950852333,0.108726558825397,0.406153126266281
"ENSMUSG00000008193","Spib",-0.885763688905349,1,3.42387706204243,0.00451906891130135,0.169971653913352,1,3.49755216105993,0.0015402636181066,-1.0557353428187,NA,-0.0736750990175015,NA
"ENSMUSG00000008398","Elk3",-0.381349064266536,1,-0.870140107080425,0.00113448121870705,-1.10684340715377,0.00107186529160394,-1.18056285291588,5.1705682811785e-15,0.725494342887235,9.51276058638456e-07,0.310422745835459,0.000476249821169221
"ENSMUSG00000008435","Rdh13",0.324685158276061,1,0.576319850717716,1,1.03252848720255,0.0781064873095059,0.937107789937824,0.00055691963646952,-0.707843328926491,0.000462617639119685,-0.360787939220108,0.000570363721104089
"ENSMUSG00000008496","Pou2f2",-0.963973885323965,1,-1.27055986002585,0.000161485567794897,-2.61241583322607,3.71187416996058e-23,-2.35391301662061,2.88606969844089e-28,1.6484419479021,5.23605920834059e-15,1.08335315659476,4.54638995423691e-10
"ENSMUSG00000008734","Gprc5b",0.147697336764018,1,0.786319419214805,0.925471687480698,0.336479869018047,1,1.24507660956262,2.53946211111316e-05,-0.188782532254029,0.641206769915894,-0.458757190347814,0.00812322796647596
"ENSMUSG00000008845","Cd163",-0.423533726165568,1,-0.53485504923308,1,-1.06785200073923,0.0441547363475842,-0.797858148843152,0.175111524734416,0.644318274573665,0.00191578245103788,0.263003099610072,0.0662934492988363
"ENSMUSG00000009185","Ccl8",1.57587077320639,1,3.26887234942729,0.000389770281595421,3.23782281549199,0.000920641368767505,3.58696431852387,1.84739341035249e-05,-1.6619520422856,0.0253548970226262,-0.318091969096575,0.637484467203621
"ENSMUSG00000009292","Trpm2",-0.729875945251357,1,-1.25612099412486,0.000123674323219658,-2.01282384186536,0.000715707817126059,-1.7579232844877,2.05498058921588e-13,1.28294789661401,0.00300067104351083,0.501802290362831,0.0109175076845743
"ENSMUSG00000009545","Kcnq1",-0.0194622594723484,1,1.5989534403952,0.00536989449593656,2.46274960094888,0.0197700162187625,2.62274801079044,5.51912983892677e-12,-2.48221186042123,0.00057670317559677,-1.02379457039524,0.000784375197574607
"ENSMUSG00000009614","Sardh",0.206748012548914,1,2.2559854122195,1.19946030942785e-20,0.72092478082278,1,2.33231501080523,6.86556918059945e-23,-0.514176768273866,0.176490166031528,-0.0763295985857239,0.791070178641504
"ENSMUSG00000009628","Tex15",-0.0476568409068076,1,-0.552551168088341,1,-1.72445856962141,0.376586606524129,-1.32301126810782,0.0412744301595872,1.6768017287146,0.0369026008808131,0.770460100019481,0.0405592147762437
"ENSMUSG00000009654","Oit3",0.574847410788761,1,2.06263991678462,2.02307063906491e-20,1.33532720004385,0.0316684253125138,2.62122256425201,1.97957000550394e-39,-0.760479789255086,0.019190493915923,-0.558582647467386,0.00106682239169446
"ENSMUSG00000009739","Pou6f1",-0.544051240245517,1,-0.469041477353006,1,-1.234081789026,0.00536104306212466,-0.62780735144184,1,0.690030548780481,0.00243161526711527,0.158765874088834,0.120249285978677
"ENSMUSG00000010307","Tmem86a",-0.328318456255952,1,-0.71212383860717,1,-1.10127165037255,0.0263395375541237,-1.10424612539325,0.000289175657166553,0.772953194116602,0.000106314125545236,0.392122286786084,0.0157432640025694
"ENSMUSG00000010342","Tex14",1.28559270234802,1,2.51824719201187,0.101484130991197,1.59012624127059,1,3.22445421131056,0.00242311606258229,-0.304533538922569,NA,-0.706207019298695,NA
"ENSMUSG00000010660","Plcd1",0.0793453317330273,1,0.896001146504568,0.536357866835333,1.11515305562783,0.623394267028545,1.66148916529666,4.94374618525934e-09,-1.0358077238948,0.0195380820116467,-0.765488018792093,7.07938255805621e-05
"ENSMUSG00000011154","Cfap161",0.349326779204636,1,2.98315729887522,1.44668111072018e-08,1.28014402247677,0.790367278630661,3.47017317602169,9.67408293028576e-13,-0.930817243272138,0.217530388018893,-0.487015877146466,0.30604974495913
"ENSMUSG00000011752","Pgam1",0.419248310117032,1,0.657458410062751,1,0.657560563520359,1,0.960348435519159,0.000371425111259993,-0.238312253403327,0.47144130305624,-0.302890025456409,0.00973752703593071
"ENSMUSG00000012123","Crybg2",4.17866503022482,1,2.24718745463308,0.528134071037063,3.4320613365543,0.37072036969913,3.28094298974802,0.0164129310157549,0.746603693670521,NA,-1.03375553511494,NA
"ENSMUSG00000012519","Mlkl",0.205020692404518,1,0.889824852454272,0.102070290558427,0.32560140826001,1,1.02010528806259,0.00163530045141577,-0.120580715855492,0.65242784538325,-0.130280435608321,0.471621911691645
"ENSMUSG00000013076","Amotl1",0.313642097405086,1,1.05266114176187,0.929617403611421,0.840044465052746,1,1.64518543634277,0.00746111391364715,-0.526402367647661,0.145515531139148,-0.592524294580895,0.19139904644791
"ENSMUSG00000013236","Ptprs",0.0131612294271481,1,0.652101493796312,1,0.665454858397146,1,0.843056009184506,1.88699493019033e-05,-0.652293628969998,2.7840351208586e-10,-0.190954515388194,0.00465090975982046
"ENSMUSG00000013483","Card14",-0.844536322070328,1,-1.0198203056436,1,-1.43128255420677,1,-1.99433111246314,0.0418543490577257,0.586746232136444,NA,0.974510806819546,NA
"ENSMUSG00000013584","Aldh1a2",-0.149396271138435,1,4.7444171171517,7.25734893398527e-40,3.22067333267164,0.0246180584313784,5.92264564346832,1.38223631901793e-66,-3.37006960381008,0.00128872836943724,-1.17822852631662,6.92833364036689e-08
"ENSMUSG00000013707","Tnfaip8l2",-0.382986135436202,1,-0.37705812470283,1,-1.16748081209185,0.0168508721463442,-0.71975614998623,0.321996987938145,0.784494676655647,0.000313082706268922,0.3426980252834,0.000379860712076254
"ENSMUSG00000013846","St3gal1",-0.0373681465010979,1,0.472717810872473,1,0.916602489442238,0.0411559614939446,0.884252129431753,0.000533279679607507,-0.953970635943336,8.79356311911434e-15,-0.411534318559281,1.90989263979839e-06
"ENSMUSG00000014361","Mertk",-0.541103826849686,1,-0.641320147660021,1,-1.0384122330035,0.289373699061395,-0.981968465546273,0.00234238013654288,0.497308406153816,0.118113093974707,0.340648317886252,0.0176122862503817
"ENSMUSG00000014496","Ankrd28",-0.233582720625567,1,-0.748528895781426,0.108997705061585,-0.732745988406075,1,-0.989827466906262,5.22350203444224e-09,0.499163267780508,0.00454344998047268,0.241298571124836,0.00288693293117214
"ENSMUSG00000014547","Wdfy2",0.526589110031042,1,0.835755824448406,1.81601914007404e-06,1.3707898340816,9.97250170812549e-09,0.944283861862564,2.24235166637365e-13,-0.844200724050554,5.91626820463202e-10,-0.108528037414158,0.0871953988996604
"ENSMUSG00000014551","Mrps25",0.49498957888771,1,0.637185402220315,1,0.898039354950702,0.140037966665856,0.842234882462137,0.041470601458068,-0.403049776062992,0.0161594444893603,-0.205049480241823,0.119826236718625
"ENSMUSG00000014599","Csf1",0.416906494847484,1,1.9219873824893,1.33111312134138e-14,1.19654669583257,0.0878950982804087,2.87651104148407,3.36568142004785e-43,-0.779640200985082,0.00926818875691235,-0.954523658994762,1.31851428601223e-07
"ENSMUSG00000014602","Kif1a",0.221725884301816,1,1.71755819693729,0.000209536505035571,1.87321433308509,0.138586283103639,2.54625736456791,2.2061694708135e-13,-1.65148844878327,0.0169954451815432,-0.828699167630617,0.00266115686936523
"ENSMUSG00000014846","Tppp3",0.549024255502413,1,1.69860393035192,0.000265127248438889,3.03620098000733,3.10879066331401e-05,1.59482635499765,0.000767966568828007,-2.48717672450491,8.16331410161443e-06,0.103777575354263,0.800847665499421
"ENSMUSG00000015112","Slc25a13",0.499298242424971,1,1.07791356629495,1.26927272079557e-05,1.14394491645074,0.000538725580326559,1.55410981976874,1.93063951632773e-21,-0.64464667402577,3.14187391757034e-05,-0.47619625347379,2.87462863709686e-05
"ENSMUSG00000015143","Actn1",0.51369304553002,1,0.899302550364195,0.0343680748428934,1.26982579711746,0.0019075689383756,1.24466779320525,5.74622437706657e-09,-0.756132751587441,0.000367248761300347,-0.345365242841056,0.0102790372583876
"ENSMUSG00000015176","Nolc1",0.421727791749324,1,0.437276187190282,1,1.22730595052853,0.0105798735717957,0.741841853916511,0.405589450795957,-0.805578158779201,0.00044014184240571,-0.304565666726229,0.0200841100165968
"ENSMUSG00000015222","Map2",3.56488859759361,0.155680725755257,5.9633178378561,7.51133293600833e-20,6.15054139199888,1.03175551560738e-08,6.86459477433318,1.90675240589902e-27,-2.58565279440527,0.0218651550760521,-0.901276936477077,0.139534003780795
"ENSMUSG00000015243","Abca1",-0.742248144419484,1,-1.21053884480492,0.12819174768775,-1.36631509284332,1.37570324139333e-07,-2.14204422711564,8.05260454601393e-09,0.624066948423835,5.9500570980436e-05,0.931505382310722,0.00285779684455084
"ENSMUSG00000015305","Sash1",-0.4621986625924,1,-0.930485052358702,0.0151691637447483,-1.45446716130265,0.000872854361811346,-1.62923689791155,3.81837102267206e-21,0.992268498710249,7.61947364295202e-05,0.698751845552849,5.49335331560299e-09
"ENSMUSG00000015312","Gadd45b",0.147495363952759,1,0.876962604167474,0.0859990831711963,0.538269887234427,1,1.41758913643883,4.66453546711362e-13,-0.390774523281668,0.111624794667495,-0.540626532271351,7.42519260895691e-06
"ENSMUSG00000015316","Slamf1",0.0977494269453217,1,1.1438990413931,1,3.9854859567143,3.0186056106517e-08,4.29754465116493,1.11400247514784e-13,-3.88773652976897,1.08890730208822e-10,-3.15364560977183,6.47356212301703e-12
"ENSMUSG00000015340","Cybb",-0.479839322416085,1,-0.266776755621114,1,-1.26433197572643,2.93995084801712e-08,-0.825615067773962,0.0201532809594595,0.784492653310344,8.27878957072249e-11,0.558838312152847,1.42895443500912e-09
"ENSMUSG00000015468","Notch4",-0.334965394987843,1,-1.14761092321465,0.5336302290503,-1.04235035730661,1,-1.49334533735279,0.0273376168522143,0.707384962318771,0.565109192886841,0.345734414138146,0.517619823951586
"ENSMUSG00000015619","Gata3",1.60985774854331,1,2.05591593973356,0.202055122104312,3.32743535969855,0.000898968110486759,2.15497363163099,0.0698722004307565,-1.71757761115524,0.0251525417708283,-0.0990576918974257,NA
"ENSMUSG00000015665","Awat1",1.60473007019754,1,5.75964234063652,3.19371632029512e-10,4.85212238656744,0.0266864578662563,7.0871953454163,1.60992496628202e-16,-3.2473923163699,0.0799911024720239,-1.32755300477978,1.51669488077829e-06
"ENSMUSG00000015709","Arnt2",0.312926372663653,1,3.01848316247776,0.000126528036650304,1.27805049118976,0.906036260853283,3.68569494124638,8.84053272166859e-08,-0.965124118526107,0.261900830389378,-0.667211778768619,0.24364779065939
"ENSMUSG00000015749","Anp32e",0.25253002127293,1,0.500432142852138,1,0.34482136069127,1,0.906658736026093,0.0136911506700858,-0.0922913394183393,0.776690340990476,-0.406226593173956,0.00173715974008588
"ENSMUSG00000015806","Qdpr",0.317172008332146,1,0.48595804133384,1,0.613418393184692,1,0.75321920817886,0.0357191248885549,-0.296246384852546,0.0391000835525634,-0.26726116684502,0.000264040332585385
"ENSMUSG00000015850","Adamtsl4",0.176307812316899,1,-0.917057939341736,0.582198177912004,-0.623812360926889,1,-1.36235849734559,0.000606943054874784,0.800120173243788,0.0854906226614178,0.44530055800385,0.109252024451138
"ENSMUSG00000015854","Cd5l",-0.788351826972906,1,-0.881763045552681,0.157366317150461,-1.68379120581949,3.12105935592446e-05,-1.19743578500979,7.46029797970385e-06,0.895439378846586,0.00122130367181571,0.315672739457105,0.0585992220450135
"ENSMUSG00000015880","Ncapg",0.252648983698458,1,0.943071443892039,0.556637248132998,0.100435369769591,1,1.3017103757951,0.0028571643442541,0.152213613928867,0.692914467754143,-0.358638931903062,0.214728289735934
"ENSMUSG00000015947","Fcgr1",-0.458849891174485,1,-1.22752926089092,1.02904351929773e-12,-1.79263226068517,3.25646554393506e-12,-2.04780498494358,5.87044417084541e-64,1.33378236951068,1.39378492964217e-14,0.820275724052664,4.96944751806871e-19
"ENSMUSG00000016028","Celsr1",0.283646717138107,1,3.67118579052703,0.0827428106341265,2.73133097216335,0.245845375002119,5.334923902113,0.000230609335308912,-2.44768425502524,NA,-1.66373811158597,NA
"ENSMUSG00000016128","Stard13",-0.314803819738141,1,1.25647015309775,0.102171015890178,0.987765224148925,1,2.19551880624555,2.94110536284681e-09,-1.30256904388707,0.0372299180752524,-0.939048653147806,0.000502789711775078
"ENSMUSG00000016256","Ctsz",0.260614719120622,1,0.795895133996907,0.000138081572486519,0.767482798812794,0.637052100725892,1.06492084598071,6.29134548045425e-23,-0.506868079692172,0.000351785912152899,-0.269025711983805,5.36202500948384e-07
"ENSMUSG00000016283","H2-M2",0.558189040849365,1,1.66613041106596,0.0148560489480285,-0.393810768954546,1,1.95919744905859,0.00026904860494043,0.951999809803911,0.412705185600834,-0.293067037992625,0.52810281626259
"ENSMUSG00000016319","Slc25a5",0.288619036771789,1,0.469661331171524,1,0.830637267479896,0.387252367043429,0.818797271905516,1.44113041133612e-05,-0.542018230708107,0.00058813478345269,-0.349135940733992,6.65967703934163e-11
"ENSMUSG00000016349","Eef1a2",0.660217244550927,1,2.96149294430109,6.33681835935327e-13,3.8213579751222,7.34560755502402e-23,4.33981812948735,4.46991695046159e-33,-3.16114073057128,7.82940779057278e-23,-1.37832518518627,2.57184037673428e-06
"ENSMUSG00000016494","Cd34",0.592001154022683,1,1.2377633403766,0.00843148297795085,-0.732907586052619,1,0.652184151752984,1,1.3249087400753,3.82944317377651e-06,0.585579188623615,0.015054582714809
"ENSMUSG00000016496","Cd274",0.277974022195484,1,1.1729109906882,1.70619153061012e-09,1.23325728670441,0.000178760404397945,1.31896328048896,4.96799301996585e-15,-0.955283264508922,2.52439358370271e-09,-0.146052289800758,0.256202487152984
"ENSMUSG00000016498","Pdcd1lg2",2.37070763149588,1,6.96119506252619,1.62178269236895e-69,8.83224840478542,0.000146516464465597,8.22068621655487,2.25262667653764e-100,-6.46154077328954,0.00211652924816872,-1.25949115402868,4.96944751806871e-19
"ENSMUSG00000016756","Cmah",-0.864026924294107,1,-2.11828466993241,3.71993817982463e-10,-2.92664504614331,7.1993411691493e-22,-3.48922777175726,1.8364852014979e-29,2.0626181218492,2.46364607076729e-16,1.37094310182485,4.95755670486767e-06
"ENSMUSG00000017009","Sdc4",0.541096608842272,1,0.976170679913835,0.000435706659920207,1.4190970092002,1.42481292010141e-06,1.29566273915169,3.42320407223409e-13,-0.878000400357925,3.3845977614843e-07,-0.319492059237851,0.00611460350333827
"ENSMUSG00000017057","Il13ra1",-0.631345556138853,1,-1.18034213223849,0.000161849732246179,-1.26475596655528,0.00854443799029926,-1.76914597332522,1.16896220469614e-16,0.633410410416432,0.0142027811838865,0.588803841086734,0.000442117498004829
"ENSMUSG00000017144","Rnd3",-0.340199892464451,1,-0.920116206815133,0.398052543332093,-0.901553399521091,0.279116755079462,-1.10062333605654,0.0186033462046255,0.561353507056641,0.00388192665555643,0.180507129241408,0.535311692892098
"ENSMUSG00000017309","Cd300lg",0.57503551961453,1,2.57323313953831,1.64027035273304e-13,0.718270392959038,1,2.42506028187951,7.60332600561427e-12,-0.143234873344509,0.8786435783523,0.148172857658803,0.697532112329091
"ENSMUSG00000017390","Aldoc",-0.430227959548407,1,-0.304864532518324,1,-1.60546229385306,4.30490743808095e-09,-0.541338108494263,1,1.17523433430466,1.09522807628208e-11,0.23647357597594,0.146120706017687
"ENSMUSG00000017400","Stac2",0.0115079606796559,1,1.63187865689939,8.39775721102151e-25,0.707826080588252,1,2.00194377978413,7.69280390443946e-46,-0.696318119908596,3.00277908343586e-06,-0.370065122884741,0.00141152483390406
"ENSMUSG00000017466","Timp2",0.0607036708645043,1,0.737857249257676,0.256649783283345,0.332763334687844,1,0.881408434491236,0.00019514459377734,-0.272059663823339,0.339010047232834,-0.14355118523356,0.144568247138369
"ENSMUSG00000017491","Rarb",1.1137261128315,1,5.16428771627057,0.00873515323803919,4.1134919487706,0.0680717461478638,6.60284972826717,4.4877749756565e-05,-2.9997658359391,NA,-1.4385620119966,NA
"ENSMUSG00000017493","Igfbp4",-0.548716241452578,1,-1.77217161886084,4.14339521577499e-39,-2.02360639221859,0.00100923483617169,-2.92533990877333,2.55193005371839e-148,1.47489015076601,0.000615796323030733,1.15316828991249,1.72344357507238e-34
"ENSMUSG00000017639","Rab11fip4",-0.457330605334463,1,2.31070918929211,8.15681845106957e-17,0.846549743659922,1,2.99750879890626,1.52595427995015e-33,-1.30388034899438,0.00321031722632295,-0.68679960961415,0.00114318037047476
"ENSMUSG00000017652","Cd40",0.165448995848841,1,1.45632236257277,0.0017662476355706,1.6304035899978,0.000829625183020188,1.93850708519458,2.04014091351283e-08,-1.46495459414896,3.68635090752082e-07,-0.482184722621819,0.0923435430412661
"ENSMUSG00000017667","Zfp334",0.880519118824074,1,1.48432199908511,0.0466558614094665,2.2401040909489,2.23248899214325e-05,2.95740774622945,1.23135735551187e-13,-1.35958497212483,0.000486341460678855,-1.47308574714434,2.56840343201827e-06
"ENSMUSG00000017670","Elmo2",0.309861027071979,1,1.07032017724207,8.25575878616574e-07,1.4592193315151,3.06466424192061e-06,1.55237794037615,9.37832253903083e-27,-1.14935830444312,1.70070135666216e-10,-0.482057763134079,1.45290581960533e-06
"ENSMUSG00000017707","Serinc3",-0.444120185269769,1,-1.0034296917523,9.27068779237571e-05,-1.04440576030754,0.0557411792722593,-1.53170901522429,1.46235202311577e-23,0.600285575037776,0.00342940888098916,0.528279323471995,4.36340909587638e-07
"ENSMUSG00000017734","Dbndd2",-0.776147291966241,1,-0.852707354267206,1,-1.90207559572378,0.0485583237373294,-1.90258507464865,0.000472673494619992,1.12592830375754,0.0898063426507177,1.04987772038145,0.0147508283614678
"ENSMUSG00000017737","Mmp9",0.279649679219736,1,1.21201063654696,1,2.4025971122,0.0893929684007412,2.59394858671425,0.00223914331247303,-2.12294743298027,0.0202356660730677,-1.38193795016728,0.0662934492988363
"ENSMUSG00000017754","Pltp",-0.373128396357749,1,-0.610575842732619,1,-0.693594221243055,1,-0.946271018110561,0.00015808527455145,0.320465824885305,0.395917372446934,0.335695175377942,0.00117724806538117
"ENSMUSG00000017765","Slc12a4",0.184723720719986,1,0.621314478659614,1,0.804453780653399,1,1.00383424831921,1.13742362986422e-06,-0.619730059933413,0.0125561888853601,-0.382519769659594,2.8335274017403e-05
"ENSMUSG00000017861","Mybl2",0.550150694736265,1,0.952030969065734,1,0.762037824414775,1,1.62259358742354,0.00219859395472322,-0.211887129678511,0.742695698742769,-0.670562618357803,0.0832216342763406
"ENSMUSG00000017929","B4galt5",0.279582412867824,1,0.937531725651107,2.28326003323221e-05,1.1287067183674,8.90695414248367e-06,1.33664308014827,6.90869817218087e-24,-0.849124305499573,1.47040288190722e-13,-0.399111354497159,1.27473409697439e-06
"ENSMUSG00000018012","Rac3",0.082657596794022,1,-0.993952306333138,0.136751037617899,-1.38857796163483,0.247873644305107,-1.26357245875291,0.000569934844659918,1.47123555842885,0.00151720856267662,0.269620152419768,0.303418974968386
"ENSMUSG00000018042","Cyb5r3",0.25732979467587,1,0.420634813969283,1,0.422939902661064,1,0.778841036272575,0.0466950391790938,-0.165610107985194,0.493368613992443,-0.358206222303292,4.25635894093256e-05
"ENSMUSG00000018171","Vmp1",0.160575758582945,1,0.535137003763193,1,0.604691792760982,1,0.770249093220066,0.00375431781121622,-0.444116034178037,0.000476878051778524,-0.235112089456873,0.000226289221910955
"ENSMUSG00000018217","Pmp22",-0.144889736354518,1,-0.581565729984781,1,-0.886775965978887,0.0109221649157316,-0.904567333582532,8.1793874470071e-07,0.741886229624368,2.17824704394014e-14,0.323001603597751,2.49026998129931e-06
"ENSMUSG00000018286","Psmb6",0.336773969689902,1,0.611989534592763,1,0.679587309581651,1,0.95803299389877,1.53869607646581e-05,-0.342813339891749,0.0155484466367442,-0.346043459306007,0.000177057344769039
"ENSMUSG00000018339","Gpx3",-0.451365396944482,1,-0.793149412198438,0.326055506768136,-1.1433298724099,0.04095311625139,-1.2067381233892,1.09478965687234e-08,0.691964475465422,0.0040097145251715,0.413588711190765,0.00079832871904597
"ENSMUSG00000018395","Kif3a",-0.556586332754952,1,-0.615584803025018,1,-1.494341357169,0.00265420178012956,-1.09464697461359,9.97629365775574e-05,0.937755024414048,0.00150978371007875,0.479062171588576,0.000700738210609606
"ENSMUSG00000018459","Slc13a3",0.572004163017578,1,1.08860232250763,0.72777405858784,2.07866633061075,0.000303781794729486,2.44976092629958,3.3927394734062e-08,-1.50666216759317,0.000143880814108246,-1.36115860379195,0.0001741755428059
"ENSMUSG00000018474","Chd3",-0.418849025822291,1,-0.588914432645534,1,-0.548832433021411,1,-0.854657041471964,0.0246310195664565,0.12998340719912,0.557793864897051,0.26574260882643,0.0340471749281476
"ENSMUSG00000018500","Adora2b",1.28103058833632,1,1.42191493563958,5.02515902541612e-11,2.81789612559292,1.59099597893966e-11,1.91488597858582,3.02609180183758e-28,-1.5368655372566,4.34443413023347e-06,-0.492971042946244,0.000155176457620495
"ENSMUSG00000018537","Pcgf2",-0.437552058452295,1,-0.674014141644073,1,-1.15014731463571,0.185580507295197,-0.958646018271258,0.00437907053416798,0.712595256183418,0.0335063426910341,0.284631876627185,0.0596750954074023
"ENSMUSG00000018554","Ybx2",2.93823501685343,1,3.03399871397342,0.449799471429412,1.58560118961636,1,4.37351230852467,0.0145804347533779,1.35263382723707,NA,-1.33951359455126,NA
"ENSMUSG00000018770","Atp5g3",0.348315647392274,1,0.604660805490284,1,0.75495644035087,0.90867030836178,0.975947722459557,5.9740794469364e-12,-0.406640792958596,0.0237127280260573,-0.371286916969273,2.95745353739707e-10
"ENSMUSG00000018800","Abca5",-0.525356442497497,1,-1.06410988607648,0.0342959444805085,-1.35137894994519,0.0762150386568324,-1.70520087995019,9.21393979831176e-10,0.826022507447689,0.0316782590870261,0.641090993873709,0.00378663781379757
"ENSMUSG00000018819","Lsp1",-0.404765764016373,1,0.110632555973643,1,-1.26708599448031,0.000289463117547529,-0.171453162740151,1,0.862320230463941,1.39516097691972e-06,0.282085718713794,0.000194299492576801
"ENSMUSG00000018848","Rars",0.541420089453121,1,0.808891978527588,0.396702554238497,1.47343739285138,4.96303913433968e-07,1.24101924304261,1.1024905297744e-07,-0.932017303398257,1.16849699671504e-07,-0.432127264515019,0.00209402184531208
"ENSMUSG00000018849","Wwc1",1.44450755730653,1,3.92371702183227,1.55830854419285e-17,4.45471457896033,1.01277261753075e-18,5.05360197979446,2.89433645513422e-32,-3.01020702165379,2.0271850258388e-13,-1.12988495796219,1.55737670368653e-05
"ENSMUSG00000018920","Cxcl16",-0.671045679473815,1,-0.612569151657347,1,-1.96241319298755,2.25053302537795e-11,-1.04581443087166,0.00208297735624191,1.29136751351374,7.78111048503609e-10,0.43324527921431,0.00743867426081377
"ENSMUSG00000018927","Ccl6",0.115666831973652,1,0.719829942479956,0.641294237702364,0.749664588201327,1,1.0712441469928,2.20780477342552e-08,-0.633997756227675,0.0270857450328586,-0.351414204512844,0.000285618957168582
"ENSMUSG00000018983","E2f2",0.303620782585507,1,0.886706166725381,0.00956544837803406,-0.0372017492945423,1,0.951268232441036,0.000328924449589827,0.340822531880049,0.159224425733415,-0.0645620657156551,0.658142259973989
"ENSMUSG00000019122","Ccl9",0.416680126837028,1,1.16909350554209,1.24013910632069e-07,1.29247278614193,0.00216710174648327,1.51634675513049,2.21988367918524e-19,-0.875792659304904,5.18751837847561e-05,-0.347253249588396,0.00547328292346978
"ENSMUSG00000019139","Isyna1",0.369095081961242,1,0.523054521478126,1,0.635681750813696,1,0.823356387730722,0.00193292043501263,-0.266586668852454,0.300326320834146,-0.300301866252596,9.53472644522647e-05
"ENSMUSG00000019179","Mdh2",0.302759130969532,1,0.505638246103036,1,0.801330887535077,0.813784806865927,0.897420729331351,6.904872824355e-05,-0.498571756565545,0.0166522715126543,-0.391782483228315,9.24399265430522e-07
"ENSMUSG00000019302","Atp6v0a1",0.347860123872773,1,0.794642930336664,0.106603580462201,1.20477967297534,4.71436017455876e-05,1.0745317146546,2.86057001372409e-08,-0.856919549102564,2.52439358370271e-09,-0.279888784317934,0.00673931689639872
"ENSMUSG00000019528","Gyg",-0.402335832236245,1,-0.512830655320452,1,-1.05215837953052,0.134114957312802,-0.879818052769646,7.69527616053596e-06,0.649822547294273,0.00811147403395691,0.366987397449194,5.97240193082217e-08
"ENSMUSG00000019577","Pdk4",-0.620374045756921,1,-0.787508846568252,1,-0.562077058778253,1,-2.94163524160902,0.00519974281731886,-0.0582969869786687,0.989025303696468,2.15412639504077,NA
"ENSMUSG00000019838","Slc16a10",-0.187018755177928,1,-0.690482097906492,1,-0.944959447496562,0.0773540053509239,-1.08783038422379,1.6821834312082e-08,0.757940692318633,8.4308981446786e-07,0.3973482863173,4.98182301182278e-05
"ENSMUSG00000019843","Fyn",1.00021595276802,0.00467892089320177,1.6184301435063,3.20589016678394e-47,1.67075926791238,2.38794195507226e-28,1.950046198156,8.57894055215893e-83,-0.670543315144365,5.69222187137869e-11,-0.331616054649706,3.55846559281034e-05
"ENSMUSG00000019853","Hebp2",0.480401324349108,1,2.36373966564529,6.80567262070458e-25,2.89898741099818,2.38142020603193e-20,3.38146565806012,1.11265622067729e-63,-2.41858608664908,4.60355015506565e-23,-1.01772599241483,4.44503688214087e-12
"ENSMUSG00000019872","Smpdl3a",-0.168514747595751,1,-0.509458773967924,1,-1.18476274588723,0.0501668129456036,-1.11521210467431,0.0418543490577257,1.01624799829147,4.05159604604803e-05,0.605753330706382,0.0200713000596402
"ENSMUSG00000019944","Rhobtb1",-0.877072771660489,1,-1.60235646277026,1.16096866842147e-26,-2.34254402259364,8.29961842379649e-13,-2.38630448471309,4.31102409970437e-78,1.46547125093315,8.5373608689794e-09,0.783948021942835,1.2333065624275e-13
"ENSMUSG00000019970","Sgk1",0.329846599690526,1,0.761705913443656,0.636253035636618,1.12211056325038,0.00845709913762628,1.01183925225105,0.000397908686996232,-0.792263963559857,1.13898925674024e-05,-0.250133338807398,0.080241858015514
"ENSMUSG00000019987","Arg1",5.94501335748799,5.00911895398421e-12,9.12648278914037,1.70736668432174e-117,11.2017800468323,3.13403121957806e-53,10.7595403044837,2.86529103619823e-167,-5.25676668934431,3.59914480674943e-14,-1.63305751534333,2.8335274017403e-05
"ENSMUSG00000019989","Enpp3",0.481778886273413,1,6.40001468238332,0.000120396283043441,1.95127256606447,0.606181166156315,6.5035566912817,3.91353518449606e-05,-1.46949367979106,NA,-0.103542008898387,NA
"ENSMUSG00000019992","Mtfr2",0.174452330971985,1,0.963440659859939,0.643198916732887,0.180101382956958,1,1.30106409196848,0.00929033201641881,-0.00564905198497268,0.992287416069198,-0.337623432108541,0.298729409321953
"ENSMUSG00000020019","Ntn4",0.0971948294711473,1,2.91085673467604,4.79968448784829e-07,0.102198597333724,1,2.99192825897217,7.51661086030423e-08,-0.00500376786257623,0.997972061720979,-0.0810715242961247,0.895306082259045
"ENSMUSG00000020021","Fgd6",0.152771061887383,1,0.619650569501958,1,1.04246294495425,0.000842024340986285,0.804016568093745,0.00262492362253164,-0.889691883066864,2.0271850258388e-13,-0.184365998591787,0.0200993682897011
"ENSMUSG00000020027","Socs2",0.265712116975594,1,2.32561843007737,1.28287066445343e-19,3.35897117090137,2.49518697279279e-06,3.626397696867,4.43128748120529e-61,-3.09325905392577,9.36935893205114e-08,-1.30077926678963,1.5354683081284e-12
"ENSMUSG00000020032","Nuak1",-0.605185437044497,1,-1.10704370645119,0.367800537977564,-1.73551997088603,0.000873680563601172,-1.75564207660308,7.0677093174584e-05,1.13033453384154,0.0010997490224482,0.648598370151891,0.0688127339995563
"ENSMUSG00000020048","Hsp90b1",0.301989485742937,1,0.479608919310764,1,0.745053839235975,0.986074575444407,0.787879186707651,0.0014695010380334,-0.443064353493038,0.0128798624106654,-0.308270267396887,8.92464844883394e-07
"ENSMUSG00000020053","Igf1",0.59392852435639,1,1.09718142478807,1.07710991905004e-16,0.707204080920635,0.561975775513682,1.08024906136883,5.19959770756756e-16,-0.113275556564245,0.356008575992849,0.0169323634192427,0.881614207425249
"ENSMUSG00000020061","Mybpc1",-0.0353423713174899,1,5.74536622953266,0.0101788039287224,2.62840933966421,0.488218974102914,4.28625217057031,0.0931386417165908,-2.6637517109817,NA,1.45911405896235,NA
"ENSMUSG00000020077","Srgn",0.558954016402915,1,0.638115114567038,1,1.60744881194538,2.24130482435018e-05,1.10698378873809,6.3703529294874e-06,-1.04849479554246,1.23516666993442e-05,-0.468868674171051,0.0001741755428059
"ENSMUSG00000020085","Aifm2",0.186527977658544,1,0.66819986372218,1,0.663078844807441,1,0.830212899125062,0.0201558894076857,-0.476550867148897,0.0139605792482003,-0.162013035402883,0.166624258525133
"ENSMUSG00000020089","Ppa1",0.530954385784836,1,0.778213432173016,1,1.26963750595315,0.0583584096703552,1.34768862407168,0.000767544997647439,-0.738683120168316,0.0217181128448586,-0.569475191898662,0.0235993062418434
"ENSMUSG00000020101","Vsir",-0.435440377818253,1,-0.473416382044155,1,-1.17682533948085,0.000680515036494578,-0.927567934123469,0.00864847313826448,0.741384961662595,6.72497814435879e-06,0.454151552079314,0.000461562328798477
"ENSMUSG00000020102","Slc16a7",-0.31538234336726,1,-0.623132259363055,1,-0.74701970348332,1,-1.13294604121656,1.46057062430827e-06,0.43163736011606,0.0421967081182773,0.509813781853503,3.01250515984801e-05
"ENSMUSG00000020120","Plek",0.275666913374382,1,0.80414718843764,0.288918323037299,0.891392067890714,0.159704670686899,1.21018658953271,1.99110062187798e-08,-0.615725154516332,6.22101397178241e-05,-0.406039401095072,0.00136103050064445
"ENSMUSG00000020134","Peli1",-0.152192585374777,1,-0.554470632873787,1,-0.552039397233425,1,-0.847117327356135,0.0186016009124609,0.399846811858648,0.00936578717360513,0.292646694482349,0.0106621526061928
"ENSMUSG00000020143","Dock2",0.0138854111651163,1,0.651621515621618,0.776610238840852,0.503594965922132,1,0.810006508424548,2.0942361661396e-06,-0.489709554757015,4.08729224143873e-05,-0.15838499280293,0.0030928830336522
"ENSMUSG00000020216","Jsrp1",1.85858313087287,1,3.42486204000251,0.000150803240974959,4.81593758558531,0.000364387214615391,4.27520614720175,6.22531976360656e-08,-2.95735445471244,NA,-0.850344107199239,0.194176981861258
"ENSMUSG00000020263","Appl2",-0.287483425355082,1,-0.535960240172143,1,-0.804158012519357,0.663295874208199,-0.809798947359723,0.0196174623738681,0.516674587164275,0.00454344998047268,0.273838707187579,0.00462390657451458
"ENSMUSG00000020264","Slc36a2",0.678593232326105,1,0.374338104323215,1,1.40587992737266,1,1.66868840050225,0.029228286448107,-0.727286695046557,NA,-1.29435029617903,0.00652132342184141
"ENSMUSG00000020312","Shc2",0.696357647432566,1,0.937437570752714,1,0.205325168530021,1,1.43731206482291,0.0223615874877293,0.491032478902545,0.557050796956977,-0.499874494070198,0.21430816957846
"ENSMUSG00000020315","Sptbn1",-0.00206712575738257,1,0.689525708102486,0.450529219165776,0.56058046272561,1,0.797804900788803,0.000922960735630132,-0.562647588482993,0.000599497174825454,-0.108279192686317,0.16521532054808
"ENSMUSG00000020346","Mgat1",0.255522085344543,1,0.665779936062629,1,0.734884484823728,0.908801076984108,0.782735816011786,0.00820805427895731,-0.479362399479185,0.00115414045377062,-0.116955879949157,0.179735845028342
"ENSMUSG00000020387","Jade2",-0.135227141125906,1,-0.470566551050975,1,-0.835958518549458,0.898708941123207,-0.860284054695654,0.0119741680146892,0.700731377423552,0.00526747972333216,0.389717503644679,0.00028272194669269
"ENSMUSG00000020396","Nefh",0.120250807166064,1,5.91556115050541,0.0141489639470886,1.58980827996717,0.978969436301273,5.44129951848511,0.0179541739858598,-1.4695574728011,NA,0.474261632020302,NA
"ENSMUSG00000020407","Upp1",1.59527502825258,1,3.26700194615128,0.0173987740178704,3.42095920754274,0.00020556686310569,4.78956014045927,3.62927596577455e-06,-1.82568417929017,0.00992868866640623,-1.52255819430799,0.0610578113852893
"ENSMUSG00000020427","Igfbp3",2.08636461380664,1,4.08636379054822,0.196362378804753,3.67249019740676,0.207835420644189,5.84372121716652,0.00204500930265424,-1.58612558360012,NA,-1.7573574266183,NA
"ENSMUSG00000020473","Aebp1",-0.565039107510979,1,-1.65007346355833,1.4858826213757e-07,-0.860543717052391,1,-1.40397046160932,5.78642154886818e-05,0.295504609541412,0.885248556059249,-0.246103001949007,0.411494948505347
"ENSMUSG00000020571","Pdia6",0.48503350780245,1,0.631322038234743,1,0.922454327180053,0.209433976661158,1.05150233690607,3.0728172455785e-11,-0.437420819377603,0.0309136093610994,-0.420180298671322,1.59762828646811e-08
"ENSMUSG00000020573","Pik3cg",-0.19465642174454,1,-0.687703198837076,1,-0.808799578863027,0.488218974102914,-1.06002301078256,4.58522674431249e-08,0.614143157118487,4.94500561738649e-05,0.37231981194548,0.000106680250403225
"ENSMUSG00000020577","Tspan13",-0.335642538103123,1,-0.4082195491667,1,-1.5414408115202,1.75212903083639e-11,-0.65146311920916,0.842176583509809,1.20579827341708,9.97499386819484e-18,0.243243570042461,0.00505428881163896
"ENSMUSG00000020592","Sdc1",0.223427742839168,1,1.84776774453855,1.50904271752359e-19,0.251764924104308,1,1.50587518117504,7.38855108001141e-11,-0.0283371812651407,0.969104205265304,0.341892563363512,0.0540761277282749
"ENSMUSG00000020638","Cmpk2",-0.561720839071529,1,-1.11250906863417,0.0734550461386518,-1.20325719649978,0.0263864384890927,-1.74849251960471,5.64116250703817e-08,0.641536357428249,0.0149601369030084,0.635983450970544,0.0135521121467698
"ENSMUSG00000020641","Rsad2",-0.838451823329631,1,-1.31221725927563,8.52675399726133e-05,-1.93561979459676,6.10392522549959e-09,-1.84778905588969,5.17953373767156e-14,1.09716797126713,6.39013465279279e-06,0.535571796614054,0.0088784663081929
"ENSMUSG00000020642","Rnf144a",-1.05554235021579,1,-1.60555081653863,0.252677958160593,-1.98081296291657,0.0677083112477556,-1.9320666027628,0.0295176703885176,0.925270612700777,0.264020432351697,0.326515786224172,0.713349593098752
"ENSMUSG00000020644","Id2",0.553705775715618,1,1.07884305550177,4.24328201183681e-11,0.790435125866266,0.67602326092329,1.52137692772878,6.11027492603085e-40,-0.236729350150648,0.271287893330044,-0.442533872227006,7.39181343818395e-09
"ENSMUSG00000020646","Mboat2",0.29980384746777,1,5.2629815289751,1.14812817548349e-09,4.96731589827653,4.13960263267483e-10,7.08858508359322,4.92457392669073e-19,-4.66751205080876,1.1409543310046e-11,-1.82560355461813,8.60435097867904e-05
"ENSMUSG00000020649","Rrm2",0.372715244487711,1,0.951229920676868,1,0.6404331054909,1,1.67251523850765,0.0295176703885176,-0.267717861003189,0.578612712994633,-0.721285317830784,0.19701494012599
"ENSMUSG00000020653","Klf11",-0.232182189604587,1,-0.869797483859169,0.144837731373402,-0.700825842243609,1,-1.27287952562455,1.47135712435548e-07,0.468643652639022,0.100872338199031,0.403082041765384,0.010717463019169
"ENSMUSG00000020661","Dnmt3a",0.4636590499693,1,1.05315673374538,1.91138899675507e-14,1.3089725622941,6.12118930952266e-05,1.4076466450163,1.15056136892612e-44,-0.8453135123248,1.39516097691972e-06,-0.354489911270926,4.38444751402556e-08
"ENSMUSG00000020689","Itgb3",1.22631114091208,5.48962910996397e-08,3.46579627523046,3.35825705278449e-34,3.21248327007346,2.07939259047647e-156,4.25134161750622,1.07181943616977e-55,-1.98617212916138,1.62812126641609e-92,-0.785545342275756,0.00588987996040662
"ENSMUSG00000020696","Rffl",-0.207119072156678,1,-0.476789098718683,1,-0.961103765175842,0.715146781856497,-0.974438202074346,0.00381174501140931,0.753984693019164,0.0275975188263664,0.497649103355663,0.000288274727751389
"ENSMUSG00000020709","Adap2",-0.300510150089647,1,-0.600528723917399,1,-0.359892998053967,1,-0.806642349286809,0.0459679954186007,0.0593828479643192,0.875844554957992,0.20611362536941,0.0757499429102866
"ENSMUSG00000020717","Pecam1",1.16716706439232,1,1.33384106552579,6.82839749622482e-09,3.95675171027783,2.35659011372759e-28,2.31418805563721,2.16931885593121e-48,-2.7895846458855,4.06453359225772e-22,-0.980346990111416,2.53476345173433e-17
"ENSMUSG00000020741","Cluh",0.190437274444196,1,0.525974758616935,1,0.888444146513616,0.222014936290209,0.803639511931533,6.38497695556927e-05,-0.69800687206942,1.4675574917922e-05,-0.277664753314598,4.5621092508078e-07
"ENSMUSG00000020788","Atp2a3",-0.326939278479644,1,0.232958913516465,1,-1.4167549383875,5.23823006672717e-06,0.134481455480075,1,1.08981565990786,5.64663128987196e-10,0.0984774580363905,0.734188783461327
"ENSMUSG00000020826","Nos2",-2.63570421206659,1,3.23712034597864,0.248271797065797,0.752127386964824,1,5.85348032780769,5.15624118315705e-05,-3.38783159903141,NA,-2.61635998182905,NA
"ENSMUSG00000020841","Cpd",-0.0992110944806585,1,-0.625502977907617,1,-0.96255835173187,0.0248400048169658,-1.11226781912129,2.60087253838695e-20,0.863347257251212,1.27469427597921e-10,0.486764841213672,3.47104735722852e-16
"ENSMUSG00000020844","Nxn",0.250474513235598,1,2.36954914827405,0.000638463170418657,2.37279580215653,2.91755393849174e-08,3.54262737634957,1.18216794295883e-10,-2.12232128892093,1.3639074253428e-11,-1.17307822807551,0.0366708992955277
"ENSMUSG00000020865","Abcc3",-0.34387530637446,1,-1.09221927284347,5.58823697768258e-05,-1.46830985427888,2.59285147387513e-05,-1.77282814965034,2.71830208209652e-26,1.12443454790442,2.38815451445534e-08,0.68060887680687,2.9428198404573e-08
"ENSMUSG00000020868","Xylt2",-0.389243706791502,1,-0.885876480955968,0.000124870747573624,-1.34833237454991,7.99860185675977e-10,-1.35006091935794,2.88606969844089e-28,0.959088667758404,4.91972039316212e-15,0.464184438401967,7.77219708281657e-10
"ENSMUSG00000020889","Nr1d1",-0.226976844787233,1,-1.39154044143358,9.07114492930335e-06,-1.22994383677144,0.374801389212188,-1.74990545934725,1.1407700551556e-11,1.00296699198421,0.0252128252955185,0.358365017913673,0.120307432554003
"ENSMUSG00000021062","Rab15",1.05300211785811,1,1.39362251204701,1,2.10106555502972,0.00183942551244698,2.37055028618867,0.144248336648417,-1.04806343717161,0.0375176668131567,-0.976927774141664,NA
"ENSMUSG00000021090","Lrrc9",-1.08189713383087,1,-2.25339935041149,0.0755666668759252,-2.7437765509862,0.377631317727463,-2.40357005897561,0.0246289719383398,1.66187941715533,NA,0.150170708564122,NA
"ENSMUSG00000021125","Arg2",-0.698260662531711,1,1.59641423478931,0.0151691637447483,-1.20530864955332,1,0.931874173574296,0.749208340162026,0.507047987021612,0.71633826332794,0.664540061215011,0.0992305789349977
"ENSMUSG00000021133","Susd6",-0.346760251596439,1,-0.618312227458753,1,-0.768517017501847,0.901750441709592,-1.06061875390191,1.57181645445999e-06,0.421756765905408,0.0300596502842085,0.442306526443153,3.12253586785972e-05
"ENSMUSG00000021180","Rps6ka5",-0.209450289782901,1,-0.494861045186825,1,-0.924276964416308,0.23973414768263,-0.850831988514742,0.0264233170372891,0.714826674633407,0.000151555152644308,0.355970943327917,0.00275135012153374
"ENSMUSG00000021182","Ccdc88c",3.42309000117228,0.0275072396982576,5.33122827369307,5.07950037919857e-20,5.99841621641967,8.7825402384253e-13,6.12399184529507,9.1507049676001e-28,-2.57532621524739,1.91036875564958e-08,-0.792763571601994,0.00113166475482855
"ENSMUSG00000021186","Fbln5",-0.450823969781242,1,1.29454966945448,0.0224694708207447,0.374203814773939,1,2.61169200765575,5.219220133822e-19,-0.82502778455518,0.000697270947645353,-1.31714233820127,3.23125181400169e-10
"ENSMUSG00000021190","Lgmn",-0.275112277769877,1,-0.629210139629601,1,-0.536093436982288,1,-0.82082271279883,0.0356760067394022,0.26098115921241,0.367067750949686,0.191612573169229,0.113089748540118
"ENSMUSG00000021196","Pfkp",0.460669000698172,1,1.14847391940018,5.06945418762284e-16,1.17958506315735,0.0306255549143419,1.555681919737,9.49425246078781e-48,-0.718916062459181,0.00349334504203705,-0.407208000336824,2.22613198858335e-08
"ENSMUSG00000021273","Fdft1",0.390687052732962,1,0.782743935658814,0.728530511754763,0.421929255235389,1,1.04200691349856,0.00169272787685493,-0.0312422025024274,0.957602881644952,-0.259262977839742,0.126764141116243
"ENSMUSG00000021311","Mtr",-0.284192292414626,1,-0.65653007973108,1,-0.470066859661257,1,-1.05861035345439,1.0737147057925e-06,0.185874567246631,0.53930098208639,0.402080273723308,0.000156819873545535
"ENSMUSG00000021322","Aoah",-0.469979749842041,1,-0.842618446985541,0.147814299032729,-1.33126228174543,0.0192152121738809,-1.30626640156702,2.78044346193543e-10,0.861282531903388,0.00333752552275408,0.463647954581482,0.000371335919545085
"ENSMUSG00000021338","Carmil1",-0.505062583342083,1,-0.90269602083525,0.344460946123002,-1.40308397209417,0.00265402763107502,-1.39427470882509,7.33406184599081e-06,0.89802138875209,0.00072526757585102,0.491578687989837,0.0253070141765556
"ENSMUSG00000021356","Irf4",1.21405563874372,0.00578493184116367,4.05313228215779,1.94101053870945e-253,4.28484370053288,7.78637049205977e-151,4.81415012606777,0,-3.07078806178916,4.66571041636094e-116,-0.761017843909978,1.91052599029904e-17
"ENSMUSG00000021367","Edn1",2.62062180843645,1,10.149351176597,6.1099956439252e-13,8.12478312680368,6.48911709956286e-09,12.181067255077,2.53993220114995e-19,-5.50416131836723,1.39809468462661e-05,-2.03171607847997,1.0774397241837e-05
"ENSMUSG00000021384","Susd3",-0.224016520628906,1,-0.623059302163693,1,-1.53996037075025,0.000804597957655567,-1.23567008652425,1.69796112534332e-08,1.31594385012135,7.03006229682506e-07,0.612610784360555,7.05489900423626e-07
"ENSMUSG00000021403","Serpinb9b",2.35262728857823,0.00203523738774416,3.47626682484322,1.09250525455879e-13,4.38743037360995,2.25075531390875e-21,4.1007856381707,1.46925774160307e-20,-2.03480308503172,5.7972259214641e-07,-0.624518813327481,0.207123703382316
"ENSMUSG00000021411","Pxdc1",-0.311737362086719,1,-0.785150439754277,1,-0.41428810478822,1,-1.51348934299223,0.000255806260376471,0.102550742701501,0.92983038544602,0.728338903237955,0.0127747509669374
"ENSMUSG00000021451","Sema4d",-0.322475795999716,1,-0.0913817313293232,1,-1.02125069626497,0.010211334924548,-0.461290853306908,1,0.698774900265255,2.24076046256467e-06,0.369909121977585,0.00028603825355378
"ENSMUSG00000021460","Auh",0.242267025578821,1,0.877205243826745,0.000101245045426464,0.878035049170258,0.15634919500605,1.15810185267437,8.21823342354194e-18,-0.635768023591437,9.03050962694554e-06,-0.280896608847625,0.00012044460139608
"ENSMUSG00000021508","Cxcl14",0.0719168895438346,1,-0.647464768397674,1,-0.70141513022562,1,-1.151588554296,3.45802244657263e-06,0.773332019769455,4.25871140668847e-05,0.504123785898329,0.000176687824614142
"ENSMUSG00000021670","Hmgcr",0.423254582348283,1,0.593976086126394,1,0.73046249949039,1,0.879782207219396,0.00877385389291964,-0.307207917142108,0.300988690540179,-0.285806121093002,0.0161714069296401
"ENSMUSG00000021675","F2rl2",1.3229507529911,1,2.77892091940538,0.00104313307777349,3.05239189793084,0.00179023997887032,3.39124692782307,3.18159296643439e-06,-1.72944114493974,0.0403993602430362,-0.612326008417685,0.462652521969334
"ENSMUSG00000021701","Plk2",0.329712092320569,1,0.749110964132976,1,1.20510347469531,0.0501668129456036,1.28291458408731,0.00775539602911413,-0.875391382374742,0.00102575549965657,-0.533803619954333,0.0684453056825729
"ENSMUSG00000021710","Nln",0.143887239317459,1,0.604275311845535,1,0.45725159788388,1,0.772651666168555,0.0309228255000988,-0.313364358566421,0.0241261642224861,-0.16837635432302,0.0628445537803891
"ENSMUSG00000021725","Parp8",-0.626680123203928,1,-0.487530133754586,1,-1.36314653390578,3.04785949552704e-08,-0.916300131314552,0.000881744968762643,0.736466410701857,3.3845977614843e-07,0.428769997559966,2.43784429019513e-05
"ENSMUSG00000021728","Emb",-0.453966517061034,1,-0.52785379257099,1,-1.39686012947808,9.41291406630806e-05,-1.18829053531928,1.30849962454824e-11,0.942893612417051,2.86375626378787e-06,0.660436742748294,7.9609901684231e-13
"ENSMUSG00000021756","Il6st",0.176984089476309,1,1.03083879866972,1.5142741779821e-12,1.49328014787849,3.9530170029524e-15,1.60013650428469,7.76868371330779e-65,-1.31629605840218,2.77920328464781e-31,-0.569297705614968,1.07305941435404e-19
"ENSMUSG00000021758","Ddx4",-0.817465980671394,1,2.29312300930104,5.90876610321307e-11,3.89845971058518,0.000113822855918244,4.69846611959143,1.09628277949958e-66,-4.71592569125658,8.87332125195001e-09,-2.40534311029039,2.13352368458807e-32
"ENSMUSG00000021759","Plpp1",0.510408886466213,1,1.81208220826007,0.0868468038616651,1.90400929701958,0.148554616287895,2.66380560118696,5.56281010883896e-05,-1.39360041055337,0.0654950947867866,-0.851723392926897,0.157735445328286
"ENSMUSG00000021775","Nr1d2",-0.170940904234168,1,-0.752410041260979,0.989180417852656,-0.869763007902518,0.667762461022104,-1.16245156124379,2.23342522612578e-05,0.69882210366835,0.00289337074575538,0.410041519982814,0.00849249650714082
"ENSMUSG00000021779","Thrb",-0.0693721095351894,1,1.58464860833048,3.34663155598659e-05,1.26318412684681,0.504190744485054,2.32186579141936,7.41448338916285e-16,-1.332556236382,0.00882442034916576,-0.737217183088886,0.00152349509479711
"ENSMUSG00000021838","Samd4",-0.809577361111542,1,-1.14670713613006,0.269260921817177,-2.1576238479655,0.0555441803166744,-2.2785903260097,1.68119417277735e-09,1.34804648685396,0.0872064444915906,1.13188318987964,0.000364447842555732
"ENSMUSG00000021846","Peli2",-0.644045725298309,1,-0.554593698675724,1,-2.00768604015733,5.31322051915527e-07,-1.11564475909606,0.00146447295040945,1.36364031485902,2.12596682165173e-06,0.561051060420336,0.00141117751995199
"ENSMUSG00000021879","Dnah12",0.892929996588057,1,1.8164715697929,0.0241934137311396,2.62087718821678,0.000121175542564304,2.5975787054192,3.03992097560126e-06,-1.72794719162872,0.000750879588699229,-0.781107135626305,0.0932112569603021
"ENSMUSG00000021880","Rnase6",0.624095107606437,1,2.25531873004145,2.28946911652812e-65,1.2220082753398,0.145519638599208,2.18619518443124,8.97333182829504e-60,-0.597913167733359,0.113652314979988,0.0691235456102078,0.619749072995856
"ENSMUSG00000021892","Sh3bp5",-0.0203894522285103,1,-0.834396827755876,0.0281100784042783,-0.360377009876312,1,-1.07935206331456,2.40857542914236e-08,0.339987557647801,0.0716558357832057,0.244955235558685,0.0228137140750578
"ENSMUSG00000021903","Galnt15",0.925911273277508,1,3.69502169623912,0.00046519670847843,2.41935495671426,0.281684671358526,4.11480764974853,1.63724691058658e-05,-1.49344368343675,0.274113963134052,-0.419785953509413,0.586211801931823
"ENSMUSG00000021910","Nisch",-0.330315718967623,1,-0.467584312938586,1,-0.691405059507619,1,-0.78740916251557,0.0448407632792952,0.361089340539996,0.025214599024438,0.319824849576983,0.000661151672103559
"ENSMUSG00000021948","Prkcd",0.263213712825815,1,1.21785624386637,7.01760932722366e-25,1.37415193039048,1.32449532914516e-10,1.6138896566283,5.37107613159951e-66,-1.11093821756466,1.36186012198371e-20,-0.396033412761933,1.69363532432379e-09
"ENSMUSG00000021957","Tkt",0.282077362872674,1,0.721790796337297,0.600333839164218,0.664912303650739,1,1.03960270545163,1.53030097480843e-07,-0.382834940778066,0.0110960991236687,-0.317811909114328,0.00111229801174121
"ENSMUSG00000021990","Spata13",-0.62172479080603,1,-0.537755654738937,1,-1.55657879347196,0.000673095475685608,-1.27121920096787,2.23909222861079e-06,0.93485400266593,0.00117520975525119,0.733463546228938,1.70633859584067e-06
"ENSMUSG00000021996","Esd",0.525480373903275,1,0.633115000883067,1,0.986062856332749,0.0707184210802086,0.883449855674435,1.53373781560753e-05,-0.460582482429474,0.017279215226934,-0.250334854791368,0.000924736863851369
"ENSMUSG00000022018","Rgcc",0.685536068984179,1,2.12617658492355,0.0323426652607515,3.5458810371134,1.03149924854016e-06,3.80245931815614,1.82113118167708e-09,-2.86034496812922,4.82038148984733e-07,-1.67628273323259,0.000783748978654731
"ENSMUSG00000022021","Diaph3",0.242861013770455,1,0.643674072809947,1,0.298296988964536,1,1.16897645695614,0.00867511608747525,-0.0554359751940817,0.894369266825181,-0.525302384146196,0.0277689847503415
"ENSMUSG00000022091","Sorbs3",-0.875345793671791,1,-1.14609166827915,0.000110924931202556,-2.01134374759589,0.00060071637173701,-1.81623948525406,7.137299127653e-21,1.1359979539241,0.0101102577052388,0.670147816974904,6.83468805250877e-06
"ENSMUSG00000022096","Hr",1.23503136356827,1,6.4875501936987,1.6370099679991e-59,4.19207616911072,1.2751379057949e-08,6.79632941744064,2.62625615036412e-66,-2.95704480554246,2.5439836987475e-07,-0.308779223741942,0.0332997696129623
"ENSMUSG00000022098","Bmp1",-0.410673132591557,1,-1.55530689005572,0.00642041195251314,-0.146240605269415,1,-0.469672549023475,1,-0.264432527322143,0.908828706449632,-1.08563434103225,0.00185305300297236
"ENSMUSG00000022102","Dok2",0.694443761487163,1,1.21027172524713,0.000102560231068991,1.59140147514322,0.000557795764657306,1.64161003976424,2.59518221951294e-13,-0.896957713656055,0.00251906963953561,-0.431338314517111,0.0141476803387681
"ENSMUSG00000022103","Gfra2",0.861337079236495,1,5.37268338069826,7.96581564375448e-26,5.89445856278093,1.59453766778321e-06,6.61333180624745,1.24673035284642e-41,-5.03312148354443,3.56635358765423e-06,-1.24064842554919,3.78292194531619e-07
"ENSMUSG00000022106","Rcbtb2",-0.601858127694847,1,-0.84481656244407,0.111490039342258,-2.06856881344351,2.77613013001259e-13,-1.53229499367972,5.97626106566839e-19,1.46671068574866,8.44308345121402e-13,0.687478431235653,1.95013804317448e-09
"ENSMUSG00000022108","Itm2b",-0.469886077616942,1,-0.542968344049418,1,-1.10709621790503,0.0451834608293812,-0.89825423299909,0.0070057591621506,0.637210140288093,0.00540780287030348,0.355285888949672,0.00296594745940918
"ENSMUSG00000022125","Cln5",0.303209704777566,1,0.919580573663193,8.53697544450011e-07,1.18956768954058,2.44738042034319e-05,1.22320695696401,1.8117590429324e-24,-0.886357984763013,4.765470042659e-11,-0.303626383300822,1.36556173010379e-05
"ENSMUSG00000022148","Fyb",-0.387274382671784,1,-0.664507189443099,1,-1.39718695466062,1.34639841643025e-13,-1.25370092403778,6.39796044032567e-16,1.00991257198884,1.27410728153606e-20,0.589193734594677,1.45622606931141e-11
"ENSMUSG00000022186","Oxct1",0.22410082485843,1,0.738600051273578,0.0228155277879068,0.644561670125038,1,1.00948622779862,1.79476560989144e-16,-0.420460845266608,0.00498864032009329,-0.270886176525041,1.60777968439744e-06
"ENSMUSG00000022221","Ripk3",0.064020686515472,1,0.973302724568147,0.0853053158210687,0.23197486465175,1,1.33012606942073,3.66119170948354e-06,-0.167954178136278,0.64570499454679,-0.356823344852585,0.0663347712306621
"ENSMUSG00000022237","Ankrd33b",-0.17520173166113,1,-0.803039029812749,0.0106290999329912,-0.730041062839417,1,-1.23779368684678,1.27759778901877e-21,0.554839331178286,0.0186005318125643,0.434754657034032,5.80103601026487e-09
"ENSMUSG00000022246","Rai14",0.414755996512269,1,1.22154300077175,9.27875657778337e-06,1.59330397338049,6.93490818461645e-05,1.90244290935826,2.30416985301678e-24,-1.17854797686823,1.54683145654545e-06,-0.680899908586518,1.53621944757787e-06
"ENSMUSG00000022265","Ank",0.169550432042505,1,0.645284328564953,1,0.68656500381432,1,0.886908898545379,3.42491248350829e-06,-0.517014571771815,0.000586781567665456,-0.241624569980426,0.000639191978833177
"ENSMUSG00000022270","Retreg1",-0.290838071554465,1,-0.586832105686012,1,-1.49165409847109,3.23111319017628e-21,-0.97578033237863,1.41678840700883e-05,1.20081602691663,1.22743431759522e-36,0.388948226692618,5.05991152197666e-05
"ENSMUSG00000022299","Slc25a32",0.158080639450442,1,0.729147314673475,0.398052543332093,0.381816900437514,1,0.827264062923486,0.00643386947940484,-0.223736260987071,0.109909595826806,-0.0981167482500116,0.361503068262387
"ENSMUSG00000022303","Dcstamp",0.980498018829037,1,3.20644802747892,3.66181999213093e-56,3.34369747422802,0.0054771621801841,4.06612763055231,8.64447225347445e-100,-2.36319945539898,0.0191615002504028,-0.859679603073393,8.74298470693804e-07
"ENSMUSG00000022309","Angpt1",1.58725279017982,1,3.49046346321865,4.17188889132041e-09,3.46380861562032,1.50180191383247e-07,4.11207024821006,8.69794071046434e-14,-1.8765558254405,0.000959313643343039,-0.621606784991413,0.221619680192263
"ENSMUSG00000022346","Myc",0.619857508096886,1,1.28003107924488,0.10360428699527,1.39682733396643,0.00649121493135364,1.77057319308522,9.56313947308826e-05,-0.776969825869541,0.00810693792795255,-0.49054211384034,0.203116975801255
"ENSMUSG00000022351","Sqle",0.445446400214557,1,1.05342884719814,0.0225347141426117,0.727203910823442,1,1.48178596268411,2.97778862624868e-08,-0.281757510608884,0.709332935109161,-0.428357115485965,0.0279817528177323
"ENSMUSG00000022389","Tef",-0.258495501470656,1,-0.578205117363363,1,-0.626278850275293,1,-0.897745121694937,0.00453045360685114,0.367783348804636,0.21612620950998,0.319540004331574,0.00618017879616591
"ENSMUSG00000022421","Nptxr",0.114241441070372,1,1.40609083780639,0.0163951177346975,0.62334441301842,1,2.10511119421732,2.54460517727609e-08,-0.509102971948048,0.353235007848415,-0.699020356410932,0.0280621040360537
"ENSMUSG00000022439","Parvg",-0.139664130354712,1,-0.769065902300081,0.661443003735623,-0.929544031647079,0.0879050493349984,-1.02265454429355,0.000813212606655005,0.789879901292367,1.16494205476706e-07,0.253588641993464,0.1100650504237
"ENSMUSG00000022441","Efcab6",0.0814531458818516,1,3.50839531877991,0.572727677839066,1.65593292780127,0.986652149697175,4.83500173542272,0.0415954996194736,-1.57447978191942,0.26179763644724,-1.32660641664281,NA
"ENSMUSG00000022469","Rapgef3",-0.632622954342527,1,-1.13271216524132,0.0163951177346975,-1.37246847075483,0.11750517494372,-1.47181281311259,3.62927596577455e-06,0.739845516412301,0.105811335042374,0.339100647871273,0.181672772261359
"ENSMUSG00000022479","Vdr",0.127934325778866,1,1.77932435338557,0.00182517632003192,1.62219359714104,0.034777476726623,2.77060093243898,1.46016349042942e-11,-1.49425927136218,0.000353480793475637,-0.991276579053407,0.00395826379887385
"ENSMUSG00000022490","Ppp1r1a",0.251238890778075,1,3.11144049151896,1.12487229156437e-06,2.52127077330234,0.00045891187535428,3.92068817356869,6.38814042679585e-12,-2.27003188252426,1.43013127896429e-05,-0.80924768204973,0.151395322859957
"ENSMUSG00000022504","Ciita",0.423204381905212,1,1.97986264308377,4.46763357788253e-28,2.37574704597087,1.22177166576502e-13,2.17175334834154,1.11563752796088e-36,-1.95254266406566,8.31650889867219e-17,-0.191890705257776,0.256841225107615
"ENSMUSG00000022505","Emp2",0.322251288189699,1,1.17442051981996,9.07114492930335e-06,0.664903705335252,1,1.31209474632091,5.29967066971656e-09,-0.342652417145554,0.681668946062846,-0.137674226500955,0.441330742104509
"ENSMUSG00000022514","Il1rap",0.459866223116834,1,0.569723738169586,1,1.30130320927904,0.0116062497860838,0.963036071684624,0.0344255114959998,-0.84143698616221,0.00131909823426876,-0.393312333515038,0.0286427043991557
"ENSMUSG00000022551","Cyc1",0.371636903447044,1,0.481841016648724,1,0.697421973787163,1,0.862408218619195,0.00042088176019829,-0.325785070340119,0.124201548585582,-0.380567201970471,9.7704187926213e-07
"ENSMUSG00000022562","Oplah",-0.190727332923354,1,-1.2519743065717,2.47910823376991e-05,-0.365480670351386,1,-1.80231227671015,3.17677134782138e-16,0.174753337428032,0.838116069883335,0.550337970138449,0.00252108284853154
"ENSMUSG00000022607","Ptk2",0.445298171325133,1,0.727780337777038,1,0.894814744094802,0.690125552498697,0.961806749847254,0.00423421066921898,-0.449516572769669,0.136943243615371,-0.234026412070217,0.119941339205909
"ENSMUSG00000022637","Cblb",0.659687991469829,1,1.48793188235469,2.51003000868436e-80,1.7699708316307,2.27726131462646e-32,1.83444832447777,2.22650092311479e-154,-1.11028284016088,2.9169675574685e-28,-0.346516442123076,8.65835272902951e-12
"ENSMUSG00000022651","Retnlg",-1.73778911482518,1,7.45991264585675,4.79968448784829e-07,4.9919972179773,0.00142708271298282,9.19172793753747,2.39042749688755e-11,-6.72978633280248,NA,-1.73181529168072,7.9106049595354e-06
"ENSMUSG00000022724","Riox2",0.292577587576358,1,0.560304434462674,1,1.1022429412226,0.0174040382947463,1.00332995970391,0.000549997483813098,-0.809665353646246,1.36042201568308e-05,-0.443025525241241,0.000383124988093066
"ENSMUSG00000022763","Aifm3",0,1,2.44609594337852,0.118140272648125,3.77439653572372,1,4.2741716746239,2.58305026551691e-06,-3.72785528980258,NA,-1.82807573124538,NA
"ENSMUSG00000022769","Sdf2l1",0.57330493169537,1,1.07013782917998,1.60442058659322e-16,1.10885229821353,0.023447662711538,1.62396278042906,2.32753366933996e-76,-0.535547366518165,0.0138330097787689,-0.553824951249073,4.82020247021236e-22
"ENSMUSG00000022773","Ypel1",-0.508920598606714,1,-0.917930352069057,1,-1.12388005413538,1,-1.6332515254021,0.0151130423552264,0.614959455528666,0.600606267373495,0.715321173333038,0.160203440135374
"ENSMUSG00000022788","Fgd4",-0.230440777051811,1,-0.423670697842532,1,-0.730532847572748,1,-0.816835402557123,0.022317674096617,0.500092070520936,0.00140224679747392,0.393164704714591,3.38112883781901e-05
"ENSMUSG00000022791","Tnk2",0.541586373912369,1,0.899768134422723,0.485698497858959,1.85209230985103,0.23973414768263,1.76750043516531,2.54434086558636e-11,-1.31050593593866,0.120730385547499,-0.867732300742585,1.57518372720419e-06
"ENSMUSG00000022797","Tfrc",1.01243325282236,1,2.08014023781456,1.89263384714966e-54,2.50306198605785,4.02034893782265e-19,2.67263995906189,1.57675418377735e-106,-1.49062873323548,1.79526308580463e-11,-0.592499721247327,1.73926966811222e-08
"ENSMUSG00000022818","Cyp2ab1",0.320704469360971,1,4.52975905729032,8.6509634091772e-14,2.88432546383839,0.614630107375438,5.19950260722475,2.53993220114995e-19,-2.56362099447742,NA,-0.66974354993443,0.0427875578157224
"ENSMUSG00000022841","Ap2m1",0.702754950135334,1,1.01890595318006,1.0193016381339e-21,1.68800522493159,1.12281231193654e-27,1.41108301788301,5.80107129611085e-79,-0.985250274796257,7.24910900836452e-22,-0.392177064702948,2.53476345173433e-17
"ENSMUSG00000022878","Adipoq",1.69970072787596,1,5.57481234433068,6.08239574224774e-12,8.81433309165466,0.000191194235391883,7.26471521207266,8.68525414693375e-22,-7.1146323637787,0.00103534904445858,-1.68990286774198,1.79776701447242e-05
"ENSMUSG00000022894","Adamts5",0.0851088361554176,1,1.83307278126634,1,1.04037085973784,1,3.42040516613938,0.0235804918479331,-0.955262023582418,0.712013453142292,-1.58733238487304,NA
"ENSMUSG00000022901","Cd86",-0.402027252665136,1,-0.904707950959103,0.000230620321198299,-1.19167752575727,0.299211536316576,-1.16754571120145,1.30511609423555e-13,0.78965027309213,0.0538938273354183,0.262837760242344,0.00652132342184141
"ENSMUSG00000022912","Pros1",-0.0429803751835025,1,0.619040021780601,1,0.208579804514808,1,0.953326012490409,0.00231974642563148,-0.25156017969831,0.150351974288343,-0.334285990709808,0.0105529891662181
"ENSMUSG00000022914","Brwd1",0.158848391509765,1,0.428992574983416,1,1.61390486367629,2.36783637201679e-19,0.75557013583191,0.023323846928669,-1.45505647216653,2.5348276728138e-38,-0.326577560848494,1.29408719799982e-06
"ENSMUSG00000022945","Chaf1b",0.258501581256512,1,0.669442501444759,1,0.273046666580405,1,1.09870949843816,0.017559293206542,-0.014545085323893,0.979566869710498,-0.429266996993403,0.063123874643446
"ENSMUSG00000022956","Atp5o",0.364364571886058,1,0.485907719837309,1,0.561917302682318,1,0.788960187706501,0.0183272229390202,-0.19755273079626,0.428277111717251,-0.303052467869192,0.000158084539221012
"ENSMUSG00000022982","Sod1",-0.102710292177464,1,-0.78129894659284,0.0013403538652323,-0.638529204880227,1,-1.10460085621623,2.3194648597276e-23,0.535818912702763,2.6000664488766e-07,0.323301909623386,1.71121531491637e-08
"ENSMUSG00000023004","Tuba1b",0.47789649271147,1,0.577445818189622,1,0.474456675491878,1,0.978101210614956,0.00867511608747525,0.00343981721959196,0.995185194496779,-0.400655392425335,0.0107883141402617
"ENSMUSG00000023031","Cela1",-0.0286221577512578,1,-1.12868394228187,0.00525457999548282,-1.32276733791226,0.128294064904022,-1.81746081332994,9.97520492419203e-13,1.294145180161,0.000363525468528592,0.688776871048072,0.000902818799049449
"ENSMUSG00000023051","Tarbp2",0.230062334413854,1,0.702788666414369,0.651817309490863,1.2496477344984,3.06466424192061e-06,1.21718383974639,5.94909008312512e-18,-1.01958540008454,2.50385444826439e-14,-0.514395173332017,4.0712810075565e-12
"ENSMUSG00000023094","Msrb2",-0.118305382825329,1,-0.898254554562286,0.154838586415908,-0.566957431500044,1,-1.25688774573411,8.47443099328783e-06,0.448652048674714,0.169823418315645,0.358633191171824,0.0607492889032505
"ENSMUSG00000023150","Ivns1abp",-0.394055898232624,1,-0.74553129433637,0.0189502035562677,-0.63247483419175,1,-1.00351215528333,4.63739442760186e-15,0.238418935959126,0.312702875141652,0.257980860946964,1.69206749346496e-05
"ENSMUSG00000023191","P3h3",-0.725608640769977,1,-1.01592672043777,0.000355623264031558,-1.55715102681427,0.00148175593327147,-1.2778768450329,3.55677443439074e-10,0.831542386044294,0.00914369379968988,0.261950124595123,0.0707067986784441
"ENSMUSG00000023272","Creld2",0.396048829672584,1,0.867669828177371,0.017895205176815,1.05492799014192,0.0365848833301723,1.33021154462338,6.69898553407313e-16,-0.658879160469335,0.000600060821005321,-0.462541716446009,3.65943184668743e-06
"ENSMUSG00000023274","Cd4",-1.24125946510272,1,-1.01842360857451,0.367695281694821,-2.612505011673,8.41026004391346e-06,-1.58355562318697,8.85624351172858e-05,1.37124554657028,0.0070225540676728,0.56513201461246,0.0740537244184321
"ENSMUSG00000023349","Clec4n",-0.885409789169107,1,-1.41046588519537,1.2823754474723e-11,-2.24031516289628,7.34782316592744e-10,-2.05041841917817,5.31012707200762e-36,1.35490537372717,1.36833052894609e-06,0.639952533982802,1.23164025046286e-06
"ENSMUSG00000023832","Acat2",0.601984934133459,1,0.707869815804017,1,0.896991597158347,0.986688045210614,1.10098382797291,0.0333446216279986,-0.295006663024888,0.55080612889805,-0.393114012168898,0.124999553815731
"ENSMUSG00000023905","Tnfrsf12a",0.817222051988286,1,0.756235174464373,1,1.32966099408552,0.232349523216586,1.17930212910048,0.00082399633853711,-0.512438942097232,0.362692664153269,-0.423066954636108,0.0258637583213094
"ENSMUSG00000023908","Pkmyt1",0.210192762696705,1,0.857741805289425,1,0.414671100206962,1,1.41845066245144,0.0030458121791968,-0.204478337510258,0.606422265948566,-0.560708857162018,0.0774043270734882
"ENSMUSG00000023911","Flywch2",-0.495103891721677,1,2.46864324990026,0.000361393851770077,1.25627499653656,1,3.42143309493272,1.13438564091309e-09,-1.75137888825824,NA,-0.952789845032453,0.0450314372513996
"ENSMUSG00000023913","Pla2g7",-0.617216178915466,1,-0.847666930621697,0.0390211859358186,0.742912841965632,1,-0.764796955196155,0.180635905171681,-1.3601290208811,5.13962049361749e-05,-0.082869975425542,0.574191746223083
"ENSMUSG00000023961","Enpp4",-0.411207864162562,1,-1.41047069614778,0.000983167375427205,-1.59113084653769,0.178349817544976,-2.59437201275886,1.6213341573655e-17,1.17992298237513,0.04906386232467,1.18390131661107,1.34437255882059e-05
"ENSMUSG00000023966","Rsph9",-0.416613145614175,1,-0.695584224881023,1,-1.70538316378486,0.251634595819846,-1.30653195803916,0.0145149353876676,1.28877001817069,0.0850568124340069,0.610947733158138,0.0619146354249797
"ENSMUSG00000024007","Ppil1",0.364102911623458,1,0.8084949685365,0.282743296014666,0.573026579834482,1,1.04840627873182,8.5488591661931e-05,-0.208923668211024,0.581635444953339,-0.239911310195317,0.0841077705373644
"ENSMUSG00000024008","Cpne5",1.52033835827594,1,2.29202738984215,0.0664079164184649,3.7739149210574,1,2.57853693322338,0.00794674266551627,-2.25357656278146,NA,-0.286509543381233,0.761064792794136
"ENSMUSG00000024011","Pi16",0.577476817762108,1,3.30008624129491,1.60382265080282e-05,0.781540109453403,1,2.04458355891815,0.0501059491611949,-0.204063291691296,NA,1.25550268237676,0.0311415065508041
"ENSMUSG00000024013","Fgd2",-0.690249235411446,1,-1.13336682872533,0.00265840428146826,-1.93731875362312,3.66912391097855e-06,-1.81820467974094,1.15704758006643e-15,1.24706951821168,3.08042320443696e-05,0.684837851015611,9.53077897311508e-05
"ENSMUSG00000024014","Pim1",0.0787179911959605,1,1.10190079107921,3.3142520613036e-12,0.859050936274837,0.432358719713508,1.65790887491075,7.71081011284001e-53,-0.780332945078877,7.60102197311821e-06,-0.556008083831542,2.16166836994597e-14
"ENSMUSG00000024030","Abcg1",0.328795132839443,1,0.784595327149927,0.365981508211116,1.39531150256685,5.6318845604229e-05,1.09160117729465,3.79729954402246e-06,-1.06651636972741,2.46136965921999e-08,-0.307005850144719,0.0169050522348951
"ENSMUSG00000024036","Slc37a1",-0.274671943442086,1,-0.409121346305036,1,-1.41951667305539,0.0991948624988943,-0.927985134309176,0.0220165586340127,1.14484472961331,0.00554342855179664,0.51886378800414,0.000340804865640523
"ENSMUSG00000024044","Epb41l3",-0.464047914576571,1,-1.54152834054111,4.23712993005238e-08,-1.03602689900457,0.578513355872599,-1.82794057423232,4.23539166224921e-13,0.571978984427999,0.170758979771546,0.286412233691211,0.246705824493861
"ENSMUSG00000024049","Myom1",-0.475562980346372,1,-1.31526281683503,0.00323372890628114,-2.95832501472693,2.8896409404237e-05,-1.97668498114556,2.86550937912066e-10,2.48276203438056,1.24038670169375e-05,0.661422164310524,0.0165770468512309
"ENSMUSG00000024052","Lpin2",-0.512695195929475,1,-1.31144128336022,3.15675915579679e-17,-1.14582861533981,4.08621938122872e-05,-1.81989659802066,4.14748277969748e-49,0.633133419410335,2.3750474881916e-06,0.508455314660435,5.80452447090201e-08
"ENSMUSG00000024063","Lbh",-0.125506544461858,1,0.624186213053425,1,0.78203055393319,1,1.04107946619671,2.28740807264327e-10,-0.907537098395048,0.000158457479158373,-0.416893253143283,3.1213081286595e-08
"ENSMUSG00000024078","Ttc27",0.346713863860034,1,1.05346147870108,0.000781888826034394,1.44694642346296,4.58310838238114e-08,1.54875504256769,9.09790467861497e-16,-1.10023255960293,5.96610509510593e-13,-0.495293563866611,0.000217703735742961
"ENSMUSG00000024084","Qpct",0.436401366682909,1,0.893281635650299,0.437274987612248,0.2577365453031,1,1.19822360331137,0.00108481424224181,0.178664821379809,0.571607803045156,-0.304941967661072,0.180476349316379
"ENSMUSG00000024095","Hnrnpll",0.181604312108258,1,0.512953935635059,1,0.628484213884173,1,0.843112948458369,0.00062891058376927,-0.446879901775915,7.28705512020564e-06,-0.330159012823311,1.28029745681412e-05
"ENSMUSG00000024164","C3",-0.109936929880379,1,2.27193342180799,3.46889093025402e-12,0.380566939264391,1,2.27023346664519,1.53869918697854e-12,-0.490503869144769,0.0491577158982736,0.00169995516279677,0.997128895790685
"ENSMUSG00000024174","Pot1b",-0.596537152467194,1,-0.990192454134903,3.12214240139288e-05,-1.39388325572956,0.00986652221022296,-1.75394686824262,1.34924838212169e-39,0.797346103262363,0.00915111037715977,0.763754414107718,9.91996597739498e-16
"ENSMUSG00000024180","Pgap6",-0.452965514918499,1,-1.29452944624479,2.92014585742191e-12,-1.48691051224118,2.09386131973262e-07,-2.00166920492771,1.6067985174406e-47,1.03394499732268,1.76436107053273e-09,0.707139758682921,3.29471484949889e-11
"ENSMUSG00000024187","Fam234a",-0.37233029866416,1,-0.56050801026354,1,-0.766407998276806,1,-0.837790861569498,0.0208634230244664,0.394077699612646,0.0745432311776989,0.277282851305958,0.0133590949608924
"ENSMUSG00000024193","Phf1",-0.285399755499825,1,-0.683855361902391,1,-0.71436742701634,1,-0.99757282724444,0.000878430852578733,0.428967671516515,0.225460506113374,0.313717465342049,0.0280230377388857
"ENSMUSG00000024209","Acsbg3",0.516104230158152,1,1.31829853915417,0.413382733651683,1.11791734866473,1,1.64931456082525,0.0256856403129275,-0.601813118506579,NA,-0.331016021671081,0.544347909974878
"ENSMUSG00000024222","Fkbp5",0.255413822328119,1,0.711618198160927,1,0.41196216115428,1,1.09679465193144,0.000155084198943812,-0.15654833882616,0.73214515055134,-0.385176453770511,0.0103722833258729
"ENSMUSG00000024247","Pkdcc",0.0280527675763286,1,0.692458774124907,1,1.05096018650669,0.836218676330985,1.2779018262906,9.97298310788284e-11,-1.02290741893036,0.0276496724848602,-0.585443052165689,7.16857425735049e-08
"ENSMUSG00000024254","Abcg8",2.76055822307777,1,4.26515782159959,0.0343680748428934,3.00144450683058,1,5.12134946229672,0.00151554518261257,-0.240886283752804,NA,-0.856191640697136,NA
"ENSMUSG00000024269","Tpgs2",0.144114167256425,1,0.326717278372347,1,0.531959647064156,1,0.97903026777215,0.000536725052695878,-0.387845479807731,0.0276585732893705,-0.652312989399802,2.62557807163359e-09
"ENSMUSG00000024270","Slc39a6",0.36367052556229,1,0.628958696543669,1,1.10730724662642,0.00965571744636723,0.88231387410714,0.00202261476293661,-0.74363672106413,3.41695462748073e-05,-0.253355177563471,0.0160939435928576
"ENSMUSG00000024312","Wdr46",0.313810676382888,1,0.524916261714237,1,0.988389898765786,0.0998014814425801,0.841478243319425,0.0132416661525837,-0.674579222382898,0.000351785912152899,-0.316561981605189,0.00180478203476611
"ENSMUSG00000024378","Stard4",0.220751012773459,1,0.843249966166046,0.338955641361951,0.124970447819214,1,1.06651111353331,0.00100325805704988,0.0957805649542457,0.822582508246615,-0.223261147367261,0.214537082535061
"ENSMUSG00000024397","Aif1",-0.652913103794943,1,-1.16784833853955,4.68617269065684e-10,-1.80388502561786,7.6583435431709e-07,-1.53800396901834,9.84446985250522e-26,1.15097192182291,4.96856967502282e-06,0.370155630478789,0.000709317309902856
"ENSMUSG00000024403","Atp6v1g2",-0.300281931452958,1,-0.702885158006617,1,-0.663449710767379,1,-1.10523304297649,0.0470700399296018,0.363167779314421,0.483312971698235,0.402347884969871,0.162936628281522
"ENSMUSG00000024420","Zfp521",-0.431321157456746,1,2.03010683986924,0.608829020445321,2.65921641943447,0.201393816154036,2.75246273463301,0.0462299250806393,-3.09053757689122,NA,-0.722355894763773,NA
"ENSMUSG00000024421","Lama3",-0.779232798202858,1,-1.28701656258969,4.31127541578702e-08,-1.88230612628693,1.68138740633696e-10,-2.3189927355827,5.27850371996477e-42,1.10307332808407,1.86040724522189e-07,1.03197617299301,1.66206556828483e-13
"ENSMUSG00000024451","Arap3",-0.331761769481703,1,-0.75922632281799,0.542363476320462,-2.18178820291859,9.3030988888932e-22,-1.66512151830279,1.21409257419272e-25,1.85002643343689,1.34380891575641e-28,0.905895195484797,5.94352053209609e-17
"ENSMUSG00000024486","Hbegf",1.10542867366766,1,2.68284610008948,0.00105936679636907,3.32528470935449,5.24695814893305e-05,3.78578003137647,1.40968589041141e-08,-2.21985603568683,0.00172586284822211,-1.10293393128698,0.12858035895284
"ENSMUSG00000024534","Sncaip",-0.351813052002746,1,-1.80297221192013,0.0109858430470172,-2.56097933592569,3.26550017737448e-08,-2.7393909547173,1.5261219402646e-07,2.20916628392295,4.86661726543393e-10,0.936418742797179,0.0752303488938351
"ENSMUSG00000024579","Pcyox1l",0.69900118624414,1,1.55529136537431,1.75383196714338e-09,1.39793728838128,1.55637130259924e-05,1.97310811449955,1.2170687412613e-19,-0.698936102137136,0.00022001024992004,-0.417816749125238,0.0213960997946127
"ENSMUSG00000024600","Slc27a6",0.490990535820851,1,4.40682785606722,1.8872802931083e-50,1.98525444551863,0.035421511923893,4.51782462764333,1.17284624453827e-53,-1.49426390969778,0.0119407142239174,-0.110996771576111,0.651994011615918
"ENSMUSG00000024610","Cd74",1.00838182116162,0.954394043462894,2.5419566077646,3.06129715445103e-120,2.44645877887296,2.48547455242862e-31,2.76495980536266,1.02476576969123e-149,-1.43807695771133,1.03885091831642e-18,-0.223003197598063,0.0411007554458112
"ENSMUSG00000024617","Camk2a",0.269802223643937,1,1.32042893780251,0.00153271242830532,1.31870563571546,0.225853552588808,1.69113799566388,5.04609284895394e-08,-1.04890341207152,0.0162654212708148,-0.370709057861367,0.143226281541978
"ENSMUSG00000024640","Psat1",0.572798055156823,1,1.70217732304876,0.0240286965313009,1.189755873308,0.71377969231514,2.36755493983849,7.64978999510199e-06,-0.61695781815118,0.371262338295227,-0.665377616789737,0.195155249452131
"ENSMUSG00000024659","Anxa1",0.429843321519298,1,1.28711026088824,4.7991182534547e-08,0.997214363441239,0.986074575444407,1.6551990984151,1.02194050726231e-18,-0.567371041921941,0.322961503451778,-0.368088837526852,0.0137506608672968
"ENSMUSG00000024663","Rab3il1",0.0810308008377453,1,0.74144120410348,0.051352018719736,1.00072237346577,0.00929109559113618,1.08859009291658,1.52986382362468e-18,-0.919691572628027,4.75563915726165e-12,-0.347148888813099,1.88528948319915e-08
"ENSMUSG00000024664","Fads3",0.269676100254564,1,1.10321275432708,0.0026709439436959,1.06556012621972,0.457709592341694,1.57514704556309,1.01320842361044e-11,-0.79588402596516,0.0250296833895737,-0.471934291236011,0.00435523429152239
"ENSMUSG00000024665","Fads2",0.552189607847541,1,1.35385684353932,0.231334339286859,0.522500853956524,1,1.70498021801768,0.00698130422363666,0.0296887538910164,0.988342082595192,-0.35112337447836,0.498004128348702
"ENSMUSG00000024672","Ms4a7",-0.327518880251439,1,-0.532863184759027,1,-0.909590163696928,0.719227968981188,-1.02302086056199,0.00144414746579508,0.582071283445489,0.0574208646219717,0.49015767580296,0.000606702321836019
"ENSMUSG00000024675","Ms4a4c",-1.02131768815189,1,-1.99636956534291,3.71519504632896e-08,-2.23891624836973,0.0126807208572534,-3.44506860088735,2.30416985301678e-24,1.21759856021784,0.0843885358960953,1.44869903554444,1.17790296607634e-05
"ENSMUSG00000024677","Ms4a6b",-0.951238694936252,1,-1.74570860533384,1.33290060742492e-18,-3.03452229546829,0.00142708271298282,-3.22775767541952,2.19746328549833e-90,2.08328360053204,0.00843763023266711,1.48204907008568,7.24641970672329e-27
"ENSMUSG00000024696","Lpxn",0.563082593009634,1,0.805724838459787,5.54568271562076e-05,0.857230657577441,0.109700268204986,0.879220735176556,5.86793977577455e-09,-0.294148064567807,0.0431872399478293,-0.0734958967167687,0.281017921868574
"ENSMUSG00000024730","Ms4a8a",2.39327199127688,1,2.08722109209028,0.00657025501779073,2.63342738931506,1,1.86959903485898,0.0177781349014892,-0.240155398038181,NA,0.217622057231298,0.735457384316528
"ENSMUSG00000024736","Tmem132a",0.515235747711873,1,1.21145074913145,2.73827655548438e-23,0.910416277894764,0.0876963270605821,1.29287082206419,5.56755737182069e-30,-0.395180530182892,0.013771347589327,-0.0814200729327424,0.355860700252737
"ENSMUSG00000024737","Slc15a3",0.503293895839572,1,1.14825748539741,8.35914295927801e-14,0.922867680630063,0.0330398737102525,1.37351774202033,3.12199008496061e-27,-0.419573784790491,0.00280135769531003,-0.225260256622916,0.0126346639732947
"ENSMUSG00000024743","Syt7",1.6567621194711,1,4.7371667664007,0.0299226186117186,8.07164179485695,0.000501120421046612,8.45442054141572,3.48646297235974e-08,-6.41487967538585,0.00272617631008986,-3.71725377501501,4.97646557709078e-06
"ENSMUSG00000024769","Cdc42bpg",-0.22881702958917,1,-1.13135635397806,0.00030555143735432,-1.07603386140169,0.269280675228184,-1.27630598351834,8.94132423500434e-07,0.847216831812516,0.00457834955268909,0.144949629540282,0.486801247409759
"ENSMUSG00000024770","Lipn",1.67917139469375,7.34623206943241e-11,4.66462256426842,7.71103252336538e-149,3.96659687903232,2.9609806251316e-121,5.5360009646169,3.2137336459584e-221,-2.28742548433857,4.68332304183003e-60,-0.871378400348483,8.15855115934856e-14
"ENSMUSG00000024789","Jak2",0.205026617655376,1,0.816868430747957,8.49107301890975e-05,1.53691070646757,2.20997875517978e-17,1.3074546517257,4.08003983409872e-45,-1.33188408881219,1.36387153541628e-33,-0.490586220977746,7.91617540008849e-21
"ENSMUSG00000024791","Cdca5",0.297955209865557,1,0.766309399775641,1,0.0481016314998924,1,1.39458233083353,0.000475373063297143,0.249853578365664,0.620924190717867,-0.62827293105789,0.0124888343739984
"ENSMUSG00000024812","Tjp2",0.320831511440645,1,0.877741344138222,0.151284952454975,0.630272427264629,1,1.04415261734495,0.00108881503533511,-0.309440915823984,0.293189824365285,-0.166411273206731,0.354325494634639
"ENSMUSG00000024855","Pacs1",-0.367907265245473,1,-0.55247000754429,1,-0.984861236390405,0.227736944612928,-0.790365204673481,0.00109336299983779,0.616953971144931,0.00900897332127075,0.237895197129192,0.000305540570632902
"ENSMUSG00000024913","Lrp5",-0.26889931982766,1,-0.607010534226088,1,-0.799090330567351,0.594384156182123,-0.838321133205042,0.000981146265503972,0.530191010739691,0.0013329726756865,0.231310598978954,0.00606639293848083
"ENSMUSG00000024990","Rbp4",2.33283768250479,1,6.54316514435458,2.207193196087e-07,8.44919497507047,4.02186641180689e-10,9.89045389536238,3.70987579365999e-18,-6.11635729256568,6.34568464279426e-17,-3.34728875100779,4.26276413438578e-84
"ENSMUSG00000025026","Add3",0.449330456840732,1,1.13134706767928,0.00018921964174862,0.739750734453651,0.851287614036356,1.16076037287727,3.11334343629825e-05,-0.290420277612918,0.0757651550068816,-0.0294133051979844,0.901360459257233
"ENSMUSG00000025058","Tasl",-0.141529218950456,1,-0.598942838652999,1,-0.676196158107348,1,-1.10103622129407,1.70482047807989e-07,0.534666939156893,0.00444584662824892,0.502093382641076,2.49410472837789e-06
"ENSMUSG00000025059","Gk",0.478491846929216,1,0.727580455969426,0.65763034482091,0.792284449442855,0.997523593124698,0.972614033571606,5.92733635747722e-05,-0.313792602513639,0.266504452175064,-0.24503357760218,0.027237260593113
"ENSMUSG00000025085","Ablim1",3.97505104429359,9.19215067695999e-50,5.67081998935385,2.1092163751736e-85,5.74753410279664,5.33095173417696e-122,6.34578725462202,2.44234243102664e-110,-1.77248305850305,1.43246314671356e-28,-0.674967265268178,7.99815077256878e-07
"ENSMUSG00000025092","Hspa12a",0.0821685689347919,1,2.70109085040323,0.00171875543303173,1.66073620226476,1,3.14042167609339,2.44301921175454e-05,-1.57856763332996,NA,-0.439330825690156,0.512878298762397
"ENSMUSG00000025141","Myadml2",0.0884029990392245,1,-0.464040762898613,1,-5.9693986137096,0.00419035829060136,-3.8316670191524,0.0576104335992969,6.05780161274883,NA,3.36762625625378,NA
"ENSMUSG00000025154","Arhgap19",-0.395336014550309,1,-1.16571098268162,0.221123063648807,-1.61643092166716,1.96269697120709e-06,-1.93864708590345,1.71837034969858e-06,1.22109490711686,8.03732625653876e-09,0.772936103221823,0.0212653392785172
"ENSMUSG00000025194","Abcc2",-0.817773098367871,1,-0.839886325951085,1,-1.87479874785778,0.0211940876456002,-2.5890218367664,0.0143474157538672,1.05702564948991,0.0704439603048404,1.74913551081531,NA
"ENSMUSG00000025203","Scd2",0.797481482980705,1,1.75877234272372,0.0677855956553732,2.0099573593759,0.226432405750137,3.45133789672464,3.0896881544699e-10,-1.21247587639519,0.225276030381232,-1.69256555400091,0.00107146584853358
"ENSMUSG00000025234","Arih1",0.151136438658625,1,0.50974049255975,1,0.765403458445985,0.58966483922971,0.863200129242377,0.000195999380844014,-0.61426701978736,1.79886351034387e-06,-0.353459636682627,3.13493440069087e-06
"ENSMUSG00000025279","Dnase1l3",0.173700449182355,1,1.5506132449875,0.261915907445339,1.94850819863158,1,1.92175227458768,0.0149435851957395,-1.77480774944922,NA,-0.371139029600185,0.582928320004609
"ENSMUSG00000025321","Itgb8",1.34511810873399,1,4.31278163388155,6.5769512036867e-23,4.91942079955133,2.60173462368174e-33,5.26473921089528,6.61549689822895e-37,-3.57430269081733,2.12069968439408e-30,-0.951957577013733,4.40688445016167e-05
"ENSMUSG00000025324","Atp10a",0.400221194405258,1,1.42851143410377,2.12063941568924e-10,0.68902285859587,1,1.62610365314441,4.06139648284131e-16,-0.288801664190612,0.510283780596761,-0.197592219040634,0.213955573611467
"ENSMUSG00000025330","Padi4",-0.703333749973659,1,-0.858744799439803,0.604527288776535,-1.63466164186486,0.0625355221784316,-1.34523352014135,4.92522985688407e-05,0.931327891891197,0.0907253396759043,0.486488720701547,0.0312524824332084
"ENSMUSG00000025355","Mmp19",0.00886367275510026,1,0.96335577655618,0.000781888826034394,0.805470285982276,0.624725397918441,1.49001931564672,5.20786800324217e-21,-0.796606613227175,7.42923486951252e-07,-0.526663539090544,5.3545153738795e-07
"ENSMUSG00000025393","Atp5b",0.33414362973934,1,0.576745241360643,1,0.774983462093241,0.674664078047873,0.92582259964438,1.35942642985614e-13,-0.440839832353901,0.00585159907691134,-0.349077358283737,2.24684678327639e-13
"ENSMUSG00000025429","Pstpip2",-0.42905832594056,1,-0.398788758558066,1,-1.58247342402079,7.59933581628636e-05,-1.2649078079699,3.3570834291958e-06,1.15341509808023,2.67260908074146e-06,0.866119049411839,7.52470038293588e-09
"ENSMUSG00000025464","Paox",-0.265814598467689,1,-0.668296000827316,1,-0.858238066421405,1,-0.807107120702997,0.0475280814665224,0.592423467953716,0.126083704378803,0.13881111987568,0.276197480919105
"ENSMUSG00000025469","Msx3",8.08788515679072,2.65550777740979e-06,8.19634451033482,7.97766226656395e-12,12.2718450303685,3.54989791020782e-18,9.43313564269252,2.62410133554095e-16,-4.1839598735778,2.1762947980012e-12,-1.2367911323577,2.72934186352544e-09
"ENSMUSG00000025473","Adam8",0.325489594986706,1,0.69590087108265,1,0.921282703804903,0.485093275029398,0.993196167298773,9.01430723654653e-05,-0.595793108818197,0.0180903537185354,-0.297295296216123,0.0122381563493841
"ENSMUSG00000025477","Inpp5a",0.262621125728584,1,1.20480935627733,1.51208539232198e-14,1.95791531535349,1.15598001870874e-14,1.78965526694622,1.56427927147998e-55,-1.6952941896249,4.06453359225772e-22,-0.584845910668887,1.28122400934588e-13
"ENSMUSG00000025492","Ifitm3",-0.467542666239536,1,-0.444701850388005,1,-1.44077794043652,0.00268711437670834,-1.02023208458512,2.56373394518557e-05,0.973235274196985,0.00035418496500209,0.57553023419712,4.38444751402556e-08
"ENSMUSG00000025494","Sigirr",0.11416924391881,1,1.18593877779793,0.0198531981285444,-0.359647732604009,1,1.57839973466202,1.54459122301546e-06,0.473816976522819,0.419155984458528,-0.392460956864087,0.0941931985835668
"ENSMUSG00000025498","Irf7",-0.548777143773863,1,-0.9620712605565,0.121553894482364,-1.42176227085696,0.155299027303341,-1.4167417418717,6.27076972754441e-07,0.872985127083096,0.0782445244506054,0.454670481315203,0.0247910925444854
"ENSMUSG00000025510","Cd151",0.310450404265063,1,0.561868068187883,1,0.826918770227646,0.515125824902255,0.750053846037479,0.011338373913309,-0.516468365962584,0.00354379002187214,-0.188185777849596,0.00386513882640322
"ENSMUSG00000025545","Clybl",0.370785502827353,1,0.583035107697075,1,0.7782945402854,0.982003002646795,1.03425443598503,0.00916282733390821,-0.407509037458047,0.0736434484855627,-0.451219328287955,0.0103030184707848
"ENSMUSG00000025558","Dock9",-0.523541912378226,1,-0.884882707574025,1,-1.78858046610061,0.0114114973335954,-1.70389433440974,0.00185655941636008,1.26503855372239,0.00585570699198078,0.81901162683571,0.05062995119114
"ENSMUSG00000025738","Fbxl16",1.14570370147863,1,-0.00325321007695569,1,1.01021032170106,1,1.69442477248899,0.0356760067394022,0.135493379777561,NA,-1.69767798256594,0.00055048477422758
"ENSMUSG00000025790","Slco3a1",-0.331885873991104,1,-1.34713590018111,0.0260725721079046,-0.40652423259572,1,-1.97757545924423,1.95164385139695e-06,0.0746383586046158,0.924156895377007,0.630439559063117,0.102060199312825
"ENSMUSG00000025804","Ccr1",0.978101620496169,1,1.19959546911529,0.25850503237683,1.5355170706402,0.00174700977959453,1.56815787684822,0.00328447146882993,-0.557415450144032,0.106917329759391,-0.368562407732932,0.389872577361857
"ENSMUSG00000025823","Pdia4",0.523713032827326,1,0.872729027953068,4.00829894321033e-06,1.99045556270325,2.13811813254131e-30,1.54430116241314,1.70592636139877e-66,-1.46674252987592,7.00653999656556e-33,-0.671572134460071,4.48928398073492e-32
"ENSMUSG00000025854","Fam20c",0.467641252609296,1,1.35377707827709,1.26225838573378e-27,1.0930808266675,0.000920641368767505,1.45877030586528,5.09362792376997e-36,-0.625439574058208,1.58247114063126e-05,-0.104993227588189,0.293528704750234
"ENSMUSG00000025856","Pdgfa",1.01265408546712,1,1.08706371380344,3.09593904737688e-05,2.16414223898608,0.00200793077066257,1.4336249984067,6.82448098659321e-15,-1.15148815351896,0.0347445312298728,-0.346561284603263,0.00705527511058562
"ENSMUSG00000025877","Hk3",0.27316364235326,1,0.759325717359873,0.0723075313738681,0.398789263018886,1,0.991531589546359,3.51101842236669e-09,-0.125625620665626,0.715042385624507,-0.232205872186486,0.00364491074423106
"ENSMUSG00000025911","Adhfe1",0.35808892673511,1,1.30319831685064,1,1.63846222147545,0.011904720056338,2.51594071897876,0.00301467278998734,-1.28037329474034,0.000681219809331447,-1.21274240212812,0.0908766195079605
"ENSMUSG00000025934","Gsta3",-0.0283636905118573,1,-0.942085196521478,0.628501717798177,-1.15695155344476,0.481722849908545,-1.22441105458789,0.0193388923355507,1.12858786293291,0.00667720676841593,0.282325858066414,0.414699345512572
"ENSMUSG00000025980","Hspd1",0.311499302236862,1,0.47494516688802,1,1.06387212818925,0.0313492318305398,0.920613698491493,0.0086246261152027,-0.75237282595239,5.75403964833852e-05,-0.445668531603473,0.000438934195418608
"ENSMUSG00000025993","Slc40a1",-0.682472602158299,1,-1.1194692084247,0.279682039279266,-2.81230905440942,6.90530834695562e-06,-2.19430416405841,1.94882089282029e-09,2.12983645225112,2.09993340136255e-05,1.07483495563371,0.000372848801135798
"ENSMUSG00000026004","Kansl1l",-0.299471092010733,1,-0.469669704211612,1,-0.813243921499167,0.72154440000244,-0.839805626586618,0.010225440607118,0.513772829488434,0.0117313456915402,0.370135922375006,0.000171389561476784
"ENSMUSG00000026012","Cd28",-0.160642361025996,1,-0.588804195882805,1,-0.83205071346598,0.418294439186816,-1.03052167454345,8.11771939822465e-07,0.671408352439984,1.7728166904937e-05,0.441717478660646,3.91136756704627e-06
"ENSMUSG00000026018","Ica1l",-0.187527508992621,1,1.76854412253077,0.296656909931847,1.53265227887549,0.93903780497747,2.86199447269892,0.00028472272108878,-1.72017978786811,NA,-1.09345035016815,0.0975082373186276
"ENSMUSG00000026043","Col3a1",-0.650296555598314,1,-2.28006285176007,1.28792311708559e-09,-1.56499584041461,1,-1.38941980498272,0.00578769917948497,0.914699284816298,0.567110963008878,-0.890643046777355,0.00951995949334297
"ENSMUSG00000026068","Il18rap",0.788397277574049,1,1.806224997335,2.43647935358296e-12,0.742486476873161,1,1.47028601899132,9.38192521007901e-07,0.0459108007008881,0.944357265365006,0.335938978343673,0.095921216950822
"ENSMUSG00000026069","Il1rl1",1.86184599312397,1,4.34137140282803,2.68683455816339e-13,4.73004946664242,7.28194448686202e-16,5.24657281936644,9.49026949057964e-21,-2.86820347351845,1.00450217432854e-07,-0.905201416538406,0.17636544271241
"ENSMUSG00000026072","Il1r1",0.25986552455816,1,0.764937066087407,1,2.56066958312834,1.0631586261709e-10,1.37942533907003,0.000290399266680657,-2.30080405857018,1.07419287449667e-14,-0.614488272982626,0.00736998392744065
"ENSMUSG00000026077","Npas2",0.338257522380531,1,0.959611655656113,0.288694467892605,0.368646529496058,1,1.09153323852313,0.0232334852815978,-0.0303890071155268,0.962497131138474,-0.131921582867022,0.642242439383235
"ENSMUSG00000026080","Chst10",-0.136525272198745,1,-0.858721834547797,1,-2.0302757554127,0.0230079939765152,-2.40570491721064,0.36000642033403,1.89375048321396,0.000833358968923394,1.54698308266284,NA
"ENSMUSG00000026090","Cracdl",0.681010050147195,1,2.99222856922971,4.27294574777963e-08,1.59167376601349,0.488218974102914,2.59273986566704,5.45554395119529e-06,-0.910663715866297,0.326783506508423,0.39948870356267,0.471530601134264
"ENSMUSG00000026094","Stk17b",-0.269921587020419,1,-0.856189371151379,6.72766896884352e-05,-1.15140556557233,0.000381180609537209,-1.28764863341022,9.32084385256751e-31,0.881483978551916,1.67253647836763e-09,0.431459262258846,7.48574607547545e-11
"ENSMUSG00000026107","Nabp1",0.245048288545428,1,1.27800542155751,6.61295793965983e-11,0.846409304137573,0.701330321408967,1.38195072003248,9.72613996801875e-15,-0.601361015592145,0.00796597362421779,-0.103945298474973,0.500940812277361
"ENSMUSG00000026126","Ptpn18",-0.246578506311387,1,-0.705588067154528,1,-1.2804564168859,0.00353762394417588,-1.32521618806501,1.23197157611809e-10,1.03387791057452,1.71973372180892e-06,0.619628120910483,8.45190712531373e-07
"ENSMUSG00000026170","Cyp27a1",-0.825444600124591,1,-0.63667945462992,1,-1.66707409157033,0.122030418178659,-1.33902167100424,3.50115746990852e-06,0.841629491445743,0.203622572383493,0.702342216374319,5.86723495515895e-05
"ENSMUSG00000026177","Slc11a1",-0.216809660706362,1,-0.745937790367113,0.3479726748574,-0.903393733752406,0.180514133129634,-1.05816420953032,3.3183382326032e-08,0.686584073046043,2.36606044051191e-05,0.312226419163203,0.00136752051606173
"ENSMUSG00000026180","Cxcr2",0.975672571580551,1,6.11633837659586,5.15312215621942e-09,3.15197544127,3.17007586497983e-05,7.60820758262021,7.32022207679197e-15,-2.17630286968945,0.000301957844880853,-1.49186920602435,5.15145059029803e-08
"ENSMUSG00000026185","Igfbp5",-0.684458067592345,1,0.955693599391719,1,3.9373703305635,0.0800634519774826,4.08151684814272,8.43675223197121e-17,-4.62182839815584,0.00448874668111857,-3.125823248751,1.47611880088895e-15
"ENSMUSG00000026192","Atic",0.46572549744067,1,1.19185024820121,3.40327091695555e-11,1.2614932585558,0.00422901189239876,1.50824130750785,4.70273291461054e-26,-0.795767761115128,0.000356403797023034,-0.316391059306645,0.00224369478930082
"ENSMUSG00000026193","Fn1",-0.228388745929884,1,2.37974112361059,1.07931700349265e-18,2.02475574125517,0.306450127371058,3.37080668530511,2.90998895590606e-45,-2.25314448718506,0.0151032610337314,-0.99106556169452,9.42323344855754e-06
"ENSMUSG00000026196","Bard1",0.171091594795556,1,0.935422457804239,0.854310428612354,0.183699603999418,1,1.49766721849273,0.000773787951057231,-0.0126080092038614,0.983928779512851,-0.562244760688495,0.0704598740758925
"ENSMUSG00000026204","Ptprn",0.294292261331661,1,2.93339225764784,0.00012194596472109,2.12084770884988,0.381716597524487,3.82957581502669,5.76877598085777e-09,-1.82655544751822,0.113200543315389,-0.896183557378853,0.216293508534655
"ENSMUSG00000026278","Bok",0.100923139819687,1,2.22368828424177,0.11500077184031,2.1450363235926,0.179587891845797,4.10929248133407,2.77250624259294e-07,-2.04411318377292,0.02214466022779,-1.8856041970923,0.0042225567918461
"ENSMUSG00000026288","Inpp5d",-0.301237336859755,1,-0.524373746108,1,-0.806917588169012,0.671282395045437,-0.906555638569927,0.000409370472453699,0.505680251309257,0.00685007550803752,0.382181892461927,4.55984292497681e-05
"ENSMUSG00000026365","Cfh",-0.477559746640007,1,-0.720043367879536,1,-1.35879209172968,0.00025626828966793,-1.45600131159757,4.47933972291577e-10,0.881232345089672,1.6888596934027e-05,0.735957943718029,1.04774548722627e-06
"ENSMUSG00000026385","Dbi",0.287438785272742,1,0.689979113884251,0.888930659491052,0.212527925132529,1,0.789485078955628,0.0258868941522226,0.0749108601402125,0.825043911224618,-0.0995059650713776,0.355186159607505
"ENSMUSG00000026389","Steap3",0.15277194848507,1,0.64100197135445,1,0.412357233513912,1,0.928572627701402,5.05119556942879e-06,-0.259585285028842,0.213910073657534,-0.287570656346952,0.00040765269533838
"ENSMUSG00000026456","Cyb5r1",-0.0288537304516622,1,-0.572838736593923,1,-0.548784672984482,1,-0.998685093211132,7.82372630475419e-07,0.51993094253282,5.40257863022141e-05,0.425846356617209,1.63697239844949e-06
"ENSMUSG00000026457","Adipor1",-0.352763756504159,1,-0.5973855287115,1,-1.11191467740137,0.0243876095590523,-1.04159011604729,4.46976220859237e-06,0.75915092089721,0.000177246109708308,0.44420458733579,2.8335274017403e-05
"ENSMUSG00000026463","Atp2b4",-0.571135502768098,1,-0.527267560227343,1,-2.42661654137363,9.31020509423592e-07,-2.2794422951777,1.93421364750091e-07,1.85548103860553,9.84434643282279e-07,1.75217473495035,4.25002852703656e-07
"ENSMUSG00000026473","Glul",-0.330612639060693,1,-0.713118395041705,0.814709797285485,-0.847503987490117,0.578698681273749,-1.25512442425955,5.60358514990214e-14,0.516891348429425,0.0140437006334341,0.542006029217849,1.47316668825929e-08
"ENSMUSG00000026475","Rgs16",0.264847655072744,1,1.63772870086268,0.00690695515867146,1.17275812463968,1,2.10358231711208,4.70009338816981e-06,-0.907910469566932,0.38221480625034,-0.465853616249408,0.273700530590451
"ENSMUSG00000026482","Rgl1",0.558244543239396,1,1.02479900016363,0.000153954272895069,1.79715993845352,4.72246777312552e-11,1.66373878366969,2.5524940967223e-26,-1.23891539521413,1.99568287550854e-11,-0.638939783506064,5.84227718753731e-09
"ENSMUSG00000026495","Efcab2",-0.400439369830905,1,-0.649970868624911,1,-0.466217025892604,1,-1.19643853743463,0.00652470976989004,0.0657776560617,0.922528728091944,0.546467668809722,0.0297675825497996
"ENSMUSG00000026544","Dusp23",0.180356785707003,1,0.636360983526981,1,0.669590032602191,1,0.918251790714471,0.000935785347839513,-0.489233246895188,0.0185346068047318,-0.281890807187491,0.00809156467334113
"ENSMUSG00000026547","Tagln2",0.374069102853983,1,0.755363465859659,0.746242796777255,0.791911551487382,1,1.28495931942337,1.60788279928854e-09,-0.417842448633399,0.143084559661809,-0.529595853563712,3.11961720761679e-05
"ENSMUSG00000026548","Slamf9",0.626951700653656,1,0.680219806200573,1,0.750796779746568,1,1.14067975489116,0.0246491299996504,-0.123845079092912,0.860335558009562,-0.460459948690583,0.0827535757749709
"ENSMUSG00000026556","Vangl2",-0.0629152543685629,1,0.991220964760905,1,1.03858646901073,1,2.18470291564417,0.000684644486156328,-1.1015017233793,0.0824138043248256,-1.19348195088326,0.0153633794672474
"ENSMUSG00000026558","Uck2",0.476593179897724,1,0.937482694463355,0.018077946483385,1.05959621457717,0.00647216130241208,1.21713959331951,1.26374562616206e-07,-0.583003034679444,0.000286545242082613,-0.279656898856151,0.0557403816570593
"ENSMUSG00000026579","F5",-0.317287662667065,1,-0.0170036815059832,1,-0.325860751100861,1,-1.07789830456804,0.0297086253268055,0.00857308843379613,0.993527143975205,1.06089462306206,1.33752217181669e-07
"ENSMUSG00000026580","Selp",0.897930066480456,1,2.71600116162055,4.09920673907163e-07,2.95783975481101,7.40954294830102e-06,3.19424991117767,5.42828813664744e-11,-2.05990968833056,4.65142672423521e-05,-0.478248749557129,0.298192736144446
"ENSMUSG00000026581","Sell",1.26882689405685,1,2.22777771256356,1.49085075319393e-05,1.26431096105079,0.668760040566651,2.11299548353776,3.89828503544383e-05,0.00451593300606772,0.997519711539513,0.114782229025806,0.833494632773821
"ENSMUSG00000026594","Ralgps2",-0.815081917978168,1,-1.25929105258718,0.000781888826034394,-1.61146648482221,0.00265420178012956,-1.68630031493361,9.28684009542235e-10,0.796384566844045,0.0281128742991873,0.427009262346435,0.0652126565277346
"ENSMUSG00000026615","Eprs",0.38361312985318,1,0.415342201656261,1,1.1164892782966,0.0247325599576834,0.661903994378881,0.699397956525486,-0.732876148443419,0.000388436197920425,-0.24656179272262,0.00309513745867785
"ENSMUSG00000026628","Atf3",0.47764570142757,1,1.1900983935858,1.14583268544175e-14,1.29166139445788,0.000363669909489944,1.64016738728107,1.04150112185599e-44,-0.814015693030314,1.98940350399077e-05,-0.450068993695276,6.00013024338375e-08
"ENSMUSG00000026630","Batf3",1.03447503529982,1,2.67023541867736,2.05330791330181e-47,3.55682280765274,8.83324464431103e-16,3.3956480936227,1.17270851617346e-87,-2.52234777235292,1.13630691270686e-12,-0.725412674945339,6.63417463077257e-08
"ENSMUSG00000026637","Traf5",0.275324535529289,1,1.19816517793508,3.27876754242802e-10,2.02834561968501,3.94927435716683e-12,1.65911471775859,1.52734653782674e-31,-1.75302108415572,9.72128890535625e-18,-0.460949539823513,3.20614107528786e-06
"ENSMUSG00000026639","Lamb3",0.321434850528748,1,2.16523166824379,0.000151108115759142,0.748528874469777,1,2.84953005448467,1.6220698065009e-09,-0.42709402394103,0.691852735470375,-0.684298386240873,0.109207311816017
"ENSMUSG00000026640","Plxna2",-0.303133053480401,1,-0.718153638268579,1,-1.06612917154856,0.00416973269331105,-1.1359767655596,7.84130812910375e-05,0.762996118068156,3.64307712936074e-07,0.417823127291021,0.00826089754204352
"ENSMUSG00000026648","Dclre1c",-0.572797487278428,1,-0.722172402607638,1,-1.09863183462167,0.0319023087496185,-1.19626558728614,8.17863462088908e-08,0.525834347343243,0.0191775254837338,0.4740931846785,0.00017502838044156
"ENSMUSG00000026655","Fam107b",-0.302928682201975,1,-0.842636535414124,0.000703935511614315,-0.980925468490831,0.0394927678135894,-1.1392582403094,1.20949668029584e-16,0.677996786288856,1.65209923204054e-05,0.296621704895274,0.000135177916799315
"ENSMUSG00000026669","Mcm10",0.347263564043598,1,0.969304977253525,0.615954858192358,0.336682437064118,1,1.43579170649804,0.00118692290295283,0.0105811269794801,0.986846771391312,-0.46648672924452,0.1346781029631
"ENSMUSG00000026675","Hsd17b7",0.592083287637214,1,1.00172867583063,0.565654997571835,0.925623544015284,1,1.51568318379703,0.000690575828307947,-0.33354025637807,0.734671429816661,-0.513954507966399,0.113418694837685
"ENSMUSG00000026700","Tnfsf4",0.670993793232622,1,0.811673146170913,1,2.59911676930358,0.000557795764657306,1.51124732656461,0.10648896318305,-1.92812297607096,0.000565571942519478,-0.699574180393693,0.216718864018112
"ENSMUSG00000026712","Mrc1",0.909752769132092,0.464619980479085,0.831552162861683,0.0016879538434572,1.6209986467422,8.20253886301366e-20,1.07267450317093,3.36576426678756e-13,-0.711245877610105,2.38368595504144e-09,-0.241122340309247,0.00215433318249104
"ENSMUSG00000026721","Rabgap1l",-0.592130001414193,1,-0.992070171651224,1.11800038479906e-05,-1.12373510453268,0.030052399874403,-1.29528643459711,2.59893017977489e-16,0.53160510311849,0.0244694399703484,0.303216262945885,0.00449011287978746
"ENSMUSG00000026728","Vim",0.28069815084276,1,0.643500001799959,1,0.461203165085649,1,1.06896551265407,0.0482818973897689,-0.180505014242888,0.206657177082399,-0.425465510854107,0.0985101954006557
"ENSMUSG00000026748","Plxdc2",0.332347387666412,1,1.38320201143886,0.00933238006500195,1.15198150957434,0.00192469410363596,1.26555982878904,0.0211080654001943,-0.819634121907933,8.1585389440984e-07,0.11764218264982,0.78352173951705
"ENSMUSG00000026749","Nek6",0.482643329720576,1,1.07565620646748,0.00826740125343037,1.08318657764893,0.00187244012529184,1.45083146730389,1.78789089917362e-08,-0.600543247928351,6.87354067035447e-05,-0.375175260836411,0.04859389507262
"ENSMUSG00000026768","Itga8",-1.17502541344186,1,-0.713198966590811,1,-2.67746958348532,6.89920265278505e-08,-1.07345307767926,0.144444422024529,1.50244417004346,0.000383117814128616,0.360254111088444,0.300224512763574
"ENSMUSG00000026784","Pdss1",0.435615806960233,1,0.897019972897459,0.734625602550882,1.01425426533896,0.606705074425636,1.11859761999194,0.0353681837177357,-0.578638458378724,0.13974166414941,-0.22157764709448,0.437645637322092
"ENSMUSG00000026785","Pkn3",-0.034656792030989,1,0.667569650736337,1,0.359868267334553,1,1.14078107573227,0.00259907120860457,-0.394525059365542,0.378956772772445,-0.47321142499593,0.0160939435928576
"ENSMUSG00000026796","Niban2",0.557881648675462,1,1.357531531793,1.47851027312903e-18,1.42919039331128,0.000898968110486759,1.76084676511603,3.36568142004785e-43,-0.871308744635814,0.000489187395819165,-0.403315233323031,3.85480235129185e-05
"ENSMUSG00000026807","Ak8",0.319745446062749,1,1.58987477183307,2.26188613400095e-16,1.29846151044216,0.000595370777731913,1.94087606926118,3.20363113265387e-30,-0.978716064379414,2.88990762189439e-07,-0.351001297428107,0.0103319430776941
"ENSMUSG00000026815","Gfi1b",2.87808625935485,1,7.90520010858021,8.33702682305945e-08,6.875094805605,0.000266727030303417,8.44689766941124,2.43126440473369e-09,-3.99700854625015,NA,-0.541697560831035,0.341709766615462
"ENSMUSG00000026817","Ak1",0.0656990801156941,1,0.911578499825226,0.581172000979299,0.716986757820028,1,1.82160715435186,6.81279755013468e-10,-0.651287677704334,0.0188057908488278,-0.910028654526637,2.8335274017403e-05
"ENSMUSG00000026821","Ralgds",0.411534433374956,1,1.45500620004366,2.49253865034133e-16,2.28812464963873,8.78286998449607e-19,1.77808627196128,5.8076434197632e-31,-1.87659021626378,1.38188606565938e-22,-0.323080071917624,0.010555419517648
"ENSMUSG00000026832","Cytip",0.115199437232233,1,0.723312291223464,0.873229976939708,0.512244486018969,1,0.913701032000573,0.00333634154846046,-0.397045048786736,0.0755320371527341,-0.190388740777109,0.149521113893115
"ENSMUSG00000026833","Olfm1",0.812331158909894,1,2.37279889281786,1.42068672894234e-95,3.090508483737,9.47480402883138e-22,3.12653459191517,3.97261600302343e-195,-2.27817732482711,6.29619997448783e-18,-0.753735699097316,9.91982130405e-19
"ENSMUSG00000026842","Abl1",-0.361353856660037,1,-0.566418260104786,1,-0.803090440548623,0.871766232252352,-0.906319853080229,0.000717603019788785,0.441736583888587,0.0563039269332347,0.339901592975443,0.000688655347132105
"ENSMUSG00000026856","Dolpp1",0.218290944770998,1,0.742948686940294,0.388601566138722,0.833495026595323,0.831101697781967,0.864472616384569,0.00327771177047794,-0.615204081824326,0.00988374037275094,-0.121523929444275,0.289115900718227
"ENSMUSG00000026858","Miga2",0.307219481858292,1,0.87176108164646,0.129952022485238,0.884412086498196,0.898708941123207,1.06913810915814,0.000226904296494713,-0.577192604639904,0.0790122408143285,-0.197377027511676,0.220717713752779
"ENSMUSG00000026866","Kynu",-0.503739632107758,1,2.05383275029376,2.38279627724619e-06,0.440998964984724,1,1.91565566766031,1.46552717584436e-05,-0.944738597092482,0.271432188582733,0.138177082633444,0.761064792794136
"ENSMUSG00000026883","Dab2ip",0.200707923176712,1,1.72740551569195,0.0207810689155966,2.27618003104707,1.84086718987487e-06,3.04474721110274,1.80129227184274e-10,-2.07547210787036,1.45861116404349e-09,-1.31734169541079,0.00311083669060371
"ENSMUSG00000026885","Ttll11",2.69406851767121,1,3.58991122584363,6.80289232483782e-07,6.81576751141349,2.95024741493419e-10,5.03229234834171,1.52737782717941e-15,-4.12169899374228,1.65376982587127e-08,-1.44238112249808,0.00147854599484224
"ENSMUSG00000026923","Notch1",-0.422722837203759,1,-0.567549289482124,1,-0.545099945843283,1,-0.996823674561243,0.000211309922766512,0.122377108639524,0.807063794750509,0.429274385079119,0.000269924197141258
"ENSMUSG00000026958","Dpp7",0.142517774160627,1,0.59180575111921,1,0.375024908934727,1,0.779024123495248,0.00642163984701341,-0.2325071347741,0.22166148032616,-0.187218372376038,0.0126983195671466
"ENSMUSG00000027009","Itga4",-0.575455974963997,1,-0.656877845402542,1,-1.25066244579794,0.0123116023920612,-1.34816605387942,6.72981282591991e-16,0.675206470833945,0.00827372279184863,0.69128820847688,3.32434720165788e-12
"ENSMUSG00000027030","Stk39",-0.505146773055715,1,0.951507513207996,1,1.27956499688268,1,1.98446158866379,0.00586051225733853,-1.78471176993839,0.376107793590324,-1.0329540754558,0.0438298905740889
"ENSMUSG00000027048","Abcb11",1.92627555354474,1,1.19050637173882,1,3.48871208160251,0.0265395376661494,2.61332638184196,0.0395556527862737,-1.56243652805776,NA,-1.42282001010315,NA
"ENSMUSG00000027068","Dhrs9",1.44628676429923,1,3.00604175843149,2.33304979323086e-70,3.02593365866206,6.8824326529067e-09,3.67379632380911,6.27445961065162e-115,-1.57964689436283,0.00059722794119677,-0.667754565377619,1.5218274529803e-05
"ENSMUSG00000027111","Itga6",-0.473591901521164,1,-1.09661653778416,2.10497474220083e-20,-1.7195920981656,3.86086978261822e-19,-1.5779398630655,7.72653402617901e-76,1.24600019664443,1.08023719893468e-22,0.481323325281346,6.13468478922961e-17
"ENSMUSG00000027130","Slc12a6",-0.204152055924444,1,-0.468372941351491,1,-0.586977921694484,1,-0.788702056163903,0.00603520229909285,0.38282586577004,0.017422223595552,0.320329114812412,8.54489407437382e-06
"ENSMUSG00000027171","Prrg4",-0.344633423256329,1,-0.70257318279006,1,-1.71908750643861,7.28731359590105e-05,-1.01944920690296,0.0955633706637658,1.37445408318228,6.9042103965943e-07,0.316876024112902,0.256178554691834
"ENSMUSG00000027173","Depdc7",-0.198412321220812,1,-0.45883323639555,1,-1.20853474033054,0.0339974680683883,-0.924231741143495,0.334723433783963,1.01012241910973,4.18063950533889e-05,0.465398504747945,0.0983821785580713
"ENSMUSG00000027199","Gatm",1.13245087909678,0.104582212381339,1.5671655166264,2.88483046197932e-41,1.59713021699224,3.39935559690108e-09,1.70690867397726,3.97937189459197e-54,-0.464679337895467,0.0221195141491985,-0.139743157350861,0.157191780786125
"ENSMUSG00000027200","Sema6d",0.175767649238086,1,0.116663927453089,1,1.39201504030523,0.00784586908042727,0.02865330580634,1,-1.21624739106714,5.12457897251426e-06,0.0880106216467486,0.79669172996472
"ENSMUSG00000027203","Dut",0.481719704715033,1,1.25634513715895,0.00204960255686468,2.01762169719479,8.93739776339366e-06,2.4327526711642,8.82318545629551e-25,-1.53590199247975,1.38451389860818e-06,-1.17640753400526,3.23125181400169e-10
"ENSMUSG00000027215","Cd82",-0.212542584098451,1,-0.555873422598722,1,-0.811283650477952,0.591638054061103,-0.920637055027177,4.52661013691169e-06,0.5987410663795,0.000463380539540164,0.364763632428455,2.4441767319909e-06
"ENSMUSG00000027230","Creb3l1",-0.0681161553955553,1,0.460922766822261,1,0.094864344602485,1,1.03708748719022,0.0254643372973693,-0.16298049999804,0.64570499454679,-0.576164720367962,0.00334924080034552
"ENSMUSG00000027296","Itpka",0.304213750567426,1,2.85987347831564,0.0144272294096508,-1.45461956618078,1,2.50363102560895,0.0337790381420897,1.75883331674821,NA,0.356242452706697,NA
"ENSMUSG00000027315","Spint1",-0.547143168506733,1,1.80520551109474,0.0745528340731248,2.24223076744624,0.0570475460323068,2.48546113557831,0.000163469207176497,-2.78937393595297,0.000208759106136656,-0.680255624483562,0.205525339948168
"ENSMUSG00000027316","Gfra4",-0.0754250150166974,1,-1.58108451110407,8.62015458168437e-09,-0.770694641509258,1,-1.99838030719366,2.11526253492375e-16,0.69526962649256,0.283873408319569,0.417295796089589,0.0755401334686279
"ENSMUSG00000027318","Adam33",-0.437010910643741,1,-0.921269507034307,0.731568441765371,-0.668070418270784,1,-1.46170109945136,0.00038496964919847,0.231059507627043,0.855856255909483,0.540431592417053,0.0672576141629904
"ENSMUSG00000027322","Siglec1",0.113413486453784,1,-0.387829543744022,1,-0.582550648014238,1,-0.9647018583474,0.00113965590718644,0.695964134468022,0.199574860499494,0.576872314603378,5.3545153738795e-07
"ENSMUSG00000027326","Knl1",0.034734139673788,1,0.741786729648119,1,-0.0843441646053091,1,1.1686525448476,0.00455508744946542,0.119078304279097,0.766716878930659,-0.426865815199484,0.0625826109211354
"ENSMUSG00000027333","Smox",-0.222309413045298,1,-0.920474113937256,1.00063764977218e-05,-1.17107571471469,0.00798689307529409,-1.23172878715938,3.463339091511e-20,0.948766301669388,1.00790163262336e-06,0.311254673222124,0.000155008112571637
"ENSMUSG00000027339","Rassf2",-0.496779615650075,1,-0.627808065073474,1,-1.45184488966338,3.02068103623387e-06,-1.20999906135054,1.86488766467251e-08,0.955065274013305,1.94966372926188e-07,0.582190996277063,9.23794220481795e-07
"ENSMUSG00000027342","Pcna",0.436541200103644,1,0.700308655161712,1,0.601549188384161,1,1.11343561526791,0.0375850951662938,-0.165007988280517,0.727897520605341,-0.413126960106201,0.133200014702183
"ENSMUSG00000027347","Rasgrp1",2.13577081944196,1,6.01523896654134,9.59988773926878e-47,6.44145170434475,8.99777401336158e-08,7.12807183161373,1.55536383615304e-68,-4.3056808849028,9.71566393401744e-05,-1.11283286507239,3.96558678733754e-12
"ENSMUSG00000027353","Mcm8",0.194608323257732,1,0.613848393012641,1,0.268907753901546,1,1.30432588163516,0.0270821065829302,-0.0742994306438138,0.894956178135459,-0.690477488622517,0.0382159860063864
"ENSMUSG00000027358","Bmp2",-0.718136811830102,1,-1.13150225394166,0.0173296301226489,-1.28873019734989,0.453766268721576,-1.76860891596006,1.2341868856823e-10,0.570593385519785,0.391679172007861,0.637106662018409,0.00334924080034552
"ENSMUSG00000027368","Dusp2",0.147253775658683,1,0.819687171400868,1,0.906457035943758,0.897648768939411,1.35775151807527,0.00364503462013428,-0.759203260285075,0.0225462015610155,-0.538064346674399,0.0670475452497621
"ENSMUSG00000027435","Cd93",-0.331275863428484,1,-0.574293029548546,1,-1.36298280089758,6.46509042107188e-08,-0.852193665510372,0.000182237001491778,1.0317069374691,1.47034297403841e-13,0.277900635961825,0.000234353634994274
"ENSMUSG00000027457","Snph",-2.56594961060689,1,7.20547943068561,4.76075930200077e-06,2.14925108609784,1,7.10866840961511,3.23417114184237e-06,-4.71520069670473,NA,0.0968110210705031,NA
"ENSMUSG00000027470","Mylk2",2.06793299679121,1,5.51546955854513,0.00834529880308305,4.76940945332593,0.0283940133562621,6.49389064630349,0.000267894797479697,-2.70147645653472,NA,-0.978421087758359,NA
"ENSMUSG00000027488","Snta1",-0.646415848564885,1,-0.90404857109429,0.00684427657797473,-1.08446900619807,0.415914718672415,-1.42887078887783,2.98853823148109e-17,0.438053157633186,0.327699748988555,0.524822217783537,3.97677325985427e-06
"ENSMUSG00000027506","Tpd52",-0.106024196523947,1,-0.494442334549531,1,-0.682971735778543,0.908801076984108,-0.724682004719623,0.0108286260456442,0.576947539254595,2.55900180081108e-11,0.230239670170092,1.06546747985279e-05
"ENSMUSG00000027544","Nfatc2",-0.427272848498609,1,-0.863484578271663,0.0086318566502463,-1.32319262709221,0.000272367286376802,-1.24932256074619,1.30651584955636e-14,0.895919778593603,4.03726791423516e-06,0.385837982474531,8.50136137746514e-05
"ENSMUSG00000027562","Car2",2.29804874146019,0.363433853084712,3.7170820990932,7.13165365110391e-10,6.89185333571843,6.43878522621799e-32,5.83530974156304,4.56161282593446e-28,-4.59380459425824,1.30585841245199e-36,-2.11822764246983,6.65442487437454e-06
"ENSMUSG00000027569","Mrgbp",0.477462188474488,1,0.422125899175312,1,0.916265697505067,0.541184856455764,0.890611463575327,0.0377799251995149,-0.438803509030579,0.121339091358014,-0.468485564400016,0.000512951281495576
"ENSMUSG00000027583","Zbtb46",0.304306077833525,1,3.60886020028028,2.88323825007295e-20,3.11822682912925,1.9723704084647e-07,4.50252932261049,6.96580476449306e-35,-2.81392075129573,2.21895852936066e-09,-0.893669122330202,0.000397986664152291
"ENSMUSG00000027641","Rbl1",0.236024571563324,1,0.672849002072418,1,0.225004159761105,1,0.953031548586071,0.00045569745885989,0.0110204118022187,0.982717020387846,-0.280182546513652,0.0163455892514683
"ENSMUSG00000027646","Src",-0.187784007303893,1,1.43582320558319,0.00050781443489103,1.39354676189687,0.0665138847693051,2.3083655742544,3.64018861982106e-16,-1.58133076920076,4.42752146243866e-06,-0.872542368671217,0.000190925504524649
"ENSMUSG00000027656","Ccn5",-0.625392323073941,1,-2.44435295790607,0.227991174439565,-3.69254513922607,0.00115767622431837,-1.06094652850944,1,3.06715281615213,0.00141609112554368,-1.38340642939663,NA
"ENSMUSG00000027660","Skil",-0.0199642444313688,1,-0.522182581119545,1,-0.878972263057207,0.898708941123207,-1.23504507189481,5.36260165353195e-07,0.859008018625838,0.00307890341243146,0.712862490775262,1.39840262525799e-07
"ENSMUSG00000027661","Slc2a10",-0.306358927479553,1,2.55325587974612,0.288694467892605,4.29140656624195,1,5.38452294375618,7.31394017334676e-07,-4.59776549372151,NA,-2.83126706401006,4.3925232442713e-05
"ENSMUSG00000027669","Gnb4",0.533264895672454,1,1.25443227532387,3.44390358791576e-05,1.41094305966473,0.000264612089794996,1.69261853817581,3.77335530864276e-14,-0.877678163992281,7.08942306263244e-05,-0.438186262851937,0.0124419467651434
"ENSMUSG00000027670","Ocstamp",3.06481552683997,0.0759384732702285,8.04006720107686,3.50096282688952e-53,7.34298957936531,2.0645969659072e-21,9.54273840645644,3.71488602893898e-77,-4.27817405252534,7.29378332542964e-10,-1.50267120537958,0.000348183809103686
"ENSMUSG00000027737","Slc7a11",0.861356623831209,1,1.9058532215474,2.24201217381002e-61,2.40266978109493,5.56650189365306e-15,2.29256773811625,1.5819658910773e-103,-1.54131315726372,6.74028561185096e-11,-0.386714516568849,3.20914519706651e-06
"ENSMUSG00000027748","Trpc4",1.40887656947656,1,5.40814538637147,0.012522189735039,2.2434397247739,0.149836752947962,6.05103875412287,0.00115949995684168,-0.834563155297346,0.473648962551072,-0.642893367751398,NA
"ENSMUSG00000027765","P2ry1",1.07372171738627,0.452370261344057,3.15069616847715,3.5986127204965e-152,2.40537637378366,9.06103952402549e-28,3.63160594385653,1.07556647624279e-216,-1.3316546563974,4.63733938793948e-15,-0.48090977537938,3.1213081286595e-08
"ENSMUSG00000027784","Ppm1l",-0.792709058122561,1,-1.24770420601226,0.00215131147596839,-0.651690170809923,1,-1.59666484522374,2.55158596305508e-07,-0.141018887312638,0.875844554957992,0.348960639211484,0.194519503108238
"ENSMUSG00000027797","Dclk1",-1.02133900528768,1,2.62851290417396,2.28488235620801e-14,3.59623916873838,0.0761200260291563,4.00484868553591,4.14923294551588e-42,-4.61757817402605,0.000799335975602785,-1.37633578136195,2.34613965773963e-12
"ENSMUSG00000027808","Serp1",-0.201387458039593,1,-0.631160800816181,1,-0.253258210751566,1,-0.878043424286891,0.00392144494516247,0.0518707527119723,0.876928455533695,0.24688262347071,0.0276146327657266
"ENSMUSG00000027832","Ptx3",0.312028344852515,1,2.51045228180861,0.296656909931847,1.2853893625816,0.898708941123207,3.06585595030039,0.0321617552955223,-0.973361017729084,0.254015102435716,-0.555403668491776,NA
"ENSMUSG00000027878","Notch2",-0.515834254650489,1,-0.59154109656294,1,-0.713854022705422,1,-1.16148099028308,0.000139291628176761,0.198019768054933,0.634346111020595,0.569939893720139,0.000416561053955026
"ENSMUSG00000027889","Ampd2",0.131474980145211,1,0.666060013362341,1,1.04059820057996,0.0181368218935184,0.989455710908955,1.98350223497776e-06,-0.909123220434753,9.66215434470477e-09,-0.323395697546613,0.00045687406836649
"ENSMUSG00000027907","S100a11",0.285328444364221,1,0.8905914604256,0.0386008297022851,0.123046768222973,1,0.871848325386699,0.0309239212254882,0.162281676141248,0.706615608558736,0.0187431350389018,0.927640610069488
"ENSMUSG00000027932","Slc27a3",-0.0271354298129735,1,1.97022150456363,1.45697615124664e-08,1.48850285325166,0.624114632971411,3.25855984211727,5.26146658971049e-33,-1.51563828306463,0.0559000058766941,-1.28833833755364,4.25895817936537e-10
"ENSMUSG00000027947","Il6ra",-0.660870951303411,1,-0.530594163806839,1,-1.13595965832007,0.0781064873095059,-1.07296082081637,0.002349630879563,0.475088707016662,0.106839609964447,0.542366657009533,0.00115099833187708
"ENSMUSG00000027954","Efna1",-2.24350702059163,1,-0.920035151378396,1,-5.98808609926246,0.0282172536423367,-1.25973071756422,0.39962269122653,3.74457907867083,NA,0.339695566185829,0.656776667669153
"ENSMUSG00000027955","Gask1b",0.748386134956911,1,1.24814029949318,1.41805476895964e-05,1.57435136202459,2.04304808471094e-09,1.77491030161231,9.17925734594264e-18,-0.825965227067676,1.2838349720207e-06,-0.526770002119124,0.00113234389563694
"ENSMUSG00000027993","Trim2",0.0990317855744854,1,1.06945129619087,0.111611628816387,0.555862682174352,1,1.18626357292841,0.00969984287919856,-0.456830896599867,0.175167068385481,-0.116812276737536,0.713019987034679
"ENSMUSG00000027994","Mcub",0.194864728855623,1,0.70796347437195,0.961673254673503,0.720610793789524,1,0.866871490382097,0.00845974332059271,-0.525746064933902,0.00325974849946328,-0.158908016010147,0.202915738864419
"ENSMUSG00000027995","Tlr2",-0.946320804678698,1,-1.30598574109531,0.142252415400693,-2.88816597497833,2.26854834964401e-29,-2.27470925382094,1.37309044534405e-07,1.94184517029964,1.66499698494201e-20,0.96872351272563,0.0104495351383552
"ENSMUSG00000027997","Casp6",0.121751800146759,1,0.838474304820963,0.00294983664260134,1.12724169707554,0.000417658903655962,1.24570396046347,5.33600328073438e-21,-1.00548989692878,2.64855749984825e-13,-0.407229655642504,4.04749590556152e-08
"ENSMUSG00000027999","Pla2g12a",0.206779783135856,1,0.378631955791497,1,0.915844334580987,0.484881010775605,0.978607816789525,0.00587640508791774,-0.709064551445131,0.00247462690308984,-0.599975860998027,8.74734763663709e-06
"ENSMUSG00000028019","Pdgfc",-0.133087071029377,1,-1.20194927250187,0.501697854908523,-0.536220853460139,1,-2.12736723279693,4.90572411567257e-05,0.403133782430761,0.719274055248376,0.925417960295063,0.0402720695348658
"ENSMUSG00000028031","Dkk2",-0.719325516263438,1,-0.930485616784969,0.691494738832901,-3.27612392027335,1.91910892689762e-07,-2.13749746302805,9.22379184081347e-11,2.55679840400991,1.3555652940057e-06,1.20701184624308,5.10274078897922e-06
"ENSMUSG00000028037","Ifi44",-0.958821899040511,1,-1.10528497227367,0.969566070992321,-1.65412189089047,0.511713759358905,-2.56259069661282,8.40555304601197e-06,0.695299991849956,0.552629881442231,1.45730572433915,0.00426820500048704
"ENSMUSG00000028044","Cks1b",0.302091818200387,1,0.92305739514506,0.293844138508321,0.296960782074245,1,1.27458098863063,0.000133716991910114,0.00513103612614235,0.992287416069198,-0.351523593485565,0.101771816117777
"ENSMUSG00000028063","Lmna",0.493247737891282,1,0.733481490541816,0.845464976597035,0.86424409907093,0.336822730120703,0.990839066028387,0.000367726637901822,-0.370996361179649,0.0560900933264316,-0.257357575486571,0.0538264701017599
"ENSMUSG00000028069","Gpatch4",0.448973478755106,1,0.561824344353965,1,0.813600769460656,0.81949958111101,0.990514734043136,0.0354161731895508,-0.36462729070555,0.136134771886845,-0.428690389689171,0.0256128323312238
"ENSMUSG00000028073","Pear1",-0.144767848400732,1,1.18117142250899,1,-0.185537247868691,1,2.51898049614033,0.00403153366501078,0.0407693994679586,NA,-1.33780907363134,NA
"ENSMUSG00000028111","Ctsk",0.361599449801386,1,1.75781794848974,7.93636260103317e-21,1.30732870527981,0.0164072949303911,2.07520601440075,3.883042088795e-34,-0.945729255478428,0.000408595694125345,-0.317388065911008,0.0234209198447494
"ENSMUSG00000028121","Bcar3",0.895326349529799,1,1.86394210087278,4.38243199842097e-35,2.31926671530557,3.48520815367322e-17,2.38891271600693,3.19255301522613e-70,-1.42394036577577,1.40520215039532e-11,-0.52497061513415,3.55565972334864e-06
"ENSMUSG00000028128","F3",0.770713888504689,1,3.06884022206024,4.92230587613893e-10,3.45018069588346,6.83954887586825e-10,3.95622148802842,6.7752922797029e-19,-2.67946680737877,5.40883690436104e-09,-0.887381265968175,0.0293429395973418
"ENSMUSG00000028152","Tspan5",0.444642983756775,1,1.51797529371655,5.53807808352157e-21,1.52690645600436,0.00195090002273049,1.94920355184969,2.31021149799987e-45,-1.08226347224758,0.000183297358031013,-0.431228258133143,6.29804332977942e-05
"ENSMUSG00000028212","Ccne2",0.49184581046397,1,0.890581095613648,1,0.788838996938343,1,1.25934899830143,0.0301696243664033,-0.296993186474373,0.509444767240247,-0.368767902687784,0.299607822951735
"ENSMUSG00000028229","Rmdn1",-0.268063653036172,1,-0.756162341374788,0.657786465289652,-1.0998896269021,0.119422203463037,-1.07712598805287,3.40212106930344e-05,0.831825973865926,0.00108688525890548,0.320963646678079,0.0234535943147253
"ENSMUSG00000028238","Atp6v0d2",0.953200180755943,1,1.73786631943326,2.08466836289747e-40,2.07765559928809,3.49447506334537e-11,1.97062113845485,1.14897197560215e-58,-1.12445541853215,2.0154529856389e-06,-0.232754819021589,0.0364914964461068
"ENSMUSG00000028251","Tstd3",0.243269775602321,1,0.619242150582203,1,0.444644048219732,1,0.972489936400864,0.0119674618593507,-0.201374272617411,0.407107419912442,-0.353247785818661,0.0295204709878743
"ENSMUSG00000028261","Ndufaf4",0.434865455936406,1,0.279622271481672,1,1.1403386247553,0.0286737008965973,0.499755654954951,1,-0.705473168818895,0.00160249289810607,-0.220133383473278,0.112305165156304
"ENSMUSG00000028270","Gbp2",-0.674201538481579,1,0.564326803509682,1,-0.359966816685718,1,0.876201872147643,0.00384171313867644,-0.314234721795861,0.456944286534992,-0.31187506863796,0.00270502264546307
"ENSMUSG00000028327","Stra6l",0.172223259793898,1,1.33483978322107,2.04973138438499e-12,0.27259179891051,1,1.45262579487927,7.67877675649911e-17,-0.100368539116612,0.761099308324012,-0.117786011658196,0.398631720940748
"ENSMUSG00000028339","Col15a1",-0.381092720440445,1,-1.35228949817839,0.0435155146834402,-1.86531376820091,0.0588395322390745,-2.12653616189042,8.55716923937089e-07,1.48422104776047,0.0135603346999086,0.774246663712035,0.0535234975290038
"ENSMUSG00000028405","Aco1",0.214372815625691,1,0.608463838056697,1,0.734649260354335,0.56457199645153,0.839107293312707,1.01918597996255e-05,-0.520276444728644,5.3046572109565e-07,-0.23064345525601,0.000172784456510076
"ENSMUSG00000028435","Aqp3",1.02168972293537,1,5.61383420960859,8.37165725051917e-05,4.24921538921036,0.00417030636020523,7.2076726837434,1.48579801128427e-08,-3.22752566627499,NA,-1.59383847413481,0.00108261984153973
"ENSMUSG00000028445","Enho",0.563521160732386,1,-1.67348754074793,0.20156919763485,-1.29712053350158,1,-2.0352104063666,0.0185909601211749,1.86064169423397,NA,0.361722865618671,0.683703609135918
"ENSMUSG00000028459","Cd72",0.835916036214547,1,0.800380734486188,0.359356893780766,1.41167560365006,0.00666646012921133,0.995906627102871,0.000899215427794739,-0.575759567435512,0.0782320531970179,-0.195525892616684,0.200601849859447
"ENSMUSG00000028464","Tpm2",-0.207715441141096,1,1.03910352801439,1,1.02601793443697,1,1.85850604880422,0.00107007727356217,-1.23373337557806,0.408907098519125,-0.819402520789828,0.0644061016632741
"ENSMUSG00000028480","Glipr2",0.296137442622991,1,2.29981274137917,1.49824107273345e-09,1.12518587190241,0.0572375542534038,3.02810271851189,1.07209583287889e-19,-0.829048429279418,0.000340982149577639,-0.728289977132718,0.0187874523816328
"ENSMUSG00000028496","Mllt3",0.177272126358097,1,0.57711605853492,1,0.864170517286219,0.161847313021603,0.911448544251813,6.47596239758909e-05,-0.686898390928122,3.75049508183166e-07,-0.334332485716893,6.55646715007402e-05
"ENSMUSG00000028497","Hacd4",-0.469872146865498,1,-0.592185351054174,1,-1.32736778748841,0.00384525793102608,-1.1443092552637,1.26724550271726e-07,0.857495640622917,0.000427734062423735,0.552123904209523,8.70654314223597e-07
"ENSMUSG00000028518","Prkaa2",0.238584601820362,1,0.841345065345453,1,2.76078603132625,5.13524198025012e-09,2.12684682943983,0.0016750242727709,-2.52220142950589,5.12766627245856e-12,-1.28550176409438,0.012139332082448
"ENSMUSG00000028527","Ak4",0.710921646008572,1,1.31480455357213,4.15729298710322e-05,1.58198807864909,0.923128300648488,1.82629133698741,1.0142665356204e-14,-0.871066432640514,0.554244827178124,-0.511486783415285,0.0064386283587129
"ENSMUSG00000028552","Eps15",-0.260425652995333,1,-0.62379503200145,1,-0.510116781839989,1,-0.902180282119674,0.000443430560740568,0.249691128844656,0.241114332001455,0.278385250118224,0.00492715858934711
"ENSMUSG00000028555","Ttc39a",-0.334268741567858,1,-1.10344246710548,0.537536439423599,-1.56490768934506,0.00497190894480774,-1.44183081522476,0.0270642638792397,1.2306389477772,0.000173601200452654,0.338388348119277,0.507089760146383
"ENSMUSG00000028602","Tnfrsf8",0.343116376529622,1,1.19899556037971,0.0293723407650295,0.645545176796948,1,0.961207613433641,0.252102549290943,-0.302428800267327,0.62309774868032,0.237787946946066,0.425666471434053
"ENSMUSG00000028614","Ndc1",0.398965158903758,1,0.662760284171656,1,0.637588087545369,1,1.01626868111355,0.0469894543614089,-0.238622928641611,0.421082415420961,-0.353508396941891,0.123709429686325
"ENSMUSG00000028626","Col9a2",-0.233489827754221,1,5.79580827632437,0.00168983949886977,1.26723932189421,1,5.73177801835177,0.000996252577959331,-1.50072914964843,NA,0.0640302579726007,NA
"ENSMUSG00000028633","Ctps",0.542995081481123,1,0.738714378479482,1,1.24922744706265,0.815760494502558,1.2394252535657,0.003871178746532,-0.706232365581528,0.392993546022911,-0.500710875086218,0.0440532795374596
"ENSMUSG00000028634","Hivep3",0.411618246832536,1,0.694703575049397,1,1.52330512954142,3.98723026177917e-08,0.882239416495067,0.109439013203342,-1.11168688270889,2.89116567544506e-11,-0.187535841445671,0.339357343689865
"ENSMUSG00000028645","Slc2a1",0.53016060901284,1,0.670736850124596,1,1.11111400023093,0.781523799080585,0.897634600254582,0.0192991790241511,-0.580953391218093,0.35047239227808,-0.226897750129985,0.125169408767198
"ENSMUSG00000028671","Gale",0.405770604057006,1,0.756166684320487,1,0.870762394373784,1,1.2672816952548,6.55862303247964e-07,-0.464991790316778,0.406081501391259,-0.511115010934316,0.000358456434977233
"ENSMUSG00000028680","Plk3",0.872850188644226,1,1.63265723534121,9.83154914223245e-06,2.42848860088274,2.32282803616804e-12,2.2621587710386,9.20461181838644e-15,-1.55563841223851,2.6409361323485e-09,-0.62950153569739,0.015054582714809
"ENSMUSG00000028702","Rad54l",0.234885446734038,1,0.63131195631376,1,0.415098196570287,1,1.08476495599263,0.0142330538930968,-0.18021274983625,0.652982795052072,-0.453452999678874,0.0343129558881065
"ENSMUSG00000028716","Pdzk1ip1",-0.437474537391882,1,-0.383780407602763,1,-2.03635248309687,2.68699653230555e-07,-0.799067920380288,0.32387744701372,1.59887794570499,1.33884547061875e-08,0.415287512777524,0.0114832746947147
"ENSMUSG00000028777","Gnat3",1.32289850595284,1,1.88188135675765,0.0040386677919124,2.39253122616838,4.86368160732204e-05,1.93722669045614,0.00110666570114325,-1.06963272021554,0.0276308485560632,-0.0553453336984902,0.931732031218284
"ENSMUSG00000028789","Azin2",1.09330637675071,1,2.21743537315616,6.17996193024882e-16,1.94251794522208,3.06466424192061e-06,2.767378367401,5.69536870880126e-29,-0.849211568471368,0.00508816010964956,-0.549942994244833,0.0126839640027345
"ENSMUSG00000028792","Ak2",0.764354166070761,1,1.65507423301059,6.71717548241805e-34,1.96952372817021,6.64668800216588e-15,2.09433757992903,8.24056829385464e-68,-1.20516956209945,2.93084412662173e-11,-0.439263346918438,6.29578812102216e-06
"ENSMUSG00000028793","Rnf19b",0.966114507839201,0.132599415156502,1.72481515034322,3.6875394415333e-103,2.19728430877205,5.4708593828844e-46,2.06035796925806,1.71085090581091e-173,-1.23116980093285,7.01834353277105e-27,-0.335542818914835,4.51200562311029e-09
"ENSMUSG00000028826","Maco1",-0.0863308760639529,1,-0.739685159023115,0.133334863529798,-0.128029002945975,1,-0.829334750043209,0.000847112881845791,0.0416981268820217,0.872354807072654,0.0896495910200938,0.354809937756778
"ENSMUSG00000028843","Sh3bgrl3",0.237571507506769,1,0.672820492334049,1,0.422735570698654,1,0.9598167435934,7.18518407266026e-06,-0.185164063191885,0.362366215137486,-0.286996251259351,0.00208866774870754
"ENSMUSG00000028862","Map3k6",0.5358009817609,1,1.01092643453062,0.235152089099038,0.979832895991162,0.988330137395332,1.35872688994449,0.000403146062783626,-0.444031914230261,0.451013390016967,-0.347800455413871,0.185343759547841
"ENSMUSG00000028873","Cdca8",0.332967535747298,1,0.584970498029621,1,0.204545308876374,1,0.981320823278059,0.0337282567780528,0.128422226870925,0.645867290475935,-0.396350325248438,0.0373686003825619
"ENSMUSG00000028893","Sesn2",-0.38648456781604,1,-0.677030211612889,1,-0.369870705304391,1,-0.927589415447751,6.50100027529186e-05,-0.0166138625116487,0.966286048872632,0.250559203834862,0.0110592628460732
"ENSMUSG00000028909","Ptpru",-0.193620418396033,1,-2.17127623360076,0.484175227087775,-2.40452559769774,0.704904742682004,-4.3468921473378,0.0164129310157549,2.2109051793017,NA,2.17561591373704,NA
"ENSMUSG00000028940","Hes2",-1.42732401470361,1,3.18537126679001,0.000200887667571269,1.18156036043274,1,3.33964765247106,2.98217933232023e-05,-2.60888437513636,NA,-0.154276385681057,0.838980297648362
"ENSMUSG00000028957","Per3",-0.402021180913346,1,-1.04006258714169,0.00986221890905127,-1.54870585172163,0.00649121493135364,-1.70710782901071,7.50996962462801e-15,1.14668467080828,0.000551675431231153,0.667045241869021,4.90189438192193e-05
"ENSMUSG00000028967","Errfi1",0.503864939213656,1,0.685986708424688,1,1.10064901504749,0.0739379240669377,0.942549273878297,0.00367776469545646,-0.59678407583383,0.0162654212708148,-0.256562565453609,0.0563277305226103
"ENSMUSG00000029009","Mthfr",-0.454445235276018,1,-0.573332082797549,1,-0.711189109078931,1,-0.801639637695112,0.0222703544928552,0.256743873802913,0.141865276638279,0.228307554897563,0.0204861270473692
"ENSMUSG00000029059","Prxl2b",-0.211730765062588,1,-0.96621390251778,0.000150803240974959,-1.15884181783245,0.16657096909854,-1.1980765887534,2.75900200215754e-11,0.947111052769866,0.00203026396327857,0.231862686235615,0.0505523998506663
"ENSMUSG00000029082","Bst1",0.0888683925032662,1,0.742176144515507,1,0.154227907688769,1,1.08312576676925,0.0363995060211576,-0.0653595151855023,0.9086970283807,-0.340949622253746,0.187237534050828
"ENSMUSG00000029096","Htra3",0.0579917670776059,1,-0.878189174699112,1,-2.0668759091407,0.47028469301733,-2.34030542724451,0.00767521402193523,2.12486767621831,NA,1.4621162525454,0.0491331416559475
"ENSMUSG00000029135","Fosl2",0.347762453847967,1,1.07009831355006,0.00017275723083752,1.87644448140508,1.76963591890678e-18,1.63870195579307,1.75449532267627e-20,-1.52868202755711,1.47806017953289e-25,-0.568603642243015,6.93731361853674e-06
"ENSMUSG00000029161","Cgref1",-0.0481651631759372,1,0.66095939499291,1,0.47094418663922,1,1.77771635731374,0.0181216210974047,-0.519109349815157,0.753380877207347,-1.11675696232083,0.0216744578650267
"ENSMUSG00000029165","Agbl5",-0.434490243617385,1,-0.704366794235483,1,-0.972224140050858,0.799549600509816,-1.10349262382222,0.00117136404773483,0.537733896433473,0.215412852243736,0.399125829586737,0.0304303132805518
"ENSMUSG00000029283","Cdc7",0.455786236127943,1,0.931690412561244,0.713221768984677,0.736717584860441,1,1.44937765350687,0.00045394748520984,-0.280931348732497,0.58900306560042,-0.517687240945631,0.0650942569000921
"ENSMUSG00000029298","Gbp9",-0.704535193615415,1,-0.317219423993928,1,-1.29827443386347,0.0113215353066579,-0.745116602050745,0.59075654106706,0.593739240248054,0.0388221216201455,0.427897178056818,0.0073571301282728
"ENSMUSG00000029306","Ibsp",0.0488890861049853,1,2.26524995521455,0.0155533019830298,0.460446778158329,1,2.52707901057926,0.00126919610958636,-0.411557692053344,NA,-0.26182905536471,0.732519154749102
"ENSMUSG00000029338","Antxr2",-0.370664785100768,1,-0.313849177927072,1,-0.90035127602997,0.0294062972619437,-0.582949202772167,1,0.529686490929202,1.12650336326343e-05,0.269100024845095,0.000566849983884807
"ENSMUSG00000029363","Rfc5",0.37097858124227,1,0.77657577761782,1,0.736743568146693,1,1.11143926608081,0.00294260048793091,-0.365764986904423,0.0856342808611099,-0.334863488462992,0.100281680370976
"ENSMUSG00000029364","Wsb2",0.315787945889857,1,0.5354755843558,1,0.705468884323116,1,0.735343983322483,0.0319535546773942,-0.389680938433259,0.0286274898429983,-0.199868398966682,0.00303162731131495
"ENSMUSG00000029372","Ppbp",0.248745583505881,1,-1.82789709582316,0.0018375657387376,-0.678749681945224,1,-1.70094747028458,0.003794046531148,0.927495265451105,0.283816030459011,-0.126949625538583,0.846229619430687
"ENSMUSG00000029413","Naaa",0.225374862105922,1,1.02799811321171,2.48283287359758e-05,1.3324211302016,0.0783542504187796,1.4423593406029,1.05336896425077e-19,-1.10704626809568,0.001305433953659,-0.414361227391196,8.43053777090735e-05
"ENSMUSG00000029426","Scarb2",-0.296052219641115,1,-0.75072706633303,0.388231327527465,-0.729156452310165,1,-1.14295146021308,5.09192478682475e-10,0.433104232669049,0.0453574201404537,0.39222439388005,8.61413942856379e-05
"ENSMUSG00000029468","P2rx7",-0.439650412909838,1,-0.532088002252334,1,-0.792986904076248,0.983125383397716,-0.990738230805492,6.6731133027894e-06,0.35333649116641,0.185646061546951,0.458650228553157,1.04748164084494e-06
"ENSMUSG00000029469","Ift81",-0.511457412274505,1,-0.796763348233881,1,-1.32053337707601,0.347576448698538,-1.2816717398464,0.0043998378463339,0.809075964801504,0.145662695937897,0.484908391612517,0.0960937150957483
"ENSMUSG00000029534","St7",0.17450913283,1,0.992993388967357,0.118158869141157,0.764255442005606,1,1.30159954481783,7.76567821501191e-05,-0.589746309175606,0.00676437331647081,-0.30860615585047,0.155396348289445
"ENSMUSG00000029552","Tes",0.499204223006542,1,0.839028437699095,0.454506427527346,0.858496741335698,0.384604011178175,1.08986758703369,0.00132580029063288,-0.359292518329156,0.0729394079759679,-0.250839149334593,0.18975182671496
"ENSMUSG00000029561","Oasl2",-0.175578129924256,1,-0.507037822531082,1,-1.10400849081573,0.859398887379095,-1.37405090982068,2.42834792433128e-05,0.928430360891477,0.0994770562261012,0.867013087289595,9.4230348954292e-06
"ENSMUSG00000029570","Lfng",-0.115970589157154,1,-0.571201218078546,1,-0.747533564969232,0.996506432627459,-0.946566255885611,1.7046999028386e-05,0.631562975812078,0.000182474187404274,0.375365037807065,2.61568047881041e-05
"ENSMUSG00000029608","Rph3a",0.977978132889842,1,2.76126610630136,0.392669353880401,2.54025967057874,0.281996944476818,3.57088926815457,0.0317700272016971,-1.56228153768889,NA,-0.809623161853204,NA
"ENSMUSG00000029648","Flt1",2.65770050482053,2.83167499934416e-29,7.17959845803874,0,5.98463369291339,5.66251314529349e-212,7.88250080048177,0,-3.32693318809286,5.47092128075891e-87,-0.702902342443028,4.06689219470656e-23
"ENSMUSG00000029650","Slc46a3",-0.533676965552313,1,-0.719789691657055,1,-1.10112753454651,0.108537275998774,-1.34265918443815,3.18291299184624e-09,0.567450568994198,0.0393113455278748,0.622869492781098,7.36304132854849e-06
"ENSMUSG00000029657","Hsph1",0.386583575187553,1,0.977200941559251,0.00052029541712362,1.84300434877494,5.90502092090531e-09,1.58680530162562,4.77981504757685e-25,-1.45642077358739,8.4348833822083e-12,-0.609604360066371,5.37476930800016e-09
"ENSMUSG00000029664","Tfpi2",1.56275392982969,1,1.4092667685702,1,3.08416395695141,0.000718794100454452,1.74200187973164,0.306105650524548,-1.52141002712172,0.0345318575090289,-0.332735111161438,NA
"ENSMUSG00000029672","Fam3c",-0.194722483599443,1,-1.0686868987161,7.13165365110391e-10,-0.936832680743762,0.0220022195332061,-1.50454159676482,2.26735632428618e-34,0.742110197144319,2.6458068370329e-09,0.435854698048724,2.72918792712228e-07
"ENSMUSG00000029674","Limk1",0.0259490620725818,1,0.746958111364395,0.401405520908704,1.05394094952392,0.00104865461551061,1.33516679480946,2.67945620535154e-18,-1.02799188745133,1.91854655723351e-16,-0.588208683445067,5.2804520153936e-11
"ENSMUSG00000029723","Spacdr",-0.138895127269654,1,-0.524069867963514,1,-0.708791919504619,1,-0.781707047775992,0.0114047651020162,0.569896792234965,0.00407325245239589,0.257637179812478,0.000907788427513874
"ENSMUSG00000029761","Cald1",-0.207523061164896,1,0.21050690609608,1,0.225118932643052,1,1.00149555970367,0.00339165838410983,-0.432641993807948,0.708638284885972,-0.79098865360759,1.88834119701143e-09
"ENSMUSG00000029810","Tmem176b",-0.987996796879315,1,-0.470064912820482,1,-1.68884812956592,0.0026728700376534,-0.959350818140885,0.0620828247440446,0.700851332686607,0.0891095644029445,0.489285905320403,0.0111494179596789
"ENSMUSG00000029814","Igf2bp3",0.217751715140337,1,0.668336169093036,1,0.64461015574024,1,1.03122020730546,0.0203907703603156,-0.426858440599902,0.181978989945742,-0.362884038212425,0.072860278507729
"ENSMUSG00000029819","Npy",0.23925274606211,1,0.82395951989053,0.0205896903038201,-0.401590244317001,1,0.435831966652696,1,0.640842990379111,0.00105839108550772,0.388127553237835,9.17887349029628e-06
"ENSMUSG00000029821","Gsdme",0.36365179617824,1,0.881883934177566,0.112431982614004,0.705399582095276,1,1.10324146990606,7.86703220840883e-05,-0.341747785917036,0.285493290803744,-0.221357535728495,0.165235075758675
"ENSMUSG00000029860","Zyx",0.204933720347389,1,1.10487267306622,5.41412687617989e-21,1.51672539262164,2.16653549472907e-11,1.65063285045182,1.36470850760957e-88,-1.31179167227425,3.8184915700958e-22,-0.545760177385599,7.80172812866821e-23
"ENSMUSG00000029861","Fam131b",1.21673984704735,1,2.05513202811141,1,2.65462144527177,0.908801076984108,4.48268492769951,0.014472060388558,-1.43788159822442,NA,-2.4275528995881,NA
"ENSMUSG00000029862","Clcn1",2.35861922185982,1,4.43404284103157,0.0101690985244368,4.18028035629786,0.0113215353066579,5.68556120488278,5.78642154886818e-05,-1.82166113443804,NA,-1.25151836385121,NA
"ENSMUSG00000029915","Clec5a",0.293439198405772,1,1.24738211237566,0.000921239016057954,0.638788383903945,1,1.45988378647259,1.12106845767247e-06,-0.345349185498173,0.153590897359786,-0.212501674096933,0.388410233419708
"ENSMUSG00000029919","Hpgds",-0.305242235650459,1,-1.089839103207,2.01879147315382e-09,-1.4246637086973,4.40414003932931e-10,-1.90117757806591,3.77600585774225e-62,1.11942147304684,1.63320107631006e-17,0.811338474858906,1.74088127657038e-22
"ENSMUSG00000029923","Rab19",0.618704184366306,1,1.67751284500729,1.62118194415724e-24,1.05891420127573,0.11781585480117,1.62038359688197,3.39924918284508e-22,-0.440210016909422,0.0979402290859458,0.0571292481253182,0.736670030991103
"ENSMUSG00000029994","Anxa4",0.694604570236162,1,1.57070962920071,1.17365770003914e-105,1.40335635486554,1.97937917298598e-15,1.97364433742797,2.30701171954211e-210,-0.708751784629374,1.75147811798228e-11,-0.402934708227254,2.26795225145947e-17
"ENSMUSG00000029998","Pcyox1",-0.348503002144943,1,-0.546036379984092,1,-0.818698706745672,0.335198911157261,-0.782027916172021,0.022317674096617,0.47019570460073,0.00125314052610358,0.235991536187929,0.00652132342184141
"ENSMUSG00000030047","Arhgap25",0.374028866399017,1,1.247551050184,2.36851040887296e-05,0.88444463280546,0.616582295586892,1.36831543614504,9.912772549565e-08,-0.510415766406443,0.04860825858223,-0.120764385961036,0.58607184711612
"ENSMUSG00000030062","Rpn1",0.363671786182841,1,0.432419848141212,1,0.84210748580208,0.501625240135356,0.750875292311359,0.0327835584175777,-0.478435699619239,0.013376403480488,-0.318455444170147,5.51282572077643e-06
"ENSMUSG00000030088","Aldh1l1",0.00189248503949555,1,0.782224519818511,0.483966472898376,0.00596077148909667,1,1.10168852209113,1.19065316857542e-05,-0.00406828644960112,0.992994133154969,-0.319464002272622,0.0168364193680582
"ENSMUSG00000030091","Nup210",0.43822609059081,1,1.32146175205524,0.00526013273188414,0.990929555195032,0.528390181275108,1.75928793547265,1.4127120399596e-07,-0.552703464604222,0.103409460290041,-0.437826183417407,0.112759176569319
"ENSMUSG00000030103","Bhlhe40",0.959819155593063,1,3.15088535866106,1.45576374270583e-113,2.42659016763919,4.81401423368524e-32,3.88334750895254,1.56715240785147e-188,-1.46677101204613,2.78724440853207e-20,-0.732462150291485,1.92331995382517e-09
"ENSMUSG00000030107","Usp18",-0.169177507809125,1,1.22387963982321,0.000362784430644074,1.32326585160719,0.0461709519223314,1.53125332582348,3.63949721517348e-09,-1.49244335941631,3.47300505357937e-07,-0.30737368600027,0.130074088823145
"ENSMUSG00000030108","Slc6a13",1.01649067086626,1,2.09608322361658,0.219536751625904,1.27806094910007,1,2.53443229334796,0.0192618821018994,-0.261570278233812,NA,-0.438349069731376,NA
"ENSMUSG00000030109","Slc6a12",2.88198207929848,1,2.60014670192651,5.64151295773345e-07,4.51996886769699,0.139471584456285,2.70246887897457,5.04609284895394e-08,-1.63798678839852,NA,-0.102322177048057,0.874840292377723
"ENSMUSG00000030123","Plxnd1",0.171492696411424,1,0.848422083266732,0.0305350981288287,0.781793680843836,0.246497151686725,0.979893063306004,5.37476933428736e-05,-0.610300984432411,2.49418106168201e-09,-0.131470980039272,0.307482634281273
"ENSMUSG00000030124","Lag3",-0.982261915310696,1,2.30235098729506,4.45137716611105e-05,0.2187971748401,1,3.61399829718389,3.67324089669885e-16,-1.2010590901508,NA,-1.31164730988882,0.000186019789565032
"ENSMUSG00000030137","Tuba8",0.13666818875677,1,7.66099872079707,4.15986449164462e-10,6.22122379336507,4.80713961474174e-34,9.56643340770933,1.45519462678026e-16,-6.0845556046083,6.151051212275e-41,-1.90543468691226,2.68246418328291e-15
"ENSMUSG00000030142","Clec4e",-0.465566780084785,1,-1.27840517927539,2.74308913587784e-06,-2.69141248755255,1.35384961617443e-12,-1.77519442345543,8.03153658381609e-17,2.22584570746776,8.75831739269201e-14,0.496789244180039,0.00542295688985131
"ENSMUSG00000030144","Clec4d",-0.32356614679624,1,-0.898592012578698,0.0299894895476015,-1.99130006902957,2.3693857244643e-21,-1.61446729055234,1.29556778664976e-21,1.66773392223333,1.41623871857126e-29,0.715875277973642,6.40929249435687e-10
"ENSMUSG00000030147","Clec4b1",0.575265856535396,1,1.44541188889102,3.08483013229196e-09,1.69348903442216,0.000471533762957114,1.93064089070253,7.16681544680439e-23,-1.11822317788676,0.000289041239794927,-0.485229001811503,0.00125716501371871
"ENSMUSG00000030156","Cd69",-1.05593579814829,1,-1.05947265499141,1,-3.12220121934759,0.0200984070026933,-2.3936750357251,0.0421737781092418,2.0662654211993,0.0658166297843746,1.33420238073369,NA
"ENSMUSG00000030162","Olr1",1.29180848264184,1,4.45775563565996,5.16279849710931e-17,4.0307678718841,8.94392938321283e-05,5.26037384221426,2.25760064454127e-25,-2.73895938924227,0.00143143229185841,-0.802618206554297,0.00273214501200182
"ENSMUSG00000030189","Ybx3",0.547494675247477,1,0.681365217385654,1,1.26753263300666,0.0305240655929357,1.10154343911283,0.00341300487247419,-0.720037957759188,0.013895602068362,-0.420178221727179,0.0312524824332084
"ENSMUSG00000030201","Lrp6",-0.416210656143237,1,-0.560767403331601,1,-0.56237378302027,1,-1.06018854395644,0.00230327471377437,0.146163126877033,0.744524202223425,0.499421140624838,0.00237643256455301
"ENSMUSG00000030214","Plbd1",-0.632070552633892,1,2.20051268942491,6.44337079357234e-17,1.77958890052194,0.0703227587683358,2.43762463340278,1.28114842093113e-22,-2.41165945315583,8.57695175265965e-06,-0.23711194397787,0.295621385647675
"ENSMUSG00000030222","Rerg",0.185258037502886,1,5.9573129398122,0.0014460058033795,-0.876892996155249,1,5.53220138394902,0.00236415263539709,1.06215103365814,NA,0.425111555863182,NA
"ENSMUSG00000030256","Bhlhe41",-0.041048587456308,1,-0.851197836939284,0.00577479152495951,-0.835509750296593,0.121004774941548,-1.06372909467144,4.20526512238984e-09,0.794461162840285,5.39011434991551e-13,0.212531257732161,0.0368172091525132
"ENSMUSG00000030259","Rassf8",0.430285866368664,1,1.06916179439072,0.00239854382114367,1.18161876068061,0.0229225559738768,1.36696068366155,1.36885823239788e-08,-0.751332894311948,0.00135448606872486,-0.297798889270821,0.0881133373028318
"ENSMUSG00000030263","Irag2",0.169702350558174,1,0.789435793921664,0.348339548809146,1.09901054001108,2.24062277410679e-05,1.21444353265828,5.74622437706657e-09,-0.929308189452908,8.31650889867219e-17,-0.425007738736615,0.000441987512782991
"ENSMUSG00000030268","Bcat1",-0.0470692540615799,1,2.27314731860786,0.0220386644393478,2.81711878526629,0.159003776577578,5.12660935501438,8.88395806826913e-17,-2.86418803932787,0.021576368838997,-2.85346203640652,1.69363532432379e-09
"ENSMUSG00000030272","Camk1",-0.0541596084507453,1,-0.459294983521122,1,-0.716136354140246,1,-0.741290473144768,0.0412155499793181,0.6619767456895,6.21487587125103e-06,0.281995489623646,5.59589912701256e-05
"ENSMUSG00000030283","St8sia1",2.07152859037902,0.0759384732702285,9.83812155798936,1.2404450707634e-17,5.49462737911647,1.75017679248928e-33,9.98347744369263,1.42268211047383e-18,-3.42309878873745,2.08177539713232e-23,-0.145355885703263,0.448974965621132
"ENSMUSG00000030329","Pianp",-0.502203490262696,1,-0.139873391497055,1,-1.2792508546105,0.00335852658000175,-0.76845456667367,0.927627978866298,0.777047364347803,0.00071452040887881,0.628581175176616,0.0218329469220199
"ENSMUSG00000030342","Cd9",0.274709360373693,1,0.9614989032267,0.000140321768932439,0.527679944028675,1,1.28740090567699,1.36301043432774e-15,-0.252970583654982,0.294290697287041,-0.325902002450295,0.00155583263361369
"ENSMUSG00000030346","Rad51ap1",0.336513140025086,1,0.877932301754767,1,0.208579480162447,1,1.47527201330795,0.0105255228039614,0.127933659862639,0.792463988479856,-0.59733971155318,0.124267488049533
"ENSMUSG00000030409","Dmpk",-0.147212906822326,1,-2.73057567490323,0.00079832670108241,-2.23287228170309,1.20038598679053e-07,-3.68862984535206,7.84188835132399e-08,2.08565937488076,6.74864180074046e-12,0.958054170448835,0.217694889018692
"ENSMUSG00000030410","Dmwd",0.102020329910432,1,-1.43871812586548,0.00106875818418779,-1.07337793904235,0.436027747568003,-1.67513713396726,4.67647853649364e-06,1.17539826895278,0.000276134975835864,0.236419008101772,0.49893636037814
"ENSMUSG00000030423","Pop4",0.327497952980776,1,0.490626498390143,1,0.840223224207004,0.376586606524129,0.864047503706803,0.0373278681898421,-0.512725271226228,0.00185041846030905,-0.37342100531666,0.00332875826321821
"ENSMUSG00000030433","Sbk2",0.311189878082463,1,1.21457894500064,0.127227849481272,0.516097129462398,1,1.6222310943408,0.000284422104612124,-0.204907251379936,0.807063794750509,-0.407652149340161,0.220821573514052
"ENSMUSG00000030469","Zfp719",-0.209844587564949,1,-1.02515021421375,0.0817696399453584,-0.527998671870072,1,-1.26901214718623,0.000447164482703642,0.318154084305123,0.182383220570497,0.243861932972476,0.357472446136589
"ENSMUSG00000030474","Siglece",-0.578689245876418,1,-2.9622569277312,4.02319019101481e-08,-2.51515726121149,0.00372016235688365,-4.59270091411486,6.16775695487306e-13,1.93646801533507,0.00350506847421201,1.63044398638367,0.0283601988408094
"ENSMUSG00000030530","Furin",-0.173362126410957,1,0.720198731309472,0.0275201696375346,0.521370817970366,1,1.12885349907876,4.88618417398425e-33,-0.694732944381324,0.000910856647599469,-0.408654767769284,4.55763565912104e-18
"ENSMUSG00000030539","Sema4b",-0.663467910731753,1,0.335044194297405,1,1.95108379922914,7.03459208267955e-07,1.27701410295615,3.14331641237106e-08,-2.61455170996089,1.13174830325659e-23,-0.941969908658742,6.68182845781741e-14
"ENSMUSG00000030591","Psmd8",0.221785339945299,1,0.530561890964242,1,0.283244642667249,1,0.787359310365462,0.0413289607815453,-0.06145930272195,0.777897581095,-0.256797419401219,0.00789396524732482
"ENSMUSG00000030592","Ryr1",1.02503479753331,1,2.76277418452272,4.23281816920744e-15,2.8036894574597,3.18506396028311e-06,3.4988588158874,9.83039551877899e-28,-1.77865465992638,0.000126297110737216,-0.736084631364682,0.00455434508718383
"ENSMUSG00000030602","Pak4",-0.00248230453540038,1,0.769391749072907,0.384822471434128,0.186624785899749,1,0.842004481325645,0.0314432806509012,-0.189107090435149,0.438915973901902,-0.0726127322527376,0.633847836909661
"ENSMUSG00000030652","Coq7",0.380144604458269,1,0.519792481246177,1,0.62175929738513,1,1.02923411404037,0.00366228110938225,-0.241614692926861,0.417124777170112,-0.50944163279419,0.000727270172224633
"ENSMUSG00000030671","Pde3b",-0.568011302194644,1,-0.731890129482165,1,-1.28076444296677,0.00212861896251553,-1.13727487630948,5.20238818069638e-06,0.712753140772131,0.00140090882390651,0.405384746827319,0.0031474710933346
"ENSMUSG00000030688","Stard10",-0.724334250232682,1,-0.636004575310054,1,-1.0444131329359,1,-1.26443366904284,0.0103202058965619,0.320078882703217,0.867063290781987,0.628429093732784,0.0316422436747937
"ENSMUSG00000030729","Pgm2l1",-0.0571026820691476,1,-0.88163729033979,0.00177737502682319,-0.807016431534088,1,-1.22708306507269,2.93576244372134e-15,0.749913749464941,0.00169236737690062,0.345445774732902,0.000237002677636622
"ENSMUSG00000030737","Slco2b1",-1.11340993981862,0.562681121392052,-2.20426890507704,1.5020118412752e-14,-2.0109877127769,8.13434717429546e-13,-2.57416497324772,1.68660931009404e-21,0.897577772958286,4.82964680471498e-05,0.369896068170686,0.21430816957846
"ENSMUSG00000030742","Lat",1.07524669730669,1,2.79499761082879,9.71927074954554e-06,2.9417927720205,1.3623874755611e-05,3.72532149760072,9.3624305223939e-12,-1.86654607471381,0.000763168060030303,-0.930323886771934,0.103984242184012
"ENSMUSG00000030748","Il4ra",-0.565394662913594,1,-0.728572294318005,0.750391202176188,-0.962893268249763,0.33665756122682,-1.0492298973737,4.51427934664592e-06,0.397498605336168,0.16149956418226,0.3206576030557,0.00570282155447538
"ENSMUSG00000030769","Slc5a11",-0.700591240245982,1,1.86108195373214,0.490824833751004,1.56462739116235,1,2.82246976891504,0.00622904488597836,-2.26521863140834,NA,-0.9613878151829,NA
"ENSMUSG00000030789","Itgax",1.37920449605812,1,4.62686814772119,6.55298746458287e-239,3.61245208260932,8.70703102415937e-05,5.23469137432361,0,-2.2332475865512,0.00702740240126497,-0.607823226602422,1.40125580414342e-05
"ENSMUSG00000030798","Cd37",-0.176713000773207,1,-0.523900402494909,1,-0.536785648722878,1,-0.812546393022764,0.00583555127495283,0.360072647949671,0.0282299341046211,0.288645990527855,0.000541327361281567
"ENSMUSG00000030830","Itgal",-0.666626842773507,1,-0.876723145032267,0.320963638370853,-1.70463871071728,0.186032314779426,-1.66661318279314,4.09727090633522e-13,1.03801186794378,0.15065243082943,0.789890037760873,1.26600918138969e-06
"ENSMUSG00000030852","Tacc2",0.424343889002413,1,1.00966140550874,0.248271797065797,0.995773863289475,0.302295996783648,1.43610426397693,8.82779888342318e-05,-0.571429974287062,0.034560096007289,-0.426442858468193,0.103930083232686
"ENSMUSG00000030865","Chp2",-2.54163226801051,1,-1.44726388864007,0.00177737502682319,-2.52273735635286,0.33467382582717,-2.48574675276621,4.56082797607293e-13,-0.0188949116576468,0.995615348087931,1.03848286412615,0.00107417021998292
"ENSMUSG00000030888","Rrp8",0.427563304819998,1,0.902611088820659,0.00128405140025583,1.42993630563934,3.13565042417567e-09,1.38428695336021,6.11030745793477e-22,-1.00237300081934,6.40398844455784e-13,-0.48167586453955,4.53201335153797e-08
"ENSMUSG00000030890","Ilk",0.0925471069252592,1,1.90098254945368,0.101144752804639,1.43298507324523,1,2.15719271280498,0.011685795978587,-1.34043796631997,NA,-0.2562101633513,0.740481517696892
"ENSMUSG00000030930","Chst15",-0.510988044037041,1,-0.423726627007492,1,-0.988488500873206,0.94454292091441,-1.30300909957569,0.028516799677128,0.477500456836165,0.40606106810066,0.879282472568198,0.00720975136483642
"ENSMUSG00000030980","Knop1",0.219557555313754,1,0.451354972247335,1,0.710001579235381,1,0.817714215042952,0.0148589486583164,-0.490444023921627,0.000357938502136814,-0.366359242795617,5.0995739871108e-05
"ENSMUSG00000030990","Pgap2",0.222676595613957,1,0.727327326191889,0.629271072418945,1.05542634980857,0.00216710174648327,1.21795725167781,1.07402842510742e-12,-0.832749754194614,7.00658771526829e-10,-0.490629925485921,2.3646141652101e-07
"ENSMUSG00000031078","Cttn",0.203987521428485,1,1.21680415046207,0.305259973343215,1.97967808151691,0.245284589100266,2.54814206693241,6.93465535219781e-10,-1.77569056008842,0.0441408927527388,-1.33133791647034,9.53472644522647e-05
"ENSMUSG00000031097","Tnni2",-0.181829968865652,1,-0.820899855073871,1,-1.34749125648191,0.00194763458843342,-1.47293168434287,6.81592622728068e-06,1.16566128761626,1.99411810289276e-07,0.652031829268999,0.00403450831247241
"ENSMUSG00000031098","Syt8",-0.63398554001676,1,-0.778589138787172,1,-2.05244604206807,0.00086653807895312,-1.20572974418728,0.114943883238368,1.41846050205131,0.00151838258245077,0.42714060540011,0.305553805064035
"ENSMUSG00000031104","Rab33a",-3.42113154284005,1,-1.90955502270388,0.155395911006576,-2.13937161263161,1,-2.68377038598222,0.00404169468343703,-1.28175993020844,NA,0.77421536327834,NA
"ENSMUSG00000031112","Stk26",-0.121238945530332,1,-0.246893642399675,1,-1.80382688133348,1.05374165220757e-05,-0.346721716526459,1,1.68258793580315,1.86624720189085e-10,0.0998280741267842,0.836031717875309
"ENSMUSG00000031129","Slc9a9",-0.672107754364606,1,-1.02153781336652,0.000362787223831512,-1.51066204717514,0.00153766802681941,-1.47764564743641,8.16341875390594e-17,0.838554292810538,0.00459284523035978,0.456107834069885,0.000208432386552761
"ENSMUSG00000031142","Cacna1f",0.300737942732009,1,0.872831427518036,1,0.401714447570777,1,1.38814868604003,0.0018995227320168,-0.100976504838769,0.892856855234572,-0.515317258521998,0.0662934492988363
"ENSMUSG00000031146","Plp2",0.433035845618888,1,0.813333166367867,0.051352018719736,0.668517445816535,1,1.00937537873594,1.42002209696185e-06,-0.235481600197647,0.373561969906625,-0.196042212368071,0.0700048740931617
"ENSMUSG00000031169","Porcn",-0.896111530708425,1,-1.2898737107635,0.218291861058498,-1.27130857564837,0.966457340790118,-1.83622740364371,0.00108263205196835,0.375197044939944,0.770050440669123,0.546353692880205,0.278271647039887
"ENSMUSG00000031207","Msn",0.38736985163597,1,0.626089557224585,1,0.65164968178012,1,0.850418646757289,0.000260192026488045,-0.264279830144149,0.0235276686163526,-0.224329089532704,0.00508480035874311
"ENSMUSG00000031214","Ophn1",-0.54182668537883,1,-1.29989754641547,1.27853793704859e-13,-1.56462341211863,5.38532033159142e-05,-2.3136418624385,6.11150932046195e-75,1.0227967267398,2.16299908354089e-05,1.01374431602303,3.37850730310439e-24
"ENSMUSG00000031216","Stard8",-0.414234610356267,1,-0.830570913765672,0.00104671988644027,-1.07574428926874,0.0237078065265513,-1.23582477319957,3.41157169151268e-24,0.661509678912475,0.000534408319276017,0.405253859433894,7.96726112841835e-09
"ENSMUSG00000031231","Cox7b",0.362218480297842,1,0.509486564782284,1,0.631567989125383,1,0.900507938587178,0.000172674209060294,-0.26934950882754,0.138351875060028,-0.391021373804894,4.26703604547056e-06
"ENSMUSG00000031289","Il13ra2",2.00640181542567,1,2.53820051393571,1,5.3450494901224,0.000190049229839188,5.21142237860243,NA,-3.33864767469673,NA,-2.67322186466672,NA
"ENSMUSG00000031292","Cdkl5",-0.166397224536669,1,1.3216673998439,0.00665372708826738,-0.0999121041403665,1,1.39497929347725,0.000929637339036355,-0.0664851203963027,0.922582357543258,-0.0733118936333574,0.842489500876753
"ENSMUSG00000031303","Map3k15",-0.344599266176232,1,-0.710508094455716,1,-0.51489222692948,1,-1.04092892270704,0.0419390376964824,0.170292960753249,0.692451562752179,0.330420828251319,0.185343759547841
"ENSMUSG00000031304","Il2rg",0.075042699110059,1,0.970405243824543,2.42431807759916e-07,0.29646365305061,1,1.19796590341362,1.48901746156731e-18,-0.221420953940551,0.206723833110967,-0.227560659589077,0.00645107682924564
"ENSMUSG00000031349","Nsdhl",0.344501631514385,1,0.628847836443337,1,0.508794485181776,1,1.02320088009826,0.00208297735624191,-0.164292853667392,0.66682002727455,-0.394353043654926,0.00933251553495473
"ENSMUSG00000031355","Arhgap6",0.439488006088139,1,0.99420134613114,1.24434378225586e-07,0.786529313031775,1,1.06162092658096,1.35737995576825e-10,-0.347041306943637,0.245760168985134,-0.0674195804498249,0.540946974976709
"ENSMUSG00000031373","Car5b",0.867693101093194,1,1.99866697359258,8.30515344096676e-27,1.64629345169087,2.87022990702999e-05,2.56229231681627,3.59570089988602e-53,-0.778600350597672,0.00384991207562167,-0.563625343223693,5.66986791674049e-05
"ENSMUSG00000031375","Bgn",-0.488694040376191,1,-1.00146515415942,0.0172487786079407,-0.555372439092584,1,-1.02321451396081,0.0055600566133893,0.066678398716393,0.97627151370422,0.0217493598013986,0.937546293325013
"ENSMUSG00000031385","Plxnb3",-0.64017687755871,1,-0.963813523253956,0.0964529095819557,-1.61635905131909,0.0215395122787252,-1.17826405131275,0.000485789074262801,0.976182173760385,0.0273750038043743,0.214450528058796,0.345689774559806
"ENSMUSG00000031403","Dkc1",0.47794117661547,1,0.542050457330688,1,1.11874912463702,0.0819242304711745,0.950900798350987,0.0418873819606012,-0.64080794802155,0.0142001818609253,-0.408850341020299,0.0217599771338545
"ENSMUSG00000031431","Tsc22d3",-0.350772425284052,1,-0.380645452604371,1,-0.85661632515234,0.845494981565876,-0.822322389040488,0.0206878744576386,0.505843899868288,0.0782445244506054,0.441676936436117,3.03648265896881e-06
"ENSMUSG00000031432","Prps1",0.41338857365039,1,1.43460125304594,1.1414226388563e-13,1.74109173038268,0.000179913083881687,2.52995510620502,6.97156499231085e-74,-1.32770315673229,8.2788433997399e-06,-1.09535385315908,1.32574178383727e-26
"ENSMUSG00000031442","Mcf2l",0.844196797526329,1,3.80511882661914,3.75552209699505e-79,4.05710839527982,2.56742486682664e-57,5.17490452791676,6.70742420000306e-162,-3.21291159775349,1.30459311464032e-50,-1.36978570129762,8.69052666973694e-16
"ENSMUSG00000031443","F7",1.42228434175449,0.000616443095647139,3.26293617255944,1.79693875755868e-51,3.10565929169085,5.65283881743187e-47,3.80651710502451,4.4646283638899e-75,-1.68337494993636,2.38582227753964e-22,-0.543580932465073,0.00652132342184141
"ENSMUSG00000031444","F10",1.4827355195449,0.134983206469726,3.44938905753372,4.22906253326261e-52,3.53948985278409,4.82072425247586e-28,4.04903956262172,9.94823780697779e-77,-2.0567543332392,3.62253224767852e-14,-0.599650505088001,0.00551093879156829
"ENSMUSG00000031445","Proz",0.35388341241735,1,0.716519864033046,1,1.17703764132381,0.0109618657726034,0.586096287794642,1,-0.823154228906457,5.31081592523302e-05,0.130423576238404,0.588320714026665
"ENSMUSG00000031451","Gas6",-0.416331045115574,1,-1.11651994639619,3.61250190985434e-05,-1.71899952888741,5.03809087644171e-06,-1.78375849262933,1.73329901795237e-25,1.30266848377184,8.87931371375376e-08,0.66723854623314,1.31851428601223e-07
"ENSMUSG00000031488","Rab11fip1",0.0634942765587191,1,0.953267712662003,4.08154154343221e-05,0.335544476697374,1,0.97587587075769,5.21122567689793e-06,-0.272050200138655,0.399566578621523,-0.0226081580956864,0.874885520590708
"ENSMUSG00000031503","Col4a2",-1.01289728175018,1,-1.01343355341755,0.614400812512592,-1.20116835032271,1,-1.29842623076816,0.0312549587110649,0.188271068572526,0.916185413021793,0.284992677350606,0.502123176557852
"ENSMUSG00000031520","Vegfc",0.461619889450489,1,2.56633461934106,0.044727145247924,1.48471765664462,0.243532683464349,2.64501880965925,0.0157706803525697,-1.02309776719413,0.0745432311776989,-0.0786841903181869,NA
"ENSMUSG00000031530","Dusp4",1.28002348570146,0.911503608220487,2.68183811823865,1.13965438441955e-42,2.22958160987462,2.52953019156012e-09,3.28915639616889,2.1676243172696e-71,-0.949558124173153,0.00204103834961681,-0.607318277930248,0.000525821441239985
"ENSMUSG00000031565","Fgfr1",0.620654459146922,1,1.6186903194416,3.69005019094947e-10,2.37551579811087,0.053959275130624,2.4615463737335,5.15919305116393e-34,-1.75486133896395,0.0397367333040259,-0.8428560542919,1.33752217181669e-07
"ENSMUSG00000031596","Slc7a2",1.8963922554149,2.95733289442029e-08,3.58918409265223,1.2191232889959e-178,5.07031889348678,2.71938793328462e-111,4.5006592122452,7.22601203786594e-305,-3.17392663807188,1.4216358487056e-56,-0.911475119592968,2.74915517203283e-17
"ENSMUSG00000031604","Msmo1",0.250911357716572,1,0.662292767577941,1,0.264884039952784,1,0.876694281423353,0.00847381094956196,-0.013972682236212,0.980792295237675,-0.214401513845412,0.0836838875325489
"ENSMUSG00000031613","Hpgd",-1.15867935199673,1,-1.81925184119394,0.220974890816195,-4.13213742300605,0.000332314868487846,-3.69588090354438,1.832282132814e-07,2.97345807100932,0.00377567948320076,1.87662906235044,0.0070379866232887
"ENSMUSG00000031700","Gpt2",0.446254694440553,1,0.679108532085666,1,1.67826482161256,3.57980881795136e-07,1.28973680888399,1.69587379231633e-05,-1.23201012717201,4.87868448244824e-09,-0.610628276798325,0.00053800079589823
"ENSMUSG00000031709","Tbc1d9",-0.141117247912769,1,-0.561876778888822,1,-0.387304988271428,1,-0.89183269654289,0.00259907120860457,0.246187740358659,0.232496087982867,0.329955917654068,0.00208766670101829
"ENSMUSG00000031712","Il15",-0.456814503772554,1,-0.575988305588443,1,-1.28929100700063,0.0169743179206939,-0.976738692734673,0.000639609665005496,0.832476503228077,0.00226172132480903,0.40075038714623,0.00119664159512998
"ENSMUSG00000031728","Zfp821",-0.536292944712474,1,-0.925040485824635,0.101547519235867,-1.19741250048103,0.0316684253125138,-1.13831636337871,0.000309052040508111,0.661119555768555,0.0133748661756844,0.213275877554075,0.294442434447245
"ENSMUSG00000031760","Mt3",3.59930579295841,1,7.79431718976091,2.10716338373845e-07,7.27080254385483,0.000747598568751119,9.63408112136712,5.93902651994353e-12,-3.67149675089643,NA,-1.83976393160621,0.000261219631449059
"ENSMUSG00000031778","Cx3cl1",0.11005387040068,1,0.011549764013062,1,2.09649865186857,1.61252704035273e-05,1.11000329363666,0.0209794500070994,-1.98644478146789,2.69432398625206e-09,-1.0984535296236,7.57508402777783e-08
"ENSMUSG00000031779","Ccl22",1.59950829397443,0.0533846373455042,6.61655879401434,4.92243556586702e-58,7.31265934352901,2.52298474594699e-151,8.95328153257853,3.53459496374091e-112,-5.71315104955457,7.90336229851761e-152,-2.33672273856419,1.79150034685598e-11
"ENSMUSG00000031780","Ccl17",3.44576400808548,1,8.95798444909444,7.34440599338383e-11,8.0735255561678,7.11878582701125e-07,11.8032440125052,9.10365912002478e-20,-4.62776154808232,3.1377620950866e-06,-2.84525956341081,7.98658832660967e-60
"ENSMUSG00000031791","Tmem38a",0.0557459876019706,1,-0.984739967102755,0.350573628084964,-0.788560703431745,1,-1.95763672971366,1.23114402115497e-09,0.844306691033716,0.137409162993418,0.972896762610908,0.000163279979714681
"ENSMUSG00000031838","Ifi30",0.0862813567201093,1,0.600832994051519,1,0.159425428131436,1,0.901324360079059,3.5914999336572e-10,-0.0731440714113264,0.782519814679842,-0.30049136602754,9.05868475439718e-09
"ENSMUSG00000031851","Ntpcr",-0.153631580184287,1,-0.729338825631962,0.538876327686571,-0.923589761095438,0.462464590787616,-0.884671804248777,0.00205940765920576,0.769958180911151,0.000967123441490431,0.155332978616815,0.20235376010164
"ENSMUSG00000031880","Rrad",-0.834707617566425,1,-1.75934783754624,1.30574932591916e-05,-2.5950968299942,0.0252317917105961,-3.01501087640765,1.26038349138852e-18,1.76038921242778,0.04809995814762,1.2556630388614,0.000133669702106793
"ENSMUSG00000031897","Psmb10",0.375444676455769,1,1.05357094946784,2.55876572637952e-10,1.29193220550713,4.97687378318985e-05,1.2905594840513,1.64160566628611e-23,-0.916487529051362,2.91934931426993e-08,-0.236988534583465,0.00460332248767131
"ENSMUSG00000031906","Smpd3",-0.347331739612246,1,-1.49124748055286,0.00135551870060043,-0.691429197255261,1,-1.57011310512732,0.000196430567655254,0.344097457643016,0.727888043657432,0.0788656245744691,0.865936536801115
"ENSMUSG00000031907","Zfp90",-0.409560101679094,1,-0.804068687513804,0.0706958124151301,-0.610834614833389,1,-1.12911998458507,4.54618733020661e-10,0.201274513154296,0.330922920464589,0.325051297071268,0.00142426152387174
"ENSMUSG00000031995","St14",-0.116595522561882,1,-0.124846401970467,1,-1.24369284994487,0.00387578403751195,-0.210795501084196,1,1.12709732738299,2.26210216515076e-08,0.0859490991137292,0.721104429091817
"ENSMUSG00000032012","Nectin1",0.532405112808455,1,1.58995990164203,9.17987120711729e-08,1.18796594148497,0.651529574552081,1.84904888334892,1.55989216087505e-12,-0.655560828676514,0.285345877588767,-0.259088981706889,0.257151034263536
"ENSMUSG00000032014","Oaf",0.507254330091312,1,0.970198330913371,0.806656346266925,1.40263393171734,0.114180922357821,1.82670778871495,7.25888860623206e-06,-0.895379601626028,0.0391937996878422,-0.85650945780158,0.00461304416308779
"ENSMUSG00000032024","Clmp",-0.677597286540847,1,-1.59082121351738,0.00299465126372878,-0.685689811615738,1,-2.32914337674117,2.99513650780362e-08,0.00809252507489133,0.993527143975205,0.738322163223791,0.0765828541541264
"ENSMUSG00000032035","Ets1",0.385593652197707,1,1.25940804883727,3.21503374576014e-06,1.20126294872585,0.027558088662283,1.70475700248113,3.576721403856e-17,-0.815669296528143,0.00082002291905382,-0.445348953643861,0.00388795454196629
"ENSMUSG00000032046","Abhd12",-0.210907650286016,1,-0.614563147463224,1,-0.765646140485462,0.56457199645153,-0.786815165050923,0.0436723412098944,0.554738490199446,1.52661690448509e-05,0.172252017587699,0.104862685418171
"ENSMUSG00000032066","Bco2",-0.667249672301194,1,-1.00723537684934,0.0989900463144668,-2.12127388728195,0.000596504056566847,-1.41899181381632,7.69527616053596e-06,1.45402421498076,0.00140224679747392,0.411756436966987,0.0833828365394328
"ENSMUSG00000032089","Il10ra",-0.650668898586563,1,-0.589698997449257,1,-1.31204662704727,0.0104442745245369,-1.09709924056787,7.54858433357802e-05,0.661377728460702,0.0190275720608999,0.507400243118617,0.000239525767393125
"ENSMUSG00000032091","Tmprss4",-3.3126004795581,1,-1.20265266001798,1,-1.93207847667182,1,-2.02527600922364,0.0437896233704903,-1.38052200288628,NA,0.82262334920566,0.328454670809913
"ENSMUSG00000032122","Slc37a2",-0.109392007973956,1,-0.5975022780221,1,-0.660610577939575,1,-0.847344356839863,2.91778137164082e-06,0.55121856996562,4.54265245828969e-07,0.249842078817763,3.12253586785972e-05
"ENSMUSG00000032135","Mcam",1.22858565124555,1,2.24357476236071,0.00163025031268482,3.44187810598005,4.31437269902686e-09,3.46370240063317,1.3488029755157e-10,-2.2132924547345,3.63393273261735e-06,-1.22012763827246,0.010984613329302
"ENSMUSG00000032193","Ldlr",0.308266936431755,1,1.19770304207666,3.77313697326158e-08,0.536379373101045,1,1.50314371403369,2.24652106473916e-18,-0.22811243666929,0.524740659348273,-0.305440671957029,0.0180110845387875
"ENSMUSG00000032202","Rab27a",-0.358409988569137,1,-0.498877563785914,1,-1.61669350639186,0.000373208771720559,-1.04048033029159,0.143075161946092,1.25828351782272,6.41072046169419e-06,0.541602766505679,0.0643044455394612
"ENSMUSG00000032204","Aqp9",0.812740602459373,1,4.5715946420861,5.19056856590113e-41,1.71545652345799,0.120179228844153,5.80081759093145,1.53995565329762e-71,-0.902715920998618,0.174618940424886,-1.22922294884535,1.20525828352896e-15
"ENSMUSG00000032220","Myo1e",0.411682575500647,1,0.878083839871202,0.268024712946192,1.28673297021894,0.00511671209806326,1.21845284783952,2.86463809469515e-05,-0.875050394718295,0.000165748721423677,-0.340369007968322,0.0630815741328346
"ENSMUSG00000032221","Mns1",0.217052566839446,1,0.978339786501583,1,0.1216423435389,1,1.41506218818289,0.0336174375152654,0.0954102233005462,0.86874729726977,-0.436722401681305,0.309766593951804
"ENSMUSG00000032231","Anxa2",0.486993526609227,1,0.905528852010061,0.0947184546617408,0.998225984001133,0.160255740031739,1.31314579817489,3.85618380795779e-08,-0.511232457391906,0.0289129421919678,-0.407616946164834,0.00902969320568419
"ENSMUSG00000032245","Cln6",-0.262374860038906,1,-0.438589816064679,1,-0.967875062615584,0.125661997533387,-0.775431191789991,0.00332169011717856,0.705500202576677,0.000138860168656388,0.336841375725312,6.92105843583056e-08
"ENSMUSG00000032261","Sh3bgrl2",-0.227539548879876,1,-0.657240780063291,0.917155629043253,-0.934605915090226,0.160134629578756,-0.921549546577524,6.01632103889357e-10,0.707066366210351,5.70909217465061e-05,0.264308766514233,9.4230348954292e-06
"ENSMUSG00000032279","Idh3a",0.449637483346621,1,0.802519787407097,0.209951427274425,1.06964466504026,0.122513915007893,1.29098846874042,2.26521175785138e-12,-0.620007181693644,0.0147317542072848,-0.488468681333325,6.73364528004388e-06
"ENSMUSG00000032314","Etfa",0.325112588229376,1,0.542804775505745,1,0.618455200290475,1,0.849602297439832,0.0017187137654858,-0.293342612061099,0.0135526870634092,-0.306797521934087,0.000368269561686983
"ENSMUSG00000032332","Col12a1",-0.570478996351283,1,-1.38351250105631,0.443323918731854,-0.989347168425017,1,-2.03035173918171,0.00575331667770707,0.418868172073734,0.776340084099163,0.646839238125401,0.329666290111695
"ENSMUSG00000032340","Neo1",-0.289652646547634,1,-0.50103805718747,1,-0.970276872153882,0.45351071441989,-0.955778434545886,0.0237310726899722,0.680624225606248,0.0154534424451848,0.454740377358416,0.00606226217859857
"ENSMUSG00000032377","Plscr4",-0.244383044845885,1,-0.269861620515754,1,-1.25048850446652,0.00555147604287472,-0.854776626871846,0.0442970474931343,1.00610545962063,2.66324436785279e-06,0.584915006356092,8.39962159929266e-07
"ENSMUSG00000032387","Rbpms2",-0.450704404803005,1,1.92824430944938,0.01414535362107,1.86801638902693,0.251634595819846,2.79438706317386,5.20970941143494e-07,-2.31872079382993,0.00243622299741134,-0.866142753724489,0.0576194437524113
"ENSMUSG00000032402","Smad3",-0.55478177536783,1,-1.15772954355737,8.83667370805153e-06,-1.47544008797482,1.3002593207112e-09,-1.55198373730511,4.78377286545219e-16,0.920658312606989,6.02033037668521e-10,0.394254193747741,0.00682562512397633
"ENSMUSG00000032437","Stt3b",0.23182076609073,1,0.662305260333777,0.413546130488326,0.881489275679252,0.0703887335419157,1.04087811294868,1.30625320772532e-28,-0.649668509588523,1.52609157644577e-07,-0.378572852614906,4.06004920837571e-19
"ENSMUSG00000032440","Tgfbr2",-0.289644146423743,1,-0.660585187252589,1,-0.886709499284953,0.304481980468894,-0.960163968925397,6.22928663696443e-05,0.59706535286121,0.00110088864118598,0.299578781672807,0.00420005146275864
"ENSMUSG00000032515","Csrnp1",0.263748644163952,1,0.478534894926848,1,1.39010171403036,0.0046913376973068,1.03907122885107,0.000147939137484779,-1.1263530698664,1.04761129406489e-05,-0.560536333924225,1.99663474001741e-06
"ENSMUSG00000032531","Amotl2",0.15600819299589,1,-2.37248005438543,0.27676686645039,0.138970405793519,1,-2.9503811463469,0.0492733416483566,0.0170377872023718,0.988714963950146,0.577901091961473,NA
"ENSMUSG00000032578","Cish",1.72130866744616,1,3.95637220800931,2.51697355465395e-85,6.60409107857499,2.63810594753033e-45,5.54435838933277,6.21686062866224e-190,-4.88278241112883,5.66570715966976e-51,-1.58798618132345,5.19839489248494e-59
"ENSMUSG00000032688","Malt1",0.428825020935086,1,1.22245795748886,3.16032291692417e-05,1.1848996354973,0.0215691190918171,1.5578238026346,3.47899296942071e-12,-0.756074614562215,0.00122130367181571,-0.335365845145734,0.0576194437524113
"ENSMUSG00000032690","Oas2",-0.446344131656111,1,-1.00396425367467,0.0879471520362389,-2.14174344373416,0.058708406544728,-2.41309113365511,3.14192608852264e-27,1.69539931207805,0.0212561970707057,1.40912687998044,3.20170807823248e-15
"ENSMUSG00000032691","Nlrp3",-0.248340872390255,1,-0.598491875769567,1,-0.953427475872421,0.0518803474523916,-0.857757728387926,0.00911837660167626,0.705086603482165,2.52808458272426e-06,0.259265852618359,0.0209920549228813
"ENSMUSG00000032698","Lmo2",-0.171095299093606,1,-0.591005643427031,1,-0.630165548773008,1,-0.839536590195389,0.00637841757187345,0.459070249679402,0.000156136149835178,0.248530946768358,0.0125433196167981
"ENSMUSG00000032724","Abtb2",1.01089981044544,1,1.98345086063363,8.39535472457144e-06,2.7103628521345,1.55255322567403e-15,2.92763558105912,1.9251987872982e-16,-1.69946304168906,4.78396817855194e-11,-0.944184720425493,0.00297223965933453
"ENSMUSG00000032740","Ccdc88a",0.334754559879652,1,1.40534654236398,1.55556958864624e-23,1.78399592085128,1.06327384459711e-10,1.90092287472202,6.71995409741809e-61,-1.44924136097163,2.57077983912294e-15,-0.495576332358046,1.62859442317295e-08
"ENSMUSG00000032741","Tpcn1",-0.207455392008862,1,-0.627708823996062,1,-0.635683277784118,1,-1.16273180430935,4.28271020696072e-13,0.428227885775255,0.00662018450655609,0.535022980313289,2.04756362456198e-10
"ENSMUSG00000032750","Gab3",-0.626306933459232,1,-1.01827583752731,0.00684427657797473,-1.50449124391666,0.000179913083881687,-1.59889221652005,3.4551120719575e-14,0.878184310457429,0.000422410656759564,0.58061637899274,0.000173002601236227
"ENSMUSG00000032766","Gng11",0.483297714394756,1,1.08490053219926,0.00832880803891778,0.940550379532012,0.479467987485432,1.39823124351563,2.594781881983e-07,-0.457252665137256,0.111482687144392,-0.313330711316369,0.103731990301421
"ENSMUSG00000032786","Alas1",0.656092187260291,1,1.28074308949257,3.57438727352098e-08,1.10363319452962,0.115522584992114,1.62185243514759,3.16794842578683e-18,-0.447541007269328,0.137045474277537,-0.341109345655019,0.0212653392785172
"ENSMUSG00000032815","Fanca",0.216194731488517,1,0.841846465015646,1,0.619262371444208,1,1.28082653159363,0.0047687164226981,-0.403067639955691,0.211286063297909,-0.438980066577983,0.114461236672619
"ENSMUSG00000032827","Ppp1r9a",-1.05970184242285,1,-1.46265700143181,4.2818963793474e-05,-1.73496556216209,0.0156195964859556,-1.84861454501385,5.67718141169396e-10,0.675263719739235,0.217269344498746,0.385957543582048,0.169757032456381
"ENSMUSG00000032841","Prr5l",-0.0350870898162515,1,1.21534440671697,3.06223618463641e-05,-0.0815205978260475,1,1.19202745154208,3.67871494047936e-05,0.046433508009796,0.945240748260857,0.023316955174888,0.92286812534147
"ENSMUSG00000032846","Zswim6",-0.192054095478218,1,-0.563050403875863,1,-0.491777694640857,1,-0.937155898028795,3.07925474236236e-05,0.299723599162639,0.0693782035076761,0.374105494152932,2.8335274017403e-05
"ENSMUSG00000032870","Smap2",0.530314428342478,1,1.49553989349847,2.76264324630414e-56,1.80794909919665,1.011596097479e-17,1.7198918750672,9.3000553573775e-88,-1.27763467085417,4.42871153104112e-19,-0.224351981568735,0.00100299285245502
"ENSMUSG00000032902","Slc16a1",0.344906944863402,1,0.899597173400393,0.00625960544623414,1.0252123375916,0.275256099797052,1.60723870539222,4.36699201590534e-29,-0.6803053927282,0.013144739219944,-0.707641531991825,3.86635094317912e-14
"ENSMUSG00000032915","Adgre4",-1.97879929931699,1,-2.24594394269818,5.18142794115563e-11,-4.3569674093554,2.15642304043722e-07,-4.06815696178292,1.53929973587157e-46,2.37816811003841,0.00367156843325507,1.82221301908474,3.99520073414847e-12
"ENSMUSG00000032946","Rasgrp2",0.085452820334735,1,-0.61683814099082,1,-1.56503214486033,0.45298708547807,-1.30491631664365,0.00810142746411316,1.65048496519507,0.0216678953646668,0.688078175652828,0.0209920170979097
"ENSMUSG00000032997","Chpf",0.229008729516857,1,1.62965504965095,0.0151652089392853,1.66895521807878,0.26679164113426,2.27209620945685,1.39708122756798e-06,-1.43994648856192,0.0370262218091051,-0.642441159805898,0.11831251427081
"ENSMUSG00000033083","Tbc1d4",-0.393000983703306,1,-0.487971303766028,1,-0.170874533734691,1,-0.946441703277921,0.002024992262464,-0.222126449968615,0.823566505455889,0.458470399511893,0.000118145928787569
"ENSMUSG00000033170","Card10",0.0371761846170221,1,2.47052915935487,0.242933839122287,1.66657221062268,1,3.4100041751006,0.0047028927801303,-1.62939602600566,NA,-0.939475015745722,NA
"ENSMUSG00000033174","Mgll",0.13076162681268,1,1.96115601925766,2.10784830781038e-14,1.76853919234997,0.0145575537386537,3.09261901189399,8.91663053924626e-50,-1.63777756553729,0.000133210411507042,-1.13146299263633,1.24045647556152e-13
"ENSMUSG00000033192","Lpcat2",-0.677592184857165,1,-0.804160458863334,0.491392133175706,-1.51986994708978,0.149819498891008,-1.35142489608877,2.4251145146299e-09,0.842277762232616,0.141052712787017,0.547264437225439,0.000136994094984126
"ENSMUSG00000033207","Mamdc2",-0.242040183313583,1,0.645672277892738,1,-1.58813944345572,3.87173109446361e-05,-0.185155696014973,1,1.34609926014214,6.66605271920379e-09,0.830827973907711,2.57184037673428e-06
"ENSMUSG00000033213","AA467197",1.35245074345633,1,4.19782788098507,4.63378817571621e-90,4.02004187338237,2.67919204399453e-30,5.83763451783306,4.58811452784429e-195,-2.66759112992604,4.64601816497522e-21,-1.63980663684799,1.21560771489504e-55
"ENSMUSG00000033287","Kctd17",0.127585458610367,1,0.822033813201875,0.636241445528649,0.233689244630157,1,1.16839383024524,0.000278469656294407,-0.10610378601979,0.803305699914286,-0.346360017043362,0.0609875290465718
"ENSMUSG00000033316","Galnt9",0.61441504685009,1,1.22060938930163,0.00122034743908,0.47246668279353,1,0.955975970652969,0.102926007292513,0.14194836405656,0.9110933836481,0.264633418648656,0.228639860919633
"ENSMUSG00000033350","Chst2",-0.565778744723368,1,-5.72992665333518,0.0137387337492922,-1.07262793000159,1,-1.89374481821585,0.774954329683352,0.506849185278222,0.903444659666571,-3.83618183511932,NA
"ENSMUSG00000033355","Rtp4",-0.41819507983656,1,-1.06640833176824,1,-1.38340336512579,0.647731297053662,-2.0963147677245,0.000375087478509788,0.96520828528923,0.223547823409672,1.02990643595626,0.0367472724066205
"ENSMUSG00000033427","Upb1",-0.140405664698338,1,4.69668807291462,0.0742944889942486,1.42409356093568,1,5.76138299612668,0.00345949225670666,-1.56449922563402,NA,-1.06469492321205,NA
"ENSMUSG00000033446","Lpar6",-0.423297660139784,1,-0.633903762102239,1,-1.66806571052777,1.97874257948646e-08,-1.23700704130008,1.08595127957931e-10,1.24476805038799,6.98410074964857e-11,0.603103279197841,2.20010305155596e-08
"ENSMUSG00000033450","Tagap",-0.526102530807267,1,-0.563657172705116,1,-1.41299344998838,5.08375989479138e-05,-0.892190155176682,0.195454926339189,0.886890919181116,1.51411098761194e-05,0.328532982471566,0.138449308409852
"ENSMUSG00000033545","Znrf1",-0.204536388413414,1,-0.560904335317936,1,-0.855333066017501,0.324215482817078,-0.943920984836344,0.000842034446206565,0.650796677604087,4.93301123223481e-05,0.383016649518408,0.000742141329777229
"ENSMUSG00000033581","Igf2bp2",0.616738614809478,1,1.5092523705603,0.0226292703518992,1.2637268618538,0.760831690295594,1.84792373287479,0.000169927936704656,-0.646988247044326,0.437468209352203,-0.338671362314483,0.464814851072947
"ENSMUSG00000033595","Lgi3",-1.47177342217654,1,4.85764118675813,0.0191392009010832,3.3988544141787,0.980528692381754,6.74159799692321,2.5437746435816e-05,-4.87062783635524,NA,-1.88395681016508,NA
"ENSMUSG00000033610","Pank1",-0.201219482349696,1,-0.801728505706879,0.434032802920694,-0.769959206131028,0.990255566058799,-0.9858025025413,0.00322108159126424,0.568739723781332,0.0049625093990968,0.184073996834421,0.282080594867579
"ENSMUSG00000033705","Stard9",-0.528445525855192,1,-0.318887118861894,1,-0.968347738717029,0.482987113153536,-1.04173993446811,0.00608421035559766,0.439902212861837,0.178714426239011,0.722852815606219,6.88680295551487e-06
"ENSMUSG00000033720","Sfxn5",-0.388235204415612,1,-0.951489581274544,0.139684267570993,-0.856461374439509,0.713627788469337,-1.31638810200123,1.46331738430964e-05,0.468226170023896,0.0728781315131082,0.364898520726683,0.0843317412583619
"ENSMUSG00000033777","Tlr13",-0.0258015404575346,1,-0.182860974215216,1,-0.878546145665942,0.015124860863251,-0.615760982311365,1,0.852744605208407,7.38443437851127e-19,0.432900008096149,6.27872623042272e-06
"ENSMUSG00000033857","Engase",-0.436231051380309,1,-0.816828955928876,1,-1.44186862583872,0.0262289129508041,-1.57557171190168,0.000156021195748854,1.00563757445841,0.00419439495965671,0.7587427559728,0.010399123244696
"ENSMUSG00000033863","Klf9",0.438266929305725,1,2.50304234269698,4.57494691044344e-100,2.28149246070807,2.03411921162534e-31,3.33344452055066,8.64653503310989e-209,-1.84322553140234,3.25082992058325e-37,-0.830402177853681,4.06689219470656e-23
"ENSMUSG00000033871","Ppargc1b",0.447804787068561,1,2.90957909562192,1.17677589527297e-53,2.47776902053423,1.26829626047458e-08,3.36588050727863,1.16136562861412e-77,-2.02996423346567,5.42903226029276e-10,-0.456301411656715,0.00248631822606368
"ENSMUSG00000033949","Trim36",0.372492402994918,1,1.43493169266583,9.27356226167534e-23,1.19654003936523,0.016150477003868,1.46946212075815,7.25316451109893e-25,-0.824047636370315,0.000254849987354027,-0.0345304280923138,0.812545551310904
"ENSMUSG00000033960","Jcad",0.542962593413744,1,1.2908586927738,0.000138083840468455,2.57328576621789,7.52025637263942e-21,2.85029966939788,6.5944416983972e-47,-2.03032317280414,7.87006279979097e-22,-1.55944097662409,6.20952052935214e-24
"ENSMUSG00000034023","Fancd2",0.285370091711544,1,0.921582783930213,1,0.153385843874489,1,1.40265844651397,0.00607738598254128,0.131984247837055,0.780505047199096,-0.48107566258376,0.162149468095216
"ENSMUSG00000034028","Cd226",0,1,6.94516748885343,4.66269771229863e-06,7.02310089374845,0.000364387214615391,8.94475913240508,8.90023734165945e-11,-6.97653888451313,NA,-1.99959164355165,1.97896916491567e-07
"ENSMUSG00000034041","Lyl1",-0.325719284170335,1,-0.723428030041989,0.528731528215515,-1.23724166433318,2.76449677957107e-06,-1.14400763876601,1.75139466840058e-11,0.91152238016284,1.06224714155433e-11,0.420579608724023,4.52346513649028e-06
"ENSMUSG00000034220","Gpc1",0.417709528472926,1,3.7971630862727,1.27210040760676e-40,3.78109393637616,0.000171202860690548,5.13783756625314,6.04686170397737e-82,-3.36338440790323,5.76349972262146e-05,-1.34067447998044,3.13600291500617e-07
"ENSMUSG00000034226","Rhov",0.359904788727379,1,1.01080862291811,0.129952022485238,0.815909967693775,1,1.35617138731558,5.71484925322498e-05,-0.456005178966396,0.286734868040002,-0.34536276439747,0.131583223158798
"ENSMUSG00000034245","Hdac11",-0.770527774408628,1,-0.773063507952758,1,-1.79818161997473,1,-1.79433411300693,0.0015631149563796,1.0276538455661,NA,1.02127060505417,0.0191451840173181
"ENSMUSG00000034248","Slc25a37",-0.478112731282632,1,-1.25863691296081,4.21250486092925e-18,-0.881355895604595,0.259373711143128,-1.78010425902074,1.88089314323852e-55,0.403243164321963,0.0331477351251078,0.521467346059927,6.18107453275237e-10
"ENSMUSG00000034265","Zdhhc14",-0.429532946384732,1,-1.11762054346983,0.000463706826003586,-1.20157742533359,0.00257995177614172,-1.72174213112629,1.08137046749644e-17,0.772044478948858,5.62738280684077e-05,0.604121587656465,6.19573542460399e-05
"ENSMUSG00000034295","Fhod3",0.0487456775839368,1,0.229410086869294,1,1.65033992300089,0.00268711437670834,0.88166502361625,0.477548571453108,-1.60159424541695,6.01427451237955e-07,-0.652254936746956,0.0136614633182953
"ENSMUSG00000034311","Kif4",0.204552976791311,1,1.18361046256229,0.572727677839066,0.291126562742626,1,1.62400395507865,0.0146582130707135,-0.0865735859513155,0.835849624546828,-0.440393492516353,0.39805265062006
"ENSMUSG00000034336","Ina",-0.282527188139425,1,3.31987110537457,0.00796730480647533,3.35925681257369,0.0031505063370988,4.35207020249111,1.52753043572374e-05,-3.64178400071311,4.22151373272725e-05,-1.03219909711654,0.187505411103735
"ENSMUSG00000034353","Ramp1",-0.85080888395809,1,-0.151757004040113,1,-2.03259023192446,0.00410348544938108,-0.979347177536066,0.165418336628087,1.18178134796637,0.0259961446306433,0.827590173495954,0.000360677760793479
"ENSMUSG00000034413","Neurl1b",-0.0936705284551596,1,0.982091419204745,0.0720706383982901,-0.858402958361151,0.904967088215554,1.04627197648,0.0100994058508023,0.764732429905991,0.00589003299658794,-0.0641805572752569,0.799803122133937
"ENSMUSG00000034459","Ifit1",-1.19465890998785,1,-1.79883544660659,0.0253388181051567,-2.20259436854593,5.29701344524602e-05,-2.61683736916255,3.63403655818602e-06,1.00793545855807,0.0268290125781998,0.81800192255596,0.147718286977604
"ENSMUSG00000034462","Pkd2",-0.161410257186772,1,-0.452886358282442,1,-0.426089550766559,1,-0.845717744490491,0.00127771949725119,0.264679293579787,0.0592651162198073,0.392831386208049,1.13257784666161e-06
"ENSMUSG00000034488","Edil3",0.0656986098287368,1,0.56529136926477,1,0.765075664837842,1,1.03236410403773,0.00701782318663639,-0.699377055009105,0.00487434760818982,-0.467072734772962,0.00663670826230954
"ENSMUSG00000034586","Hid1",-1.01251398407972,1,2.59266558008764,0.00128405140025583,0.477716522901101,1,3.70508892358468,6.63632899338666e-09,-1.49023050698082,NA,-1.11242334349704,0.0370453229083222
"ENSMUSG00000034614","Pik3ip1",-0.931146463363506,1,0.0882887086707396,1,-2.69712513920114,3.56327680840788e-08,-0.234295006324519,1,1.76597867583764,1.10288359207352e-05,0.322583714995259,0.190858355861654
"ENSMUSG00000034641","Cd300ld",0.9167886771765,1,1.49332042882475,5.54374977121044e-19,1.82658839611167,9.65824072454548e-13,1.81046758288447,8.1307176816298e-35,-0.90979971893517,6.57687660340494e-07,-0.317147154059717,0.0102966278377237
"ENSMUSG00000034773","Hrob",0.250177845649836,1,1.30225156859142,0.13007652594495,0.143832946371663,1,1.88262948133318,5.75592078669885e-05,0.106344899278173,0.852491898091513,-0.580377912741762,0.135942326503205
"ENSMUSG00000034792","Gna15",0.657677939251117,1,1.00001674925581,1.42292595153481e-05,1.54526801381043,3.88542892872691e-06,1.26948802198138,3.87732177987677e-15,-0.887590074559311,2.09993340136255e-05,-0.269471272725571,0.00770280243402975
"ENSMUSG00000034807","Colgalt1",0.187587074007541,1,0.745874649852439,0.00446319821613631,0.499199626196732,1,0.901017187231336,2.19656666925361e-11,-0.311612552189191,0.0206769047276428,-0.155142537378897,0.00521393887929577
"ENSMUSG00000034853","Acot11",0.0457706009945128,1,0.729963523885403,0.642791454878193,0.343104478019037,1,0.837744566361338,0.0206878744576386,-0.297333877024524,0.217269344498746,-0.107781042475935,0.396640520214322
"ENSMUSG00000034855","Cxcl10",-1.95261415086736,1,-2.73156393350747,1.36391151478924e-05,-3.94868866558093,1.93655481120291e-07,-3.88793188251213,9.12004407983354e-11,1.99607451471357,0.00842170806545411,1.15636794900466,0.095215428674253
"ENSMUSG00000034875","Nudt19",0.332439875443414,1,0.502778899178686,1,0.853698366169767,0.457709592341694,0.883429504457004,0.00359265423543301,-0.521258490726353,0.00622580643609382,-0.380650605278318,0.000149011437256807
"ENSMUSG00000034902","Pip5k1c",0.215767075574595,1,0.852319856395109,1.59582800509517e-08,0.813459584324122,0.215507680695512,1.08334875026516,2.13241282969603e-29,-0.597692508749526,3.84562717789484e-07,-0.231028893870056,2.54814615340256e-06
"ENSMUSG00000034903","Cobll1",0.596429876874823,1,2.43148578872372,3.07796422092199e-06,2.06425232402719,1.37257395569387e-06,3.44209362832673,2.17379784555135e-15,-1.46782244715237,1.13876328548956e-06,-1.01060783960301,0.00400243008395155
"ENSMUSG00000034926","Dhcr24",0.506363149849915,1,1.60245082154453,0.000132814293585609,0.477489799394324,1,2.1176056950161,1.75695060038891e-10,0.0288733504555913,0.979566869710498,-0.515154873471574,0.0833946615808658
"ENSMUSG00000034930","Rtkn",-0.642906708352658,1,0.641363397709963,1,1.25107563649962,1,1.39296571844946,0.0155063540055914,-1.89398234485228,0.019975718848577,-0.751602320739495,0.022974117393958
"ENSMUSG00000034993","Vat1",0.192470064837113,1,0.641716049200059,1,0.523319825689527,1,0.813791416504037,1.02629685265709e-05,-0.330849760852414,0.0572649679259446,-0.172075367303978,0.00309266416590198
"ENSMUSG00000034997","Htr2a",0.891702191448601,1,3.1011475200536,1.02438245748251e-51,2.58832281856005,8.19103790679398e-14,3.7704256537476,1.59052144391332e-84,-1.69662062711145,3.14998792945866e-10,-0.669278133693992,3.86749381298176e-07
"ENSMUSG00000035049","Rrp12",0.420339694592836,1,0.514498081632542,1,1.15205361719703,0.0418086889853814,0.653110514943793,1,-0.731713922604192,0.0023339358836263,-0.138612433311252,0.57538896281702
"ENSMUSG00000035064","Eef2k",-0.306257362328601,1,-0.655951753169324,1,-0.490775609840611,1,-0.873578462160127,0.00854988915435254,0.18451824751201,0.491260779940163,0.217626708990803,0.07944282801266
"ENSMUSG00000035107","Dcbld2",0.526562451727275,1,2.11837264804037,6.81926346611683e-25,1.46742319378652,0.43662755803595,2.63657414534004,3.08945325926334e-45,-0.940860742059248,0.200138444244452,-0.518201497299666,0.00119664159512998
"ENSMUSG00000035184","Fam124a",-0.451596442518154,1,1.19753172920394,1,3.5168469299074,0.0741794522230484,3.30941960564929,0.000747274144182663,-3.96844337242555,NA,-2.11188787644536,NA
"ENSMUSG00000035208","Slfn8",-0.580187395197766,1,-0.606692213197878,1,-1.27048001640551,0.00787309074146846,-1.25102844868987,7.44342828997668e-07,0.690292621207742,0.00599162065213431,0.644336235491992,7.01658370697473e-06
"ENSMUSG00000035245","Eogt",-0.217908288437638,1,-0.496188333347424,1,-0.729707809955168,0.904967088215554,-0.821653718382127,0.0203988154425875,0.511799521517531,0.000236046201702181,0.325465385034703,0.00123974095656525
"ENSMUSG00000035246","Pcyt1b",-0.7760396974815,1,-1.18177848834443,0.00686759322094641,-2.59456791257159,1.86578914124734e-12,-1.3930415362705,4.07561663375974e-05,1.81852821509009,7.29378332542964e-10,0.211263047926077,0.462901606152012
"ENSMUSG00000035273","Hpse",-0.583671620872073,1,-0.124717751570597,1,-1.21190224425979,0.0295673798126116,-0.29028472699064,1,0.628230623387713,0.0207044788587976,0.165566975420043,0.234797842486154
"ENSMUSG00000035279","Ssc5d",0.56922209919243,1,2.13259839252122,5.47267054440797e-08,1.2939043029606,0.46429310705401,2.22651655226576,2.86813995230529e-09,-0.724682203768168,0.227611213199499,-0.0939181597445326,0.820472573508297
"ENSMUSG00000035314","Gdpd5",-0.105070189122771,1,-0.725362041353734,1,-0.766146725495349,0.892403198701528,-0.934567892063989,0.0322296236402638,0.661076536372578,9.36086119356967e-05,0.209205850710255,0.268138237934142
"ENSMUSG00000035352","Ccl12",2.33697971687543,1.2500680103336e-05,1.61740873956295,0.0839186753926053,3.68717818264698,5.73908370552346e-22,1.81702067043917,0.00914809986972806,-1.35019846577154,9.99927079115003e-06,-0.199611930876217,0.7588854465647
"ENSMUSG00000035355","Kcnh4",1.53441405860362,1,3.74549032063537,0.00737644392023986,2.25259286789389,0.52554228899672,3.62008522958972,0.00585599095501924,-0.71817880929027,NA,0.125405091045651,NA
"ENSMUSG00000035356","Nfkbiz",-0.933628981116556,1,-1.87109721685537,0.0538358149148409,-2.12837747948701,1.55258423716685e-08,-2.95718078663156,3.08146833899664e-06,1.19474849837045,5.4630541676035e-05,1.08608356977619,0.0890890427584432
"ENSMUSG00000035373","Ccl7",1.74844448223239,1,3.00569103087351,0.000165554443436277,3.18361094251319,2.34388721140214e-06,3.83914420116769,3.05118992913967e-08,-1.4351664602808,0.0235376108749792,-0.833453170294187,0.298318308790014
"ENSMUSG00000035385","Ccl2",1.37893933158351,1,2.76158169397483,0.000909048506736305,2.44817296991177,0.00226928831625878,3.4780162073329,9.17209094680517e-07,-1.06923363832827,0.12710015785586,-0.716434513358068,0.379292638270925
"ENSMUSG00000035390","Brsk1",-0.576217807959019,1,-0.981163252611538,1,-1.54850560439835,0.808128572886516,-1.81459023814577,0.00278846855425914,0.972287796439326,0.43113839969531,0.833426985534236,0.0891334724773628
"ENSMUSG00000035439","Haus8",0.247353417595781,1,0.659011178740004,1,0.718893200680556,0.78717329419576,0.949259920711417,0.00101613825659715,-0.471539783084776,2.96381961420161e-05,-0.290248741971413,0.0183116639042062
"ENSMUSG00000035441","Myo1d",0.264162375302713,1,1.29182723658664,0.207887323314215,0.994819407860542,0.56457199645153,1.9049106685586,0.000155754063789472,-0.73065703255783,0.0267778351506998,-0.613083431971963,0.144328000959176
"ENSMUSG00000035498","Cdcp1",1.88765144913591,1,3.29198058242202,1.78713422614273e-06,4.88930727933823,3.61696895237644e-06,4.02703158624819,8.37817513755964e-11,-3.00165583020232,0.000329731272043543,-0.735051003826169,0.180003270402288
"ENSMUSG00000035561","Aldh1b1",0.504602702671696,1,1.99302926681685,2.05330791330181e-47,1.59481316371013,1.21544447643004e-07,2.65698487826218,7.42742355702082e-104,-1.09021046103843,5.83060040068053e-09,-0.663955611445335,1.34397235231292e-11
"ENSMUSG00000035615","Frmpd1",1.53566334525613,1,3.5726441530069,0.266369999701103,6.78224986908596,1.21690929681342e-06,6.0340694924931,0.000291436980595787,-5.24658652382984,1.14226410457927e-09,-2.46142533948621,NA
"ENSMUSG00000035629","Rubcn",-0.19713669082491,1,-0.388393542809675,1,-0.723947950853245,1,-0.856724968913578,0.00130316949296426,0.526811260028336,0.00037016840553499,0.468331426103903,1.1238384025681e-08
"ENSMUSG00000035683","Melk",0.261541299629914,1,0.813929218049527,1,0.0377717860127021,1,1.33207375269739,0.00914809986972806,0.223769513617212,0.475165758761155,-0.518144534647867,0.106781807945452
"ENSMUSG00000035711","Dok3",-0.150597225067921,1,-0.61237960924922,1,-0.774004981229529,1,-1.14889802236804,8.20092893899736e-10,0.623407756161609,0.00428947090965177,0.536518413118822,5.03075454633912e-08
"ENSMUSG00000035713","Usp35",-0.41137033112659,1,-0.563897116513473,1,-1.33373948657242,0.0295673798126116,-1.10938526268803,0.00256707938296631,0.922369155445828,0.00305345279134693,0.545488146174562,0.00313815584611714
"ENSMUSG00000035824","Tk2",-0.441734700000106,1,-0.620572651979012,1,-0.778333878748715,1,-0.873740300521707,0.000245851629788951,0.336599178748608,0.203622572383493,0.253167648542695,0.00374651934067979
"ENSMUSG00000035828","Pim3",0.38696346958634,1,0.914982076164683,0.0323426652607515,1.36898780247297,0.00334352605853746,1.13834539905414,4.96517679804018e-06,-0.982024332886625,6.34524475471317e-05,-0.223363322889461,0.136035476717032
"ENSMUSG00000035829","Ppp1r26",-0.438007983100946,1,1.23500532177076,0.310124099391922,0.223811343420627,1,1.66653657202703,0.00310696806252023,-0.661819326521572,0.539295024756608,-0.43153125025628,0.299130071490451
"ENSMUSG00000035840","Lysmd3",-0.117979569834743,1,-0.508590304347887,1,-1.07147238059317,0.00812169314903651,-0.987384428344726,0.00722086675018925,0.953492810758427,9.67350474290646e-10,0.47879412399684,0.00182085807311357
"ENSMUSG00000035900","Gramd4",-0.0586216956319488,1,1.00267834141818,0.00785462597845029,0.648261500944972,1,1.29172522605467,6.33569879708799e-08,-0.706883196576921,0.0100941793913974,-0.289046884636488,0.0697194755663492
"ENSMUSG00000035960","Apex1",0.328903018189525,1,0.881238232155927,0.181287775515051,0.930253321890937,0.407307758764751,1.18393206744338,1.99500879300143e-05,-0.601350303701412,0.0118496631973121,-0.302693835287458,0.0656498128748053
"ENSMUSG00000035967","Ints6l",-0.274331210690126,1,-0.572650701521819,1,-0.815383805501212,0.265357291186481,-0.8697758450769,0.000464355262951592,0.541052594811086,2.70842314536299e-05,0.297125143555081,0.000606877996392846
"ENSMUSG00000036006","Ripor2",-0.378008395414623,1,-1.67382169794461,0.466563424909512,-2.00435085761871,0.00135737367672393,-2.05512393830859,0.0680201717807485,1.62634246220409,0.000145528769566563,0.381302240363977,0.725937203189907
"ENSMUSG00000036053","Fmnl2",0.412274094494283,1,0.416661180085796,1,1.53810312872492,1.8046491216089e-10,0.77456741128932,0.135592204540912,-1.12582903423063,1.78249529779681e-14,-0.357906231203524,0.000760493128124288
"ENSMUSG00000036067","Slc2a6",0.625885067522189,1,2.71637284276534,2.53105652409579e-103,1.13397180298795,0.0634949525075223,2.62908523909233,2.05454763514814e-94,-0.50808673546576,0.0605524145353846,0.0872876036730167,0.506337237881578
"ENSMUSG00000036098","Myrf",1.17310799757744,1,4.50799666130715,8.5109917968661e-108,4.4273552884299,5.46718754554309e-23,5.82989604011022,1.31125340596508e-195,-3.25424729085247,4.6964230859361e-18,-1.32189937880307,2.72928213096433e-27
"ENSMUSG00000036111","Lmo1",2.78444654551114,1,5.15454396032533,0.0093940119184192,3.91518267676478,0.354745143535835,6.51582545541612,6.60369436023339e-05,-1.13073613125363,NA,-1.3612814950908,NA
"ENSMUSG00000036172","Cd200r3",1.29641491111188,1,4.31986963358472,3.54785510622666e-06,3.8937881051925,2.15642304043722e-07,5.52432292974844,4.09156389209527e-11,-2.59737319408062,3.8688498826251e-05,-1.20445329616372,0.054572156114996
"ENSMUSG00000036199","Ndufa13",0.205548261401197,1,0.495452616221862,1,0.219900617365827,1,0.761347527460794,0.0202418752198969,-0.0143523559646298,0.976147172214399,-0.265894911238931,0.000200238547455504
"ENSMUSG00000036304","Zdhhc23",-1.51191248582494,1,-1.747157377082,0.044727145247924,-3.33613236059304,1.61252704035273e-05,-3.21753551617291,1.08742606853692e-07,1.82421987476809,0.0140437006334341,1.47037813909091,0.0160939435928576
"ENSMUSG00000036353","P2ry12",-0.409582896935749,1,-1.74462169839869,1.06052406620662e-14,-2.00583815644337,0.000132868051610833,-2.57772391018276,8.66484309930282e-36,1.59625525950762,1.11650866038272e-05,0.833102211784078,1.37196518663936e-05
"ENSMUSG00000036362","P2ry13",-0.737338256949525,1,-1.91094484919779,3.94904036386569e-06,-2.23637855635209,8.40275291286948e-07,-3.04748767664664,8.04766819227142e-18,1.49904029940257,1.43728510715068e-05,1.13654282744885,0.00106682239169446
"ENSMUSG00000036390","Gadd45a",-0.282931496576022,1,-0.725388599839575,1,-1.17333123148632,0.0107059106147462,-1.24142310380468,2.32303284285466e-05,0.890399734910297,1.12741994087514e-05,0.516034503965107,0.00301495590179185
"ENSMUSG00000036552","Ermard",-0.710473330138063,1,-1.25889693621399,1.90407486865644e-09,-1.45042153284784,0.0126807208572534,-1.93932734617622,3.57356899299617e-36,0.739948202709775,0.034560096007289,0.680430409962233,1.530438405784e-08
"ENSMUSG00000036560","Lgi4",0.539480409482477,1,1.14962995380865,0.42622513214653,0.321915363829153,1,1.44609080042503,0.0184393464566107,0.217565045653324,NA,-0.296460846616373,0.476025097976044
"ENSMUSG00000036568","Bicral",-0.331935302687068,1,-0.493148379370359,1,-0.678451238630302,1,-0.955999331415019,3.2569907887405e-06,0.346515935943234,0.0679055345305583,0.46285095204466,2.01689203853718e-08
"ENSMUSG00000036585","Fgf1",-0.0959640619211012,1,-2.35037220042888,0.000458374435057756,-0.756208542740423,1,-3.6733934261645,4.45141669680174e-08,0.660244480819322,NA,1.32302122573563,0.0845882170565454
"ENSMUSG00000036594","H2-Aa",0.436621883289632,1,1.4426193038329,3.89768795917875e-18,1.45163871880175,0.000132651797685177,1.4418221274,1.85727729618821e-18,-1.01501683551212,2.99358972291474e-06,0.00079717643290209,0.99669694353624
"ENSMUSG00000036606","Plxnb2",-0.265904486462848,1,-0.487290610370949,1,-0.711986309908584,1,-0.808660352059049,0.0172196648169163,0.446081823445735,0.00950486208853234,0.3213697416881,0.000411095873566255
"ENSMUSG00000036617","Etl4",-0.323817565625389,1,-0.395882002758625,1,-1.36872111118571,0.000503970746500043,-0.943759565272075,0.287153475832385,1.04490354556032,8.4308981446786e-07,0.54787756251345,0.044151261624678
"ENSMUSG00000036622","Atp13a2",-0.366662213110107,1,-0.439529096519508,1,-0.68459690885321,1,-0.757197614582641,0.0256539350058844,0.317934695743103,0.306188793828013,0.317668518063133,7.25718967452914e-06
"ENSMUSG00000036634","Mag",-0.578747168541282,1,0.420670447625857,1,0.716557447591539,1,1.25701388583066,0.0305930626383919,-1.29530461613282,0.0673235278158666,-0.836343438204805,0.00428672933318455
"ENSMUSG00000036661","Dennd3",1.08906292361358,1,2.0251761019409,0.00864426249450188,1.1882844333268,1,2.77235519035988,1.61488695347799e-06,-0.0992215097132169,NA,-0.747179088418974,0.130778105829573
"ENSMUSG00000036752","Tubb4b",0.26599768113375,1,0.634194369621478,1,0.149082616597109,1,0.969291853262986,0.0425550696554025,0.116915064536642,0.715042385624507,-0.335097483641508,0.0929717031346473
"ENSMUSG00000036777","Anln",0.252437817767007,1,0.657352425489787,1,0.0340925087887541,1,1.00199284458675,0.0405019888841617,0.218345308978253,0.359425489664302,-0.344640419096967,0.110489776518794
"ENSMUSG00000036875","Dna2",0.270725018797521,1,1.13680879799607,0.000164677400822777,0.347173118748691,1,1.12671165038695,0.00011644315942645,-0.0764480999511695,0.876024873240667,0.0100971476091175,0.96891256659897
"ENSMUSG00000036887","C1qa",-0.163412970320504,1,-0.624889397458966,1,-0.874862565499858,0.946544475215884,-0.879732612699139,0.000533631535757258,0.711449595179355,0.0252363073323084,0.254843215240173,0.00660763351338827
"ENSMUSG00000037138","Aff3",-0.866228899573821,1,3.60044866490246,0.0419080696830987,1.26134395449965,1,3.70835034352624,0.0150100066784181,-2.12757285407347,NA,-0.107901678623778,NA
"ENSMUSG00000037139","Myom3",1.78250026451048,1,5.22194813020712,0.00813718471514977,3.70006520225939,0.0345759337064902,6.82147882224338,2.33228647091851e-05,-1.91756493774891,NA,-1.59953069203626,NA
"ENSMUSG00000037172","Dennd11",-0.000970080285004183,1,0.807576037961787,0.128257089557604,1.16802084327517,0.000439437763667449,1.32584573644188,1.44336950809472e-15,-1.16899092356018,2.60356209963541e-15,-0.518269698480093,7.64385438583362e-08
"ENSMUSG00000037185","Krt80",-1.47644249584683,1,-1.73819631456492,0.018077946483385,-2.90092753363545,0.00108185026014527,-2.14963294585419,0.000205772614723975,1.42448503778862,0.0909416829009828,0.411436631289275,0.499251581122426
"ENSMUSG00000037224","Zfyve28",-0.677037482657949,1,-0.89208864546073,0.577210091325453,-2.65528465798767,8.54023313799485e-13,-1.79519275565107,2.71933561401196e-10,1.97824717532972,2.5247765879261e-11,0.903104110190343,1.98672655319098e-05
"ENSMUSG00000037242","Clic4",0.549855998262878,1,1.31723384703624,2.31219493867794e-09,1.90015777272478,2.76588122232509e-09,1.92274593485015,4.46124492618739e-31,-1.3503017744619,1.0808490296612e-09,-0.605512087813909,2.88547899774994e-06
"ENSMUSG00000037280","Galnt6",0.307157345371142,1,0.53260215559592,1,1.09260842023704,0.00269441363261514,0.78849231901678,0.0025990499075729,-0.785451074865899,2.35727750281888e-07,-0.255890163420861,0.00016285207603154
"ENSMUSG00000037318","Traf3ip3",-0.480143512846414,1,-0.649584808796685,1,-1.63486486220892,8.29714606676353e-11,-1.22217493905477,1.25948226837384e-09,1.1547213493625,1.06770094848274e-12,0.572590130258085,5.17184822117071e-07
"ENSMUSG00000037337","Map4k1",0.365396352139723,1,1.83194035014648,1.75807708378539e-44,1.17772216497442,0.0214917016644943,2.21014496594251,4.06793856423718e-76,-0.8123258128347,0.000310083876692628,-0.378204615796023,0.000121341015835734
"ENSMUSG00000037341","Slc9a7",-0.697131278640373,1,-0.327164551429855,1,-1.51476217299771,0.00265420178012956,-0.946451258188028,0.0280691241539748,0.817630894357334,0.00959590509307382,0.619286706758173,5.00331501941352e-05
"ENSMUSG00000037347","Chst7",0.550524464082019,1,1.89125940499922,3.58243807809046e-17,2.07971598525771,2.37814510084445e-06,2.71184461130996,1.36463512432583e-46,-1.52919152117569,9.10647821857358e-07,-0.820585206310742,4.04749590556152e-08
"ENSMUSG00000037375","Hhat",0.40125888848045,1,1.44120085610321,0.00208978289215095,1.855248345217,6.32964064288446e-05,2.00213066261109,2.81495256938198e-09,-1.45398945673655,1.39516097691972e-06,-0.560929806507875,0.0431868627482385
"ENSMUSG00000037406","Htra4",1.76579505640495,1,2.75224386269008,1.48777410226679e-10,1.89148492353074,0.608339674954193,2.21376640800529,2.92991377162773e-06,-0.125689867125794,0.950902829106435,0.538477454684793,0.151729333206409
"ENSMUSG00000037419","Endod1",0.0582219735204653,1,0.887911071471029,0.000109959952087819,0.380889447186241,1,1.26621732121637,4.97510086757943e-23,-0.322667473665776,0.374403443577496,-0.378306249745344,3.89566135795802e-07
"ENSMUSG00000037568","Vash2",-0.461958000874664,1,-0.743757568121088,1,-1.30519779301341,0.0156195964859556,-1.02265673299874,0.287880005990494,0.843239792138742,0.00241170831389083,0.278899164877652,0.48926204670694
"ENSMUSG00000037572","Wdhd1",0.304116443507484,1,0.833001477264131,0.9733700291281,0.422204070734651,1,1.08169914738085,0.0297086253268055,-0.118087627227167,0.794273479907556,-0.248697670116715,0.348674794469381
"ENSMUSG00000037573","Tob1",0.357341482039182,1,0.66201351722225,1,0.449939005172372,1,0.943731086376296,0.000577247355891299,-0.0925975231331893,0.714614637425791,-0.281717569154047,0.0128004082815403
"ENSMUSG00000037601","Nme1",0.548003313299026,1,0.755076100949129,1,1.14074993286942,0.144501891531095,1.15226356620032,0.00248803894441229,-0.592746619570399,0.0619064977270701,-0.397187465251194,0.059536801744326
"ENSMUSG00000037606","Osbpl5",-0.326701568650525,1,0.701120360844656,1,0.500622982533845,1,1.30545224959215,0.00097497779752243,-0.82732455118437,0.0655579695250966,-0.604331888747493,0.00859221205369397
"ENSMUSG00000037625","Cldn11",8.44987151601655,5.48962910996397e-08,9.22316246854285,1.88764080839175e-15,11.8284458596213,1.04264710126657e-18,10.6687656406863,2.23139262416601e-21,-3.37857434360475,2.45688875423289e-32,-1.44560317214349,8.14921707243052e-39
"ENSMUSG00000037649","H2-DMa",0.47216142173375,1,1.57991032535258,1.59824195296256e-19,1.46852010889075,0.000293982363748699,1.67119664448937,1.41242691817312e-23,-0.996358687156999,2.06730304860403e-05,-0.0912863191367879,0.588257761384036
"ENSMUSG00000037679","Inf2",0.0983452391662181,1,0.754005296503379,0.219627194632329,0.486485827840781,1,0.897036960451856,0.00025561505277016,-0.388140588674562,0.0571426653058875,-0.143031663948477,0.1751408191635
"ENSMUSG00000037685","Atp8a1",-0.42086631077075,1,-0.551535331875859,1,-0.977186347220392,0.0501374035956068,-0.965770408759703,0.000501371805538456,0.556320036449642,0.000972743246102794,0.414235076883843,0.000310541344844576
"ENSMUSG00000037697","Ddhd1",0.215089168687454,1,2.12928144016014,5.58021292567362e-44,1.59820410510521,1.36904881114501e-08,2.51088246351887,9.06034338480285e-69,-1.38311493641775,1.2057850672898e-15,-0.381601023358738,0.00376249331181864
"ENSMUSG00000037710","Cisd1",0.371453622991476,1,1.16745937500166,4.92542868245698e-08,1.28829000650892,0.04392812937203,1.51404839002985,1.45521282413892e-20,-0.916836383517448,0.00229853006590885,-0.346589015028191,0.00200248820566653
"ENSMUSG00000037759","Ptger2",0.42430711020031,1,0.867126372307411,0.181806769013977,1.13931159746408,0.00560332536047675,0.849022055891449,0.126222461338146,-0.715004487263774,7.4728563904478e-05,0.0181043164159618,0.940387314090796
"ENSMUSG00000037762","Slc16a9",-0.6284002127319,1,-1.61021611947337,0.00370355252768045,-1.49021869804134,0.632136862716873,-2.32563544391102,1.44758907688371e-07,0.861818485309442,0.382713907315191,0.715419324437645,0.109089377207934
"ENSMUSG00000037820","Tgm2",0.639826745082934,1,0.556177227315791,1,1.03541030214667,1,0.809634572000254,0.00619725310267976,-0.395583557063734,0.617348067311773,-0.253457344684463,0.00270444516588282
"ENSMUSG00000037849","Ifi206",-0.486620478231928,1,-1.14318909101323,0.37444018347454,-0.797156023134952,1,-1.62834912788175,0.00212650957565851,0.310535544903023,0.710175601312513,0.485160036868524,0.262627036148705
"ENSMUSG00000037852","Cpe",-0.732729916360225,1,-1.02685039319382,0.767738077908947,-1.43103239081833,0.0384125883663145,-0.997482344767837,0.471392122938313,0.698302474458102,0.0843092870304216,-0.0293680484259847,0.961681078815737
"ENSMUSG00000037868","Egr2",1.22713964645175,1,2.76587022788283,9.56466056758773e-62,2.90317854775365,1.13841361913887e-17,3.31606156100238,2.91604395984669e-97,-1.6760389013019,2.65342872170494e-09,-0.550191333119556,0.000306979494684244
"ENSMUSG00000037907","Ankrd13b",0.588420442170886,1,1.42985454805027,1.21727408635159e-10,1.54774622115063,0.00148486757495697,1.80028614282506,3.03182245414416e-22,-0.959325778979747,0.00127335415695248,-0.370431594774795,0.0136102653205485
"ENSMUSG00000037921","Ddx60",-0.575984771704366,1,-0.573047050444133,1,-0.932460263203329,0.815760494502558,-0.963773170317225,0.0270179347325961,0.356475491498962,0.42277288032178,0.390726119873092,0.0287684550267819
"ENSMUSG00000037922","Bank1",-0.410699840740348,1,-2.24568546501704,1.0836832582479e-19,-1.50990673076891,0.000453708092850838,-3.70889519591576,1.06767037978234e-55,1.09920689002856,1.52661690448509e-05,1.46320973089872,5.72104929613166e-11
"ENSMUSG00000037926","Ssh2",-0.696024468221822,1,-1.08996837144237,3.28328159460683e-08,-1.73807224281207,3.14084491455324e-07,-1.77987654252501,7.19157889074595e-44,1.04204777459025,6.59607995428326e-06,0.689908171082643,9.23121223612709e-14
"ENSMUSG00000037940","Inpp4b",-0.386694844387445,1,-0.953834315867175,0.0622947840082536,-1.85014066406998,1.73638692867989e-11,-1.28228690364968,3.43491877159953e-06,1.46344581968254,6.94423392900822e-15,0.328452587782501,0.0864083993879121
"ENSMUSG00000037946","Fgd3",-0.37898122797192,1,-0.714055816791796,1,-1.38431380189857,6.37576504064714e-08,-1.1789726941643,6.91506325382513e-09,1.00533257392665,3.78752606265995e-12,0.464916877372509,3.7196940517156e-05
"ENSMUSG00000037966","Ninj1",-0.255839553036216,1,-0.712906095877827,1,-0.976617013818472,0.143950159597601,-1.09901591244376,0.000318130185133747,0.720777460782256,0.000230790711189884,0.386109816565935,0.017026071744854
"ENSMUSG00000037972","Snn",0.270737279198931,1,1.3232301401599,9.24526473120807e-09,1.0016190420941,0.396139649896974,1.47799693541532,4.81507936824504e-13,-0.730881762895164,0.0101690292011367,-0.154766795255425,0.34024391545156
"ENSMUSG00000037989","Wnk2",-1.34353280490762,1,2.66607452979606,0.00347099291330618,-1.46831517591061,1,3.40329834954386,5.20923816591312e-06,0,NA,-0.737223819747798,0.301553229744595
"ENSMUSG00000037991","Rmi2",1.43784062445909,1,2.89528490185302,1.36676730757701e-06,3.12217841547716,4.0291142222802e-11,4.01912379056492,5.52178583424325e-15,-1.68433779101807,9.65745868791013e-06,-1.1238388887119,0.00795784232111131
"ENSMUSG00000037992","Rara",-0.019502492742709,1,-0.476600838976558,1,-0.110032600757996,1,-0.823401741857737,0.0364018821761579,0.0905301080152869,0.86007372901002,0.346800902881179,0.00157036102222571
"ENSMUSG00000038026","Kcnj9",-2.32759769269127,1,-0.928484771225045,1,-0.704760047224295,1,-2.983265499325,0.0391049694923972,-1.62283764546698,NA,2.05478072809996,NA
"ENSMUSG00000038037","Socs1",0.824920291254138,1,3.1890234066497,1.11245261083807e-50,5.59816076313135,2.88943723997485e-36,4.38330865713358,5.92918231194997e-111,-4.77324047187722,6.86947494077696e-42,-1.19428525048388,1.43530488474067e-20
"ENSMUSG00000038059","Smim3",-0.0867467676674171,1,-0.437443161337458,1,-0.997947349240628,0.0992630796391538,-0.904673103170392,0.0203202813240014,0.911200581573211,7.57611272381705e-07,0.467229941832934,0.000481313271302087
"ENSMUSG00000038065","Mturn",-0.767044027540141,1,-0.421909953945666,1,-1.47303913868872,0.0159338107278168,-0.75892079965628,0.563196574802302,0.705995111148582,0.0637441635316381,0.337010845710614,0.0607492889032505
"ENSMUSG00000038170","Pde4dip",0.0778646448163262,1,0.560303215384796,1,1.02232209362133,0.0142046968748176,0.731130198260429,0.369930053084612,-0.944457448805008,1.1661831157567e-10,-0.170826982875632,0.183892232287177
"ENSMUSG00000038175","Mylip",-0.384464734372656,1,-1.37339764967671,0.0431126931452676,-1.22602382625828,5.08073823360818e-05,-1.95264462118693,5.10980004712185e-06,0.841559091885628,2.61301888981935e-08,0.579246971510222,0.127364712616431
"ENSMUSG00000038178","Slc43a2",-0.54855448617502,1,-0.704021748074135,1,-1.69884708950934,8.14058737988155e-06,-1.30507878868071,1.05488291361253e-09,1.15029260333432,3.72226433819558e-06,0.60105704060658,2.42859560144279e-06
"ENSMUSG00000038235","F11r",-0.982524998144612,1,-1.23002606720574,0.202398528365143,-2.8503819106548,1.83382922867669e-06,-1.83555699914742,0.000146278317179762,1.86785691251019,0.00021514398211768,0.605530931941683,0.148820958957867
"ENSMUSG00000038244","Mical2",0.389785093799857,1,0.547800558931916,1,0.957275167157065,0.0313944704397682,0.64989039181953,1,-0.567490073357208,9.90100774830026e-05,-0.102089832887614,0.486801247409759
"ENSMUSG00000038368","Focad",0.574547893162457,1,0.956156932930766,6.01298459690699e-05,1.10586118284302,0.000258810088206334,1.23474136516293,5.13161877765692e-15,-0.531313289680561,0.000126809661267995,-0.278584432232163,0.0030928830336522
"ENSMUSG00000038370","Pcp4l1",-0.565698249903574,1,-1.26459316271387,0.36578641003381,-2.1138522337166,2.70341043573506e-12,-1.57596851990861,0.0197573723823803,1.54815398381303,2.1873607717496e-12,0.311375357194738,0.575114926801754
"ENSMUSG00000038388","Pals2",0.413745919138272,1,1.77342572241655,4.19639781200174e-35,1.23190491846251,0.0533041860304857,2.02912040366229,3.78816794004347e-52,-0.818158999324242,0.0045845489561576,-0.255694681245737,0.0342530073066129
"ENSMUSG00000038390","Gpr162",-1.09380686646546,1,-1.60044424070441,2.56270669417756e-28,-3.1444122504214,4.09537900419688e-33,-2.41823884031511,1.88472507870878e-85,2.05060538395594,1.43141093644109e-20,0.817794599610697,1.20525828352896e-15
"ENSMUSG00000038400","Pmepa1",1.11383864217344,1,2.30808287363762,3.20646969595184e-13,1.52534369321222,0.00200299352111403,2.54158996283119,2.19116455843373e-17,-0.411505051038776,0.255241510055844,-0.233507089193572,0.419759984631664
"ENSMUSG00000038473","Nos1ap",0.138011840486972,1,1.0641166825705,0.139794680824022,1.1512316645012,0.850912915112175,1.46725352644443,5.00688340596514e-05,-1.01321982401423,0.0947302112196263,-0.403136843873934,0.110781844662176
"ENSMUSG00000038486","Sv2a",-0.928965676491513,1,-0.953504216550389,1,-2.20228165185064,0.000953097180136109,-1.56472813244464,0.00746111391364715,1.27331597535912,0.0160899236101023,0.611223915894252,0.167037280973636
"ENSMUSG00000038508","Gdf15",0.25015594209579,1,-0.73514039848848,0.620302446240166,-0.212486361539943,1,-0.959101857225994,0.000265369902048374,0.462642303635733,0.260557038429622,0.223961458737514,0.0715824383901091
"ENSMUSG00000038527","C1rl",-0.336242329661743,1,-0.71504568041819,1,-1.35177025898291,0.311548797585338,-1.10081340227166,0.0298837369252448,1.01552792932117,0.0523337156836223,0.385767721853471,0.147718286977604
"ENSMUSG00000038578","Susd1",-0.205917000175662,1,-0.576394073724299,1,-1.20519212245627,0.00516643173284362,-1.02028969428785,0.000317749936567579,0.999275122280604,3.75049508183166e-07,0.443895620563553,0.00060602263068024
"ENSMUSG00000038663","Fsd2",-0.408600914727266,1,1.3194056098707,0.198653325843107,0.199406452320809,1,1.81202540520771,0.000752428539928489,-0.608007367048075,0.562622578443199,-0.492619795337005,0.224400074848062
"ENSMUSG00000038738","Shank1",0.418840982417983,1,1.43379646422334,0.746242796777255,1.90239126862892,1,2.26968515419602,0.00867080431419808,-1.48355028621094,NA,-0.835888689972687,NA
"ENSMUSG00000038740","Mvb12b",-0.0397939815466859,1,-0.74365445940895,0.567026723326868,-0.455369934947858,1,-0.820938192251495,0.0481904411604235,0.415575953401172,0.00072526757585102,0.0772837328425445,0.61064380329432
"ENSMUSG00000038764","Ptpn3",0.842653383977107,1,2.3009039580804,1.07227688352254e-09,1.34940126102876,0.51862716781038,2.24865267928811,2.11856749889188e-09,-0.506747877051654,0.531203658166929,0.0522512787922833,0.90286703297998
"ENSMUSG00000038811","Gngt2",-0.290851668768466,1,-0.62400789047229,1,-1.59049192747754,0.000138337629710008,-1.02547775643336,0.00140997550329735,1.29964025870908,2.3253426025138e-07,0.401469865961069,0.00775614296039875
"ENSMUSG00000038831","Ralgps1",-0.472801547129649,1,-1.05450767049653,0.000796962835572952,-1.17350235204731,0.0140567998825622,-1.5454623888757,4.02583846088249e-14,0.700700804917663,0.00177724948675501,0.490954718379176,0.00137450160143063
"ENSMUSG00000038866","Zcchc2",0.28365915352853,1,0.567187919418075,1,1.33476988276365,1.01721305614594e-08,0.901855255626019,1.27349430040566e-07,-1.05111072923512,8.95822508211859e-17,-0.334667336207945,5.80452447090201e-08
"ENSMUSG00000038872","Zfhx3",-0.304702404487695,1,-0.552663210575401,1,-0.781871817493519,1,-1.27034780328202,0.00869755521716726,0.477169413005824,0.162604087464949,0.71768459270662,0.00869633210458973
"ENSMUSG00000038894","Irs2",0.0793704422364407,1,0.890803329249875,0.0321912838792409,0.323054352128628,1,0.824017276807096,0.0887354891018544,-0.243683909892188,0.464323569855678,0.0667860524427785,0.70041379665221
"ENSMUSG00000038943","Prc1",0.12566322790264,1,0.736936916847744,1,-0.194946735231849,1,1.15007612456417,0.00814229943423614,0.320609963134489,0.132495501040999,-0.413139207716428,0.0841976822009985
"ENSMUSG00000039013","Siglecf",1.31950943674503,1,3.15514947563881,9.17631939212346e-40,1.43400721754286,0.690181042644686,2.64577947054129,2.60730644585603e-25,-0.114497780797833,0.937454367840729,0.509370005097519,0.0101162240340824
"ENSMUSG00000039031","Arhgap18",-0.354268854136267,1,-0.716576704134819,0.552777734415957,-1.2449651643824,6.42666561343295e-06,-1.10842001227006,4.55953856362602e-11,0.890696310246129,1.99710354021398e-10,0.391843308135236,6.83468805250877e-06
"ENSMUSG00000039062","Anpep",0.0887353700364559,1,0.938314680781783,1.16053533607259e-05,0.532879761853565,1,1.08730958384613,1.54385709758802e-11,-0.444144391817109,9.15947221714841e-07,-0.148994903064352,0.128421373942991
"ENSMUSG00000039109","F13a1",-0.702437092323976,1,-1.61308532506778,1.1150062877887e-13,-1.59561846802531,0.0260066674932994,-2.21278509861452,1.98161816774247e-33,0.893181375701332,0.045709083503063,0.599699773546735,0.000161697555514845
"ENSMUSG00000039115","Itga9",-0.372185171393299,1,-1.8795103026434,1.19814985799782e-29,-1.532435249937,0.00358955157774711,-2.53184556792791,6.63761204416961e-62,1.1602500785437,0.00015243786069364,0.652335265284511,2.13323164922926e-06
"ENSMUSG00000039145","Camk1d",-0.420949020218731,1,-0.818698642510078,0.141357349188724,-0.968752798025594,0.115522584992114,-1.39375208131401,9.1085645264814e-16,0.547803777806863,0.00462509815066625,0.575053438803927,1.58793132842555e-07
"ENSMUSG00000039157","Eeig1",-0.292803677322405,1,-0.519119878183441,1,-1.34457678809967,0.00804934843309246,-0.56269752217486,1,1.05177311077727,4.75856196592661e-05,0.0435776439914193,0.847341295798322
"ENSMUSG00000039176","Polg",-0.138388260568016,1,-0.647371847844569,1,-0.64119229852849,1,-0.978404808360127,3.63916196670593e-06,0.502804037960474,0.000802090809403688,0.331032960515558,0.000437049324561775
"ENSMUSG00000039193","Nlrc4",-0.221098991695756,1,-0.572316789522032,1,-0.933262699294382,0.277933285359644,-0.913840647528619,0.0225496517278508,0.712163707598626,0.000491867372724948,0.341523858006587,0.0233585309692779
"ENSMUSG00000039206","Daglb",0.0375830233367965,1,0.834158640156114,0.00389804380301194,0.821230077988188,0.409606231927853,0.980920626800214,8.21093991689945e-08,-0.783647054651391,4.50365547130389e-08,-0.1467619866441,0.119780875455947
"ENSMUSG00000039217","Il18",-0.393622677112675,1,-0.545429765842022,1,-1.54044427610745,8.424554242934e-06,-0.884714004856794,0.0746852688571879,1.14682159899477,4.90618331306862e-08,0.339284239014772,0.042682840812719
"ENSMUSG00000039313","Minar1",0.205616811761348,1,-0.669362899279145,1,-0.687689475112903,1,-1.92671032381057,0.0356802006888522,0.893306286874251,0.269837006689206,1.25734742453142,0.0662934492988363
"ENSMUSG00000039431","Mtmr7",0.525916889090074,1,0.802933826909408,1,1.6679029061936,0.0164072949303911,0.951900160985687,0.550282050917203,-1.14198601710353,0.00610412543988831,-0.148966334076279,0.751322845175186
"ENSMUSG00000039474","Wfs1",0.356561368265339,1,0.834195523945395,0.746242796777255,1.80942787605789,0.000123001596970916,1.3331408566365,2.11327177521787e-05,-1.45286650779255,2.03395503911459e-06,-0.498945332691104,0.0122775209328223
"ENSMUSG00000039529","Atp8b1",0.244656172541036,1,0.707349218001828,1,2.49957011534905,0.0105068053520117,1.65976990382764,0.0453444598997102,-2.25491394280802,0.0010214423650859,-0.952420685825807,0.0777866527669442
"ENSMUSG00000039611","Pgap4",0.0253862043141382,1,2.52845810597329,0.378491437508187,2.18693773383792,0.0539559868982638,3.7709358874328,0.00518091655969419,-2.16155152952378,0.00222008641513372,-1.24247778145951,NA
"ENSMUSG00000039693","Msantd3",0.390408800475091,1,1.14196653933363,1,1.84072756829461,0.0268266855795474,1.89480308570212,0.00869343887251125,-1.45031876781952,0.00434841723428156,-0.75283654636849,0.180333045545574
"ENSMUSG00000039748","Exo1",0.538478585539449,1,0.622549098052054,1,0.620313502550491,1,1.25299784464747,0.0495786529473742,-0.0818349170110421,0.894959003229059,-0.630448746595418,0.0670475452497621
"ENSMUSG00000039763","Dnajc28",-0.363020582374324,1,-0.434034189595071,1,-1.18315775125581,0.0214917016644943,-0.889343187029736,0.0499189982607781,0.820137168881486,0.000376385516678971,0.455308997434665,0.00199621506059204
"ENSMUSG00000039783","Kmo",-1.4945601097844,1,-1.22203244127659,0.000719379403421894,-2.1145694918562,0.0252317917105961,-2.30120160829004,5.80067487632388e-22,0.620009382071801,0.490566302446939,1.07916916701345,8.1055781961971e-08
"ENSMUSG00000039852","Rere",-0.414100806069504,1,-0.461084603852903,1,-0.840740081243387,0.741973264441,-0.89189835092031,0.0282714140834601,0.426639275173882,0.0902124754482647,0.430813747067408,0.00142119334434847
"ENSMUSG00000039879","Heca",-0.329997884025793,1,-0.515341914985063,1,-0.95092091039969,0.0465675584422519,-0.844821485217266,0.0336414472384441,0.620923026373897,3.39004240116844e-05,0.329479570232203,0.00646983790173967
"ENSMUSG00000039891","Txlnb",-0.383899512634122,1,-1.1755544022983,0.542029827787132,-1.89643672812847,0.00738461232352683,-1.93129249610872,0.00160470692450991,1.51253721549435,0.00115543963900018,0.755738093810415,0.161917849822497
"ENSMUSG00000039899","Fgl2",-0.278059565435928,1,0.790434972415009,0.0687672377779672,0.617865857499899,1,1.09890469080382,1.17666074591199e-10,-0.895925422935827,5.96970853455077e-05,-0.308469718388806,0.000541327361281567
"ENSMUSG00000039908","Slc26a11",-0.647793533725218,1,-0.914541563502659,0.863102335826838,-1.87836577876439,0.0516288387397626,-1.84294715202036,2.39568760765548e-07,1.23057224503917,0.0471549369418026,0.928405588517706,0.000644473956706333
"ENSMUSG00000039942","Ptger4",-0.27912245285968,1,-0.740424735427176,1,-0.799551634095527,0.739448642580235,-1.1607539871552,8.55183948423463e-06,0.520429181235847,0.00667488344274325,0.420329251728027,0.0047050353899047
"ENSMUSG00000039943","Plcb4",-0.371752670909952,1,-1.32911281473667,0.251952285263392,-1.40486600662323,0.0670423847180405,-1.48565885024558,0.0446619494788179,1.03311333571327,0.00738385637845977,0.156546035508908,0.809210485838923
"ENSMUSG00000039953","Clstn1",0.302071476872273,1,1.21055605050757,0.173400381446079,1.48040567874337,2.39066123063263e-06,1.77201982556133,6.60133070220826e-05,-1.17833420187109,1.00779830297042e-10,-0.561463775053759,0.127627633679572
"ENSMUSG00000039959","Hip1",0.267396450658017,1,0.499235306954215,1,0.7810215799734,1,0.863767661599557,0.0154535273707289,-0.513625129315383,0.0320452169162009,-0.364532354645343,0.00133987402562393
"ENSMUSG00000039960","Rhou",0.311421794293539,1,1.10648797601475,0.23733248393797,0.720696232349536,1,1.70696585309156,1.34902699506764e-05,-0.409274438055998,0.593297752364916,-0.600477877076807,0.0361865465729709
"ENSMUSG00000039976","Tbc1d16",0.541792973309063,1,1.00416374513025,1.82676173191109e-05,1.32852264219209,0.0162391176983777,1.26653080109638,2.01669638341056e-14,-0.786729668883028,0.00691180881023452,-0.262367055966129,0.0138057189135273
"ENSMUSG00000039981","Zc3h12d",-0.346294273320974,1,-0.656208997944054,1,-1.03822863206164,0.000239252071829185,-0.948687306254999,0.000472673494619992,0.691934358740664,1.5025978004827e-09,0.292478308310944,0.0123936463068394
"ENSMUSG00000039994","Timeless",0.301856488038787,1,0.923835071706813,0.748053619331139,0.410141614490023,1,1.22967623696131,0.0161916892334635,-0.108285126451237,0.823155082147436,-0.3058411652545,0.33598538703532
"ENSMUSG00000040016","Ptger3",-0.115210136067871,1,-1.21967191227261,0.223648821133384,-1.47634153213955,0.584230070791189,-2.2263975427167,2.86241013511474e-06,1.36113139607168,0.0782445244506054,1.00672563044409,0.019721493915165
"ENSMUSG00000040065","Pfpl",-0.56451640108974,1,-0.772481065589287,1,-1.56384729279204,0.00257995177614172,-0.91317638588684,0.394109502279197,0.999330891702295,0.00196695567069275,0.140695320297553,0.706672941530623
"ENSMUSG00000040093","Bmf",-0.936043992757781,1,-0.819821372587297,0.556637248132998,-2.72097603574521,1.67896884138071e-12,-1.67464346820297,2.39826739870549e-14,1.78493204298743,1.39374339674424e-08,0.854822095615673,3.34529245665895e-08
"ENSMUSG00000040111","Gramd1b",-0.257503000639111,1,-0.694827380310347,0.940566279230746,-0.306120744766818,1,-0.895568852111584,0.000531293044249263,0.0486177441277072,0.854848835762253,0.200741471801236,0.0563898158705596
"ENSMUSG00000040152","Thbs1",-0.83041496437972,1,-0.810786179249968,0.0637515305856598,-1.84769106089953,0.201393816154036,-1.38982101582246,2.4769106275317e-21,1.01727609651981,0.245483568943485,0.579034836572494,1.82249088054309e-10
"ENSMUSG00000040204","Pclaf",0.480389279866942,1,1.03387172323594,1,0.474106511491637,1,1.61191538192337,0.04345736727079,0.00628276837530452,0.992475539932629,-0.578043658687426,0.317949523895198
"ENSMUSG00000040213","Kyat3",0.099649973325164,1,0.593976511437877,1,0.417523429744346,1,1.12549123688063,0.0191540683491415,-0.317873456419182,0.513123306316253,-0.531514725442755,0.0190406638188444
"ENSMUSG00000040229","Gpr34",-1.06824038747176,1,-2.02724510046357,6.4425096180629e-26,-2.91638731205388,0.00021961113958347,-3.4321335931695,8.63178492588565e-88,1.84814692458212,0.00551909492648858,1.40488849270593,1.34821806504776e-19
"ENSMUSG00000040253","Gbp7",-0.909032740720089,1,-0.989079368450058,4.15596719209211e-05,-1.59116485999897,0.489409003492597,-1.88415368245844,1.18377940035133e-46,0.682132119278883,0.515044863889635,0.895074314008379,1.66770613623421e-20
"ENSMUSG00000040329","Il7",0.828073984484716,1,2.08124379835991,0.0113744675899504,1.43505541894915,0.290891690391432,1.92095129825978,0.0183245384268169,-0.606981434464431,0.366673657514543,0.160292500100133,0.822123927366157
"ENSMUSG00000040405","Havcr1",2.86357453901652,1,4.06339372126924,0.0680670960134787,7.52908519838806,7.87165574850583e-05,5.2928506086226,0.00123560741702376,-4.66551065937154,NA,-1.22945688735336,NA
"ENSMUSG00000040410","Fbxl4",-0.323354014901622,1,-1.08832317919946,0.000224938584116533,-1.59071646235037,0.000240959310406694,-1.68916720389965,2.18592392749868e-18,1.26736244744875,1.30557985143264e-06,0.600844024700183,4.51776397573564e-05
"ENSMUSG00000040413","Timd2",2.72288847026357,1,5.18641354281367,0.0697328430137654,6.73615754668156,0.00278949167711077,5.3169931470856,0.0270442583531211,-4.01326907641799,NA,-0.130579604271929,NA
"ENSMUSG00000040415","Dtx3",-0.521658083609879,1,-0.340057713760334,1,-1.00819860998589,0.0294189861886621,-0.684493356523226,0.553818894242352,0.486540526376011,0.00667488344274325,0.344435642762892,0.00013223961478112
"ENSMUSG00000040524","Zfp609",0.182393547697513,1,0.619341681367683,1,1.21505866566371,1.42204889309844e-08,0.814215319881829,0.0395960200087695,-1.03266511796619,1.65418237126041e-22,-0.194873638514146,0.0960937150957483
"ENSMUSG00000040533","Matn1",-1.45065342785377,1,-2.07538450694605,3.17476160042695e-05,-1.60580356347573,0.820847702261611,-2.66971923169759,6.7916365631215e-09,0.155150135621961,NA,0.594334724751541,0.256121814172183
"ENSMUSG00000040537","Adam22",-1.12999474344219,1,-0.996654515237437,0.161161903282781,-1.35255300968544,0.163450664819798,-1.76375036850849,6.70897385093737e-10,0.222558266243245,0.754244732787718,0.767095853271049,0.000481971210379965
"ENSMUSG00000040564","Apoc1",-2.03739075259579,1,-2.04141567656238,5.33953994160239e-08,-2.99265730281715,0.157103893975086,-3.03040019140034,2.37080242727105e-17,0.955266550221357,NA,0.988984514837962,0.00813650404295266
"ENSMUSG00000040613","Apobec1",-0.305683274929688,1,-0.297448721666465,1,-1.03322244279798,0.00103829023940674,-0.732674218991271,0.203362989815585,0.727539167868288,3.53440342987385e-09,0.435225497324805,5.3545153738795e-07
"ENSMUSG00000040618","Pck2",-0.29396883399061,1,-0.595084256066374,1,-0.762243543287977,0.970515827299229,-0.988362361297492,9.50024043523896e-05,0.468274709297367,0.0170610646713245,0.393278105231118,0.000416561053955026
"ENSMUSG00000040624","Plekhg1",0.735362945747682,1,2.83257496566241,5.45694578652176e-88,2.33572857463883,5.32849042837998e-30,3.06848954588741,7.10986474622892e-108,-1.60036562889115,6.61269406884117e-26,-0.235914580225003,0.0668991361618047
"ENSMUSG00000040663","Clcf1",0.425930806729339,1,2.36445303150021,0.000674074146739223,0.442251982947433,1,2.79942577406154,2.92991377162773e-06,-0.0163211762180944,0.993002344638421,-0.434972742561329,0.444464517843193
"ENSMUSG00000040687","Madd",-0.296384081857491,1,-0.4968484756248,1,-0.710044688904463,1,-0.909979302180523,0.0292245363300579,0.413660607046972,0.0341805090749873,0.413130826555723,0.00491633478398625
"ENSMUSG00000040699","Limd2",-0.647875584177968,1,-1.27039794742838,6.01202369730467e-19,-1.82780106185127,1.62836315036164e-13,-2.00495214760057,2.67167855900589e-78,1.1799254776733,7.30961631361555e-12,0.734554200172195,1.15921664431404e-19
"ENSMUSG00000040710","St8sia4",-0.194472334249915,1,-0.548766664047116,1,-1.12519451530202,4.0708161831985e-05,-1.02735542697016,5.18955217803175e-05,0.930722181052102,1.89182295865924e-14,0.478588762923048,3.02431776353475e-05
"ENSMUSG00000040717","Il17rd",-1.16687192407285,1,-0.594233672674229,1,-1.32819118737987,0.830224294440141,-2.2745276842972,0.0165982771135453,0.161319263307022,0.912900429624819,1.68029401162297,NA
"ENSMUSG00000040797","Iqsec3",2.57098537820765,1,6.80513088834154,3.45231881526487e-05,3.87264975821094,0.235489072892155,6.53653322449214,4.35861728780162e-05,-1.30166438000329,NA,0.268597663849402,NA
"ENSMUSG00000040809","Chil3",0.607494157997857,1,7.97736904583629,6.61399119086009e-243,7.78353392321303,1.55669816311847e-61,10.495456559872,0,-7.17603976521517,3.7069464351111e-62,-2.51808751403567,7.90340398038357e-254
"ENSMUSG00000040829","Zmynd15",-1.43529832206369,1,-0.977101045734196,0.406048195736542,-2.68120395781948,0.00650249213999836,-1.65996426154648,2.38636784526214e-06,1.24590563575579,0.165706689022652,0.682863215812283,0.0112637355158969
"ENSMUSG00000040852","Plekhh2",-0.266470988530402,1,-0.837178201233196,1,-1.61040079784973,0.00269399895920829,-1.04423445818598,0.443936166295923,1.34392980931933,2.30371833172772e-05,0.207056256952787,0.703478444478997
"ENSMUSG00000040855","Reps2",-0.414733454948845,1,-0.751952212966317,1,-1.88305945521324,1.52216492075832e-11,-1.57507174491727,0.00216913939394728,1.4683260002644,1.76559133284838e-14,0.82311953195095,0.0212974684668742
"ENSMUSG00000040896","Kcnd3",5.61970105690204,0.00206255464474937,10.2284448999063,2.37216137168732e-14,11.1618304222434,2.56408960349513e-20,11.7539643419849,1.46305642109887e-19,-5.54212936534137,6.42853605975461e-20,-1.52551944207865,1.48152865387538e-17
"ENSMUSG00000040907","Atp1a3",-0.0308407412156942,1,0.804772306840655,0.0081948769162776,0.2976942173772,1,0.995247291743861,2.02701252937752e-09,-0.328534958592895,0.0132006184762242,-0.190474984903206,0.0216003266292413
"ENSMUSG00000040950","Mgl2",5.72300450383698,1.54472350124165e-09,8.08719018342487,0,9.05129872738694,5.00735489282676e-29,9.18916404949759,0,-3.32829422354997,6.11845587291935e-05,-1.10197386607272,5.4067269903645e-19
"ENSMUSG00000040964","Arhgef10l",-0.229344919342464,1,-0.502010597130487,1,-0.90955232758987,0.42116915657159,-1.15691373193064,3.25898594780947e-05,0.680207408247406,0.0019470049873716,0.654903134800156,4.93392844559066e-06
"ENSMUSG00000040990","Sh3kbp1",0.213414675819496,1,0.479479795985152,1,0.84190662658949,0.0455616315209253,0.582660282118093,1,-0.628491950769994,1.61867445998215e-10,-0.103180486132941,0.120362389521985
"ENSMUSG00000041012","Cmtm8",-0.764144282202246,1,-0.952286795543143,0.558203798721088,-2.51743746545885,0.0443398949336631,-1.59693015322427,5.46884540139428e-05,1.7532931832566,0.0619899830911042,0.644643357681129,0.0348280509044496
"ENSMUSG00000041046","Ramp3",-1.67665137057792,1,3.21557276470998,0.0728859682699292,4.3057900956862,0.233455708569898,5.53331090218938,1.62987746217626e-06,-5.98244146626411,NA,-2.31773813747939,NA
"ENSMUSG00000041052","Slc7a13",-0.73378015716559,1,-1.72949646991583,0.367430799267267,-2.31078341328798,0.491030121323756,-3.23943091629455,0.000796466364502693,1.57700325612239,NA,1.50993444637872,NA
"ENSMUSG00000041058","Wwp1",-0.51083777041767,1,-1.25646629562666,2.69316868250497e-09,-1.57462433011976,1.93078900239787e-05,-1.99173528407099,2.51891738395647e-40,1.06378655970209,3.22007083594198e-06,0.735268988444332,1.47375294823223e-10
"ENSMUSG00000041064","Pif1",0.221654947786877,1,0.871873128312547,1,0.012030375741653,1,1.26292863598528,0.0498016222365908,0.209624572045224,0.588976589265374,-0.391055507672738,0.301553229744595
"ENSMUSG00000041132","N4bp2l1",-0.530178755324378,1,-0.765233735073477,0.989180417852656,-1.21139595675003,0.0426581629731511,-1.18244843798817,5.33411745207502e-05,0.681217201425651,0.0154951580964739,0.417214702914694,0.0143976512361816
"ENSMUSG00000041135","Ripk2",0.224045707538579,1,0.743889385138561,1,1.52419183466892,5.08656123735597e-09,1.33828389856882,4.26087536376609e-08,-1.30014612713034,5.92255012693206e-17,-0.594394513430262,6.11073752123606e-05
"ENSMUSG00000041180","Hectd2",0.26430210801748,1,1.60658616483277,0.00838789339351077,1.24217723541089,0.086702015056592,2.0047123277546,1.55839167395709e-05,-0.977875127393415,0.00131909823426876,-0.39812616292183,0.30024774967977
"ENSMUSG00000041193","Pla2g5",1.23234912713472,1,2.34674108222944,0.00326429899492366,2.96952792999037,3.86470817844933e-11,3.23780691170203,2.78515839831597e-07,-1.73717880285566,2.64287162580122e-06,-0.89106582947259,0.174407920231442
"ENSMUSG00000041268","Dmxl2",-0.454127088163823,1,-0.352789318226389,1,-0.793514996804685,1,-0.964312669629642,0.00588536667403548,0.339387908640862,0.345430181791179,0.611523351403253,4.06687599669944e-06
"ENSMUSG00000041313","Slc7a1",0.607349574702044,1,0.660845107251324,1,1.39911874599818,0.0164399577693463,1.12567777173371,0.155794226674663,-0.791769171296139,0.0154612298030675,-0.464832664482382,0.213727125355213
"ENSMUSG00000041362","Shtn1",0.0382262866377882,1,0.53499564443493,1,0.511283502593482,1,0.786512856354493,0.000238152023658192,-0.473057215955694,0.000532097783730015,-0.251517211919563,5.75591277387717e-06
"ENSMUSG00000041439","Mfsd6",-0.381475429158685,1,-0.428163952460278,1,-1.46461104082493,1.08691612957179e-05,-0.799477502067953,0.257195404924574,1.08313561166624,2.1897917998813e-08,0.371313549607674,0.0142650117185095
"ENSMUSG00000041481","Serpina3g",0.016670785170588,1,4.61620154719635,0.060831421361592,2.80303352691577,0.144001937258503,6.31208521689749,0.000381300553730577,-2.78636274174518,NA,-1.69588366970114,NA
"ENSMUSG00000041515","Irf8",-0.311583639656272,1,-0.480034736599233,1,-0.808186649389521,0.245845375002119,-0.7828522833006,0.0452446207976408,0.496603009733249,5.58998982395626e-05,0.302817546701368,0.00108261984153973
"ENSMUSG00000041592","Sdk2",1.18895507415326,1,1.22278291548016,1,1.61008712923509,0.124072615512403,2.04853433924018,0.0376964483333938,-0.421132055081827,0.569109385655014,-0.825751423760013,NA
"ENSMUSG00000041633","Kctd12b",-0.249979281975392,1,-0.102064905641255,1,-0.999171376764799,0.0143294765805755,-0.479786906213093,1,0.749192094789407,1.56808411182058e-07,0.377722000571838,0.00505821666526033
"ENSMUSG00000041720","Pi4ka",0.257259297866248,1,0.692739365796068,0.665555509106034,1.03252405993407,0.00396927035457345,1.04476518724081,3.49038640648092e-11,-0.775264762067818,1.22056469274113e-08,-0.352025821444745,2.68877369877898e-06
"ENSMUSG00000041729","Coro2b",-0.572958947339942,1,-1.07697248079711,0.030721426554739,-0.946209965614618,0.924360011906205,-1.32010467263676,8.86662422689231e-05,0.373251018274675,0.484514291043722,0.243132191839646,0.34301516763462
"ENSMUSG00000041731","Pgm5",0.34908371150576,1,0.947792126577925,1,1.05146651123512,1,1.90687490949678,0.0047463744392001,-0.702382799729355,0.305319578568931,-0.95908278291886,0.0540304456265637
"ENSMUSG00000041773","Enc1",-0.366547351453582,1,-0.592928339203655,1,-1.20817497063103,0.0716320123691672,-1.135560676885,3.00816642894191e-14,0.841627619177453,0.00361382043752384,0.542632337681345,8.11480438655446e-13
"ENSMUSG00000041797","Abca9",-0.873715064004851,1,-1.18553770791193,0.00163588104435776,-2.68278086168684,1.29478217399083e-13,-2.04332219744294,3.39735307558176e-19,1.80906579768199,5.60040652557468e-10,0.857784489531005,2.33148430701765e-06
"ENSMUSG00000041836","Ptpre",0.260769153042565,1,1.06181325925241,9.92868540364233e-26,1.59870826836789,1.67345502891415e-27,1.53375321843633,1.6023047519001e-102,-1.33793911532532,1.00589377515028e-47,-0.471939959183921,1.84581017885183e-25
"ENSMUSG00000041845","Rhod",-0.0492076346041972,1,-0.993377950923076,0.266522101428786,-2.09507083354951,0.0277121590391716,-1.74345026014948,1.70482047807989e-07,2.04586319894531,0.000650506642712379,0.750072309226404,0.00460332248767131
"ENSMUSG00000041926","Rnpep",-0.234698172874774,1,-0.592715668235575,1,-0.696738142129032,1,-0.929143845776839,0.000949860238182129,0.462039969254258,0.00625753969785439,0.336428177541264,0.00261113415823627
"ENSMUSG00000041957","Pkp2",0.692144887333678,1,3.12035315566698,3.81268101073519e-35,2.61374442278129,1.01461104974169e-14,3.99681855351973,3.73111298588293e-65,-1.92159953544761,1.63906821492292e-13,-0.876465397852756,1.78714303718021e-07
"ENSMUSG00000041959","S100a10",0.333832536593149,1,0.768350378315436,0.112646847639774,0.412779038464936,1,0.998807066132296,1.21344504285252e-07,-0.0789465018717869,0.74686596249874,-0.23045668781686,0.0118723869586563
"ENSMUSG00000042029","Ncapg2",-0.491189876468927,1,-1.33077629024333,3.02011397351126e-09,-1.10538594463455,0.0583643968659816,-2.0488528533333,5.92894160837045e-35,0.61419606816562,0.0107046216563802,0.71807656308997,4.58906444378307e-08
"ENSMUSG00000042035","Igsf3",-0.140745285632079,1,1.82806821328631,0.00324788166868132,2.92112797096858,0.072255699385531,3.54555999896975,5.67763368151715e-18,-3.06187325660065,0.005307071653771,-1.71749178568343,3.68300993112012e-07
"ENSMUSG00000042190","Cmklr1",-0.412841629399974,1,-0.567519153200969,1,-0.441485237768688,1,-1.17691913275251,7.45399254182181e-05,0.0286436083687136,0.981188275550112,0.609399979551543,0.000128940426490191
"ENSMUSG00000042215","Bag2",0.397316614928792,1,0.655032463132925,1,1.00882043118483,0.785991513177899,1.23463873076627,0.0110428476264641,-0.611503816256043,0.176306672652207,-0.579606267633344,0.0285929478016777
"ENSMUSG00000042216","Sgsm1",0.902413015936544,1,5.96499276017694,0.0018375657387376,3.01754899808476,0.259880909235549,6.38345018244874,0.000256763459903123,-2.11513598214821,NA,-0.418457422271799,NA
"ENSMUSG00000042225","Ammecr1",0.418705295504807,1,1.12337055337888,1.95084586463065e-10,1.1317308907402,0.000300790312386974,1.32115295121347,1.06416993655344e-19,-0.713025595235397,5.01475535374878e-07,-0.197782397834593,0.0393664716308198
"ENSMUSG00000042272","Sestd1",0.226285667196489,1,0.995816343062275,5.95182491976165e-11,0.923021535318537,0.00752520024178935,1.2382340550218,9.19979071875225e-28,-0.696735868122049,6.33578655696763e-11,-0.242417711959524,0.000445227059594743
"ENSMUSG00000042284","Itga1",0.015774127559037,1,1.91496905815322,6.82839749622482e-09,0.136914567427822,1,1.75252823122307,3.80019792882954e-07,-0.121140439868785,0.8807230899756,0.162440826930146,0.601392122470943
"ENSMUSG00000042286","Stab1",-0.511896347127313,1,-1.01664847163334,1.90551993759042e-05,-1.76679617044113,3.75802611904826e-06,-1.85114294073913,2.55982455701285e-45,1.25489982331382,7.73930839180813e-07,0.834494469105785,7.98909418106877e-19
"ENSMUSG00000042348","Arl15",0.33433203388004,1,0.788567372513379,0.226667427605694,0.979425267051077,0.0572375542534038,1.00022268295517,4.39809217074331e-05,-0.645093233171037,0.000109363807969212,-0.211655310441791,0.0758109024334594
"ENSMUSG00000042351","Grap2",-0.981295361168671,1,1.65397261178789,1.2091665938068e-09,-0.144978774180145,1,1.92261009860031,2.10892403029004e-15,-0.836316586988526,0.219566841792581,-0.26863748681243,0.194519503108238
"ENSMUSG00000042364","Snx18",-0.0979418443855669,1,-0.615260329771204,1,-0.558244559878174,1,-0.929101511087383,3.51210961419505e-05,0.460302715492607,0.00206820967546902,0.313841181316179,0.000532851351768388
"ENSMUSG00000042476","Abcb4",-0.0742551436303082,1,-0.876773543509982,0.0312894420511342,-0.632856841552456,1,-1.13973811920839,1.61148818480442e-07,0.558601697922147,0.0179163390196754,0.262964575698407,0.0446973688907287
"ENSMUSG00000042498","Radx",0.669059271312384,1,1.23356611147885,0.106603580462201,0.772873738848547,1,1.54340475287145,0.00108357772019699,-0.103814467536162,0.849217452897851,-0.3098386413926,0.41064141149323
"ENSMUSG00000042500","Ago4",-0.406520090168632,1,-0.453671798913464,1,-0.944410937709111,0.257688050824867,-0.911863410362253,3.93005268846416e-05,0.53789084754048,0.0155484466367442,0.458191611448789,1.30597590453634e-08
"ENSMUSG00000042564","Fam227a",-0.733934039721783,1,-0.407868636936374,1,-2.33097895758934,0.000997090213674508,-0.710272195604724,1,1.59704491786756,0.00392840866937501,0.30240355866835,0.595145380042834
"ENSMUSG00000042607","Asb4",0.638652764992622,1,1.53880635805482,5.81760175338669e-17,1.02361370879493,0.0202704292420184,1.47054756247001,7.20993147495071e-15,-0.384960943802312,0.0334854517532119,0.0682587955848083,0.693102789959135
"ENSMUSG00000042626","Shc1",0.170918172069739,1,0.676192209864655,0.523065946310898,0.497373744134007,1,0.7924238772253,0.000331831285271792,-0.326455572064268,0.0070225540676728,-0.116231667360644,0.0890297368295714
"ENSMUSG00000042659","Arrdc4",-0.258011173013269,1,0.649241461392996,1,0.258149023681857,1,0.904080282237469,0.00406043451463614,-0.516160196695126,0.0170184330486817,-0.254838820844473,0.0334043694081256
"ENSMUSG00000042675","Ypel3",-0.687735184481881,1,-0.548112851469249,1,-1.53443376751368,0.00345532818985734,-1.04318348842357,0.0042889590072248,0.8466985830318,0.010273307621785,0.495070636954322,0.00312379357512035
"ENSMUSG00000043004","Gng2",-0.603305044789673,1,-0.848274747958109,9.74968963008847e-05,-1.66435439846893,1.34341415685661e-09,-1.27089485450536,1.86898511550489e-30,1.06104935367925,3.40088623438928e-09,0.422620106547256,6.38153923212334e-11
"ENSMUSG00000043008","Klhl6",-0.694725614535635,1,-1.12924880149002,1.81700492643488e-09,-1.87838357783336,1.02909095011323e-15,-1.61009910845528,2.79707618725253e-31,1.18365796329772,7.83441943262041e-13,0.480850306965258,2.12251837193683e-06
"ENSMUSG00000043017","Ptgir",0.693157987757128,1,2.44362308140314,3.32291292454693e-62,2.38561974365355,1.42401213496571e-10,3.07206057523403,3.88415417815822e-112,-1.69246175589642,2.34467470743795e-09,-0.62843749383089,1.35574201863301e-07
"ENSMUSG00000043257","Pigv",-0.33419516415171,1,-0.62787982273389,1,-1.15268087346869,0.0283923244795904,-1.05108372777625,0.00101295905751829,0.81848570931698,0.00029757718741423,0.423203905042361,0.00711701066772334
"ENSMUSG00000043300","B3galnt1",-0.163955430151288,1,-0.804293789875251,0.00861840811610222,-1.07381453241619,0.00137707686559838,-1.23646973767471,2.23139262416601e-21,0.9098591022649,1.75147811798228e-11,0.432175947799464,1.30597590453634e-08
"ENSMUSG00000043510","Hscb",-0.184620507201906,1,-0.60358279035746,1,-0.973149427660287,0.619809679093828,-0.924721227814567,0.0032561680303672,0.788528920458381,0.0142193469959362,0.321138437457107,0.0110592628460732
"ENSMUSG00000043702","Pde12",0.400529723368845,1,0.730137129611497,0.750844271405627,1.54067837630716,1.09258483342959e-07,1.22916871699735,5.08777667376804e-11,-1.14014865293831,8.64637468989983e-11,-0.499031587385853,1.89320213833801e-06
"ENSMUSG00000043811","Rtn4r",0.0268998968680615,1,2.04136272101767,0.995234665228751,3.49574716196856,0.755487516251447,3.67111258347805,0.0119906417814882,-3.4688472651005,NA,-1.62974986246038,NA
"ENSMUSG00000043822","Adamtsl5",0.343384866180528,1,0.720359894546867,0.3479726748574,0.851324128895566,0.573451879793691,0.910472170724025,1.04661948823731e-05,-0.507939262715038,0.0168815497497554,-0.190112276177158,0.0234535943147253
"ENSMUSG00000043939","A530064D06Rik",0.501343515281894,1,-0.70382412496052,1,-0.0117687343874513,1,-0.915513027994773,0.0448407632792952,0.513112249669346,0.185227460226425,0.211688903034252,0.256612176882917
"ENSMUSG00000043940","Wdfy3",-0.393268040155627,1,-0.706838430428886,1,-0.750517192053441,1,-1.47533240039014,3.15846988734426e-05,0.357249151897814,0.212341276852315,0.768493969961255,0.00104223363031583
"ENSMUSG00000044033","Ccdc141",0.322746404536555,1,2.07237081721469,0.00218950455587653,2.48457017078241,0.00261198307078352,2.39242744563717,3.15807591408995e-05,-2.16182376624585,0.000260548425185819,-0.320056628422479,0.521166312198219
"ENSMUSG00000044086","Lmod3",0.630179842676548,1,1.65284724295946,0.388601566138722,2.4176020079246,0.00358955157774711,3.33319664744683,1.48440366802089e-06,-1.78742216524805,0.00305345279134693,-1.68034940448737,0.00175284239503575
"ENSMUSG00000044156","Hepacam2",-2.08461635417986,1,-1.06442907319361,1,-1.04537532876373,1,-3.20544080443245,0.000364187934027192,-1.03924102541613,NA,2.14101173123884,NA
"ENSMUSG00000044162","Tnip3",0.361641797224292,1,1.45922474659806,1.27762164259019e-17,1.50325070304541,0.313738401290442,1.86741218215275,3.10373334904425e-38,-1.14160890582112,0.0728919432802158,-0.408187435554696,0.000358525505797326
"ENSMUSG00000044229","Nxpe4",-0.166136781068176,1,-1.16056748814295,0.0246890486288441,-1.04564266409933,0.784409363434465,-2.39969548887383,1.42268211047383e-18,0.879505883031154,0.0530666511757285,1.23912800073089,5.68900914692797e-08
"ENSMUSG00000044244","Il20rb",0.0333426381968198,1,2.73803954799239,0.000471971107070979,2.48302007655096,7.56942230260177e-07,4.1309177325719,6.24231266726764e-11,-2.44967743835414,4.4312934060883e-11,-1.39287818457951,0.028591146484214
"ENSMUSG00000044258","Ctla2a",-0.72663580415307,1,-0.972009441876522,0.00451906891130135,-1.38283029195117,0.0634949525075223,-0.759706965866132,0.35406049415987,0.6561944877981,0.120402712983157,-0.21230247601039,0.176092188339773
"ENSMUSG00000044309","Apol7c",-1.30365120771307,1,5.56717296724982,6.27706643939886e-09,0.707384785862175,1,6.21897024603898,9.28544909610158e-12,-2.01103599357525,NA,-0.651797278789164,0.144879533132811
"ENSMUSG00000044433","Camsap3",-0.924198113458282,1,-2.54126186557005,0.00106437567350357,-2.95934013615119,0.00419973050546522,-2.98454889949587,6.56381348111986e-05,2.03514202269291,0.0195878604431976,0.443287033925821,NA
"ENSMUSG00000044468","Tent5c",0.449414171932765,1,0.816684991163066,0.40605109046124,0.361251679113621,1,0.90537414283738,0.0370269136965343,0.0881624928191431,0.799461133336791,-0.0886891516743141,0.656095317128028
"ENSMUSG00000044469","Tnfaip8l1",0.35618908496084,1,1.15386273655665,0.0171280496207808,0.344184089901989,1,1.49819520651052,2.39715485470522e-06,0.0120049950588509,0.986450562080574,-0.344332469953865,0.123644480881403
"ENSMUSG00000044485","Klk1b11",-0.412531219961081,1,1.84011779596459,5.80773637202617e-12,0.0972361781686968,1,1.83359119296043,3.58918307947299e-12,-0.509767398129778,0.606653667373863,0.00652660300416056,0.985296814882216
"ENSMUSG00000044583","Tlr7",-0.462982563335534,1,-0.712480495242088,1,-0.918927443078401,0.314003809527354,-1.23984866649,9.24054857051842e-07,0.455944879742866,0.0430517015200306,0.527368171247915,0.000336764677675484
"ENSMUSG00000044674","Fzd1",0.0883826467844523,1,1.04116235823821,0.0137185097455231,0.0557479864636175,1,0.881182823439625,0.144368811376152,0.0326346603208348,0.958912663528586,0.159979534798583,0.448310125773302
"ENSMUSG00000044708","Kcnj10",-1.08471279763644,1,-2.12179442659161,4.21898622153585e-07,-3.73078192018949,0.00158864175764543,-3.71219006346251,8.06427923088229e-21,2.64606912255305,0.0124033586836393,1.59039563687091,6.11073752123606e-05
"ENSMUSG00000044716","Dok7",0.256087697283915,1,4.03366825049336,0.0534451763897408,2.08573076038155,0.43662755803595,5.21907077901924,0.000880292239673417,-1.82964306309763,NA,-1.18540252852587,NA
"ENSMUSG00000044734","Serpinb1a",0.698176616272185,1,1.27906549331644,0.0740454354384859,0.875857963309983,1,2.14331456086236,1.01129958829515e-08,-0.177681347037798,0.770000258566527,-0.86424906754592,0.00334399344818906
"ENSMUSG00000044749","Abca6",-1.12311526996754,1,-0.374822355597012,1,-3.36205917048957,2.46721252299617e-05,-1.83375556280113,9.01430723654653e-05,2.23894390052203,0.00154525814436127,1.45893320720412,1.16940507053626e-05
"ENSMUSG00000044770","Scml4",0.833204827445526,1,2.43892932443235,0.0225259040775339,2.30780613351064,0.00271398088580246,3.05603435019432,0.000230288458802381,-1.47460130606512,0.00972295898328935,-0.617105025761976,0.425791200233288
"ENSMUSG00000044968","Napepld",0.451300886171234,1,0.84924145560527,0.42622513214653,0.858913983417603,0.768556555093656,1.34576961781955,3.30057552659599e-07,-0.407613097246369,0.153590897359786,-0.496528162214283,0.00289262067452418
"ENSMUSG00000045004","Spata21",0.41394412764755,1,1.19033311615081,1,3.24668838713818,0.674103196907702,2.69110175150697,0.0398794055057429,-2.83274425949063,NA,-1.50076863535616,NA
"ENSMUSG00000045092","S1pr1",-0.147594028945807,1,-1.28565566240104,7.74468596017253e-11,-2.12628997844067,8.83324464431103e-16,-2.17674151386264,2.03663453304562e-53,1.97869594949486,1.48655211890223e-25,0.8910858514616,9.24049559990724e-16
"ENSMUSG00000045287","Rtn4rl1",-0.111333689396586,1,1.21252300712775,0.00010973265700645,0.223107872655545,1,2.00102943995737,7.65923472382918e-24,-0.334441562052131,0.557721167036392,-0.788506432829617,2.3871754260813e-08
"ENSMUSG00000045322","Tlr9",-0.969247072156281,1,-0.761868618434345,1,-2.16517423001432,8.83324464431103e-16,-1.51526615513067,1.91806004691568e-09,1.19592715785804,1.05675807533237e-08,0.753397536696325,7.9106049595354e-06
"ENSMUSG00000045326","Fndc7",-0.876748610731527,1,1.64653484580319,0.0102413139634294,0.737533322955339,1,1.56700111354756,0.0117555835267219,-1.61428193368687,0.034560096007289,0.0795337322556357,0.888342256862623
"ENSMUSG00000045348","Nyap1",-0.899380404978907,1,-1.79715111474176,9.07114492930335e-06,-1.91773950921081,0.269441757156249,-2.88770381317133,3.80333722726575e-15,1.0183591042319,NA,1.09055269842958,0.00313945346965694
"ENSMUSG00000045382","Cxcr4",-0.558407710524352,1,-0.561765718539981,1,-1.57795742103267,5.96873380972706e-05,-1.16481753408895,0.05081111202961,1.01954971050831,3.45262708452993e-05,0.60305181554897,0.0450314372513996
"ENSMUSG00000045551","Fpr1",-1.4771849086638,1,-1.81690226367689,0.335061629030736,-4.1905729537904,0.0426851433029451,-5.70926861879231,8.30513836225201e-05,2.7133880451266,NA,3.89236635511542,NA
"ENSMUSG00000045573","Penk",0.41880453808968,1,2.45320375302248,6.30584992491632e-15,1.36106149806976,0.00265420178012956,3.53697619096872,3.65048033032362e-38,-0.942256959980076,8.32732474219851e-05,-1.08377243794624,1.73706403129486e-06
"ENSMUSG00000045636","Mtus1",-0.726916386426505,1,-1.24542105186245,9.08817982112213e-09,-1.78937677612101,0.253438245845118,-1.53160948237061,8.9236411956404e-18,1.0624603896945,0.220973948219382,0.28618843050816,0.0447093166562472
"ENSMUSG00000045658","Pid1",-0.30998542757676,1,-0.715967667924778,0.204352332365529,-1.07357118089485,0.000237767399975358,-0.959599986581231,1.05203722356183e-09,0.763585753318087,4.31197580677186e-10,0.243632318656453,0.000470467952809462
"ENSMUSG00000045664","Cdc42ep2",-0.0256654927677053,1,1.18509505915769,0.000383961254848879,0.560435997099687,1,1.18843772999023,0.000181278441014754,-0.586101489867392,0.224820290328232,-0.00334267083253382,0.990426004417056
"ENSMUSG00000045690","Wdr89",0.51351690773172,1,0.782677495827639,1,1.22745640367254,0.107338999036472,1.37987044754053,8.49949525936239e-05,-0.713939495940819,0.0320741971476983,-0.597192951712893,0.00537774765338931
"ENSMUSG00000045725","Prr15",0.146875924077916,1,1.27622040939214,0.2510527698541,1.102589474272,0.948484915193593,1.5215077354475,0.0169320767999983,-0.955713550194086,0.120796490003979,-0.245287326055355,0.613437971935962
"ENSMUSG00000045730","Adrb2",-0.179310971068213,1,-1.22889400593866,1.38660878405222e-05,-1.56230014206386,1.05899009786633e-05,-2.43362828410667,1.40005588663961e-37,1.38298917099564,6.05140169223619e-11,1.20473427816801,1.64256574563129e-14
"ENSMUSG00000045868","Gvin1",-0.034445301094552,1,1.40359596589978,6.43003808044348e-08,1.54215546751873,4.10023777618058e-05,1.86189659162465,2.33983513769434e-19,-1.57660076861328,3.18821157880492e-13,-0.458300625724865,0.00606314898992237
"ENSMUSG00000045875","Adra1a",-0.669907037612685,1,-1.11363697677814,0.969566070992321,-2.74411387434765,4.47638806128589e-29,-2.46847134530538,8.85466523343834e-06,2.07420683673496,3.86880403511475e-26,1.35483436852724,0.00493395222635256
"ENSMUSG00000045896","Paip2b",0.045308497859784,1,0.753483794256657,0.344128833872276,0.306124222914723,1,1.02845908785146,8.90821593561196e-07,-0.260815725054939,0.272552120698829,-0.274975293594808,0.0062590454665015
"ENSMUSG00000045917","Tmem268",-0.128304077380096,1,0.374603835314252,1,0.962447449802667,0.3818438288445,0.854027621450154,0.000285281667684345,-1.09075152718276,1.77736287120856e-06,-0.479423786135901,9.457630209974e-12
"ENSMUSG00000045932","Ifit2",-0.802328334643672,1,-1.3536061117883,9.27068779237571e-05,-1.52514180426202,9.92151603490579e-05,-2.03286877087866,3.38201631385662e-16,0.722813469618346,0.00508816010964956,0.679262659090353,0.0011615522010099
"ENSMUSG00000045934","Mtmr11",-0.516078140316767,1,-0.665378805322144,1,-1.72771692231942,0.00151845553632416,-0.996267044435931,0.313780569048411,1.21163878200265,0.000722765232987257,0.330888239113787,0.37316707672904
"ENSMUSG00000046031","Calhm6",-0.840603715936785,1,-0.955875126556543,0.542832399515767,-3.01497089429039,9.25939577403469e-08,-1.65532053238219,7.18484111996695e-06,2.1743671783536,4.97833182592957e-06,0.699445405825643,0.0129218625889305
"ENSMUSG00000046168","Kcnrg",-0.205870975810128,1,-0.44046453089275,1,-0.428892244034613,1,-1.96013807455905,0.0165188913550585,0.223021268224484,NA,1.5196735436663,0.0107830373892379
"ENSMUSG00000046223","Plaur",0.466754290624281,1,1.64796690567726,1.67742769878408e-05,1.43693044646026,0.0100411499749511,2.06168883410739,9.80995774098864e-11,-0.970176155835981,0.00170697618809988,-0.413721928430133,0.172730093522494
"ENSMUSG00000046314","Stxbp6",-0.385725105813618,1,1.74824970540916,0.00425319635361944,0.26914549965548,1,2.80106430737526,2.78575511313647e-11,-0.654870605469098,0.329520080283335,-1.0528146019661,0.00142522716881233
"ENSMUSG00000046329","Slc25a23",-0.636908005022063,1,-0.617968825638924,1,-1.38840476325216,0.0553505348923128,-0.977130928541712,1.22394204530974e-05,0.751496758230093,0.0577029492724017,0.359162102902788,0.000280118187381612
"ENSMUSG00000046456","Tmem150b",-0.859646056454583,1,-0.803419054604894,1,-2.02769823484747,0.010211334924548,-1.49811534087707,1.36558125523064e-05,1.16805217839289,0.0492043293433364,0.694696286272173,0.00427197825337579
"ENSMUSG00000046598","Bdh1",0.0768031287320035,1,0.976954925902322,0.870139532101212,0.0355101417807857,1,1.55999464585825,0.00145316267494513,0.0412929869512177,0.969299404338021,-0.583039719955928,0.0732193470060088
"ENSMUSG00000046688","Tifa",-0.509987335382637,1,-0.711157520986459,1,-1.72183178833922,1.46809785820967e-11,-1.34723810590773,8.88316980836178e-09,1.21184445295659,6.72304633571617e-13,0.636080584921275,9.86452363186551e-06
"ENSMUSG00000046733","Gprc5a",0.813558937209228,1,1.00327964127829,1,0.491712234591413,1,2.28234296787933,0.00246371811359182,0.321846702617814,0.794147487631158,-1.27906332660104,0.0200905617716851
"ENSMUSG00000046761","Fam83h",-0.434992561095432,1,-0.39701133072655,1,-1.45605234540239,0.569897627893189,-1.47825628208547,0.0177981114118581,1.02105978430696,0.213140064260125,1.08124495135892,0.00455434508718383
"ENSMUSG00000046768","Rhoj",0.31852291736921,1,0.601554238412447,1,1.10811139743297,0.324919587388351,1.19217993967952,0.00104547355971216,-0.789588480063756,0.0222565134913941,-0.590625701267074,0.00240761191522201
"ENSMUSG00000046805","Mpeg1",-0.540351152329423,1,-0.537581482828899,1,-1.66000557571952,5.01502970434653e-12,-1.02528047022742,0.00402012747333131,1.1196544233901,7.35014988100444e-13,0.487698987398517,0.00217347399360602
"ENSMUSG00000046908","Ltb4r1",2.3726108284438,1,3.62568861998692,2.71649241967024e-19,5.08302968271191,8.47069288711792e-07,4.78357253098188,7.56176662809116e-38,-2.71041885426811,5.12297701733632e-05,-1.15788391099495,1.4242842550454e-06
"ENSMUSG00000046997","Spsb4",0.554323412604025,1,1.3096058995769,0.00181629005900493,1.00045187311956,0.648667697473337,2.12776260763564,1.3501053462604e-15,-0.44612846051554,0.295468111250707,-0.818156708058748,2.8335274017403e-05
"ENSMUSG00000047139","Cd24a",0.187633594234949,1,1.94728125190251,5.20323872513583e-29,0.0651039718347369,1,2.2852450116773,1.11827915810321e-45,0.122529622400212,0.907512992891948,-0.337963759774792,0.0174439654052597
"ENSMUSG00000047180","Neurl3",-0.602731478443046,1,-0.5943079118279,1,-1.92700537541277,3.33716692626428e-22,-1.16469800765132,1.20713342648527e-06,1.32427389696972,2.96035354781766e-21,0.570390095823415,6.83468805250877e-06
"ENSMUSG00000047205","Dusp18",0.284654035945316,1,0.667086274827908,1,0.816696344187284,0.81949958111101,0.947007841651622,0.0324498672372522,-0.532042308241969,0.0169496429190053,-0.279921566823714,0.114241971576843
"ENSMUSG00000047222","Rnase2a",8.95239712283613,2.42865006425941e-09,14.0900809299078,9.58555824394679e-36,13.7606633284252,4.41258753751523e-26,15.0447156408473,2.63777605428771e-41,-4.80826620558912,6.89348597209493e-108,-0.954634710939524,0.00313815584611714
"ENSMUSG00000047250","Ptgs1",0.890153754236087,1,0.569037314894831,1,1.36222564754123,2.1397321758759e-05,0.515114049960188,1,-0.47207189330514,0.0214907614562493,0.0539232649346429,0.737586270195117
"ENSMUSG00000047344","Lancl3",0.681275602425005,1,2.7866439236927,1.20763155171289e-07,2.37586483326711,1.93255001891608e-07,3.71837203443881,7.23612600758288e-16,-1.6945892308421,7.59418675141194e-07,-0.93172811074611,0.0228137140750578
"ENSMUSG00000047414","Flrt2",0.966218048131667,1,2.11732953859341,3.56092683417029e-33,2.53483927601233,1.83382922867669e-06,2.69625231895742,2.64264406663689e-63,-1.56862122788067,0.000254695950688786,-0.578922780364005,6.38455807386571e-05
"ENSMUSG00000047415","Gpr68",-0.189349144031257,1,2.44638918592943,2.78688165901339e-36,1.32656100003065,0.199010144783877,2.8722085593206,1.65050049234022e-55,-1.51591014406191,0.000138700331136546,-0.425819373391164,0.00584480180658997
"ENSMUSG00000047591","Mafa",-0.427540065053895,1,2.37391226835219,3.54004139906329e-05,2.25585646261143,0.0175969338510755,3.61399780002977,3.80646618222928e-15,-2.68339652766532,1.7201978869676e-05,-1.24008553167759,0.00108900727030962
"ENSMUSG00000047592","Nxpe5",-0.396817052220904,1,-0.798377829432473,0.207554665601183,-1.55391167280244,0.000692999436147068,-1.33323736440983,6.34381932263138e-14,1.15709462058154,2.17949840404708e-05,0.534859534977353,1.15981751483176e-06
"ENSMUSG00000047604","Frat2",-1.01843583185173,1,-1.4370594963588,0.0006814460668959,-2.85360071916954,5.90447763801692e-09,-2.56095360626712,2.92456829726962e-18,1.83516488731782,8.0504302085675e-06,1.12389410990832,1.36556173010379e-05
"ENSMUSG00000047671","Dynlt4",-0.158534981284265,1,-0.972390330073495,1,-1.05491755577321,1,-2.85420754674069,8.89053170542142e-05,0.896382574488948,NA,1.88181721666719,0.00426820500048704
"ENSMUSG00000047678","Gpr82",-2.47010277195323,1,-1.78346235603766,0.479376326601861,-4.12107412969909,0.00460669236294447,-2.53055175079384,0.0270642638792397,1.65097135774586,NA,0.747089394756179,NA
"ENSMUSG00000047712","Ust",0.220873544659461,1,0.779601517195043,0.88190628382797,1.55117910714135,6.32996250540821e-06,1.2368983400938,9.14077667297216e-06,-1.33030556248189,6.1262018072584e-11,-0.457296822898754,0.0047050353899047
"ENSMUSG00000047747","Rnf150",-0.653864431951438,1,-1.04541608502479,1.67802003264403e-06,-1.90901362359172,4.85599130056069e-08,-1.73002982813136,4.68340517401265e-39,1.25514919164028,3.54657247346159e-07,0.684613743106574,2.53875877781829e-13
"ENSMUSG00000047875","Gpr157",-0.215311262710022,1,-0.452334867624697,1,-1.04080186412536,0.00586746902981267,-0.666740727618374,0.865045428487452,0.825490601415335,9.11550560052805e-09,0.214405859993677,0.070294931525564
"ENSMUSG00000047894","Ang2",2.39446054848547,1,8.44317383556574,4.83939572892758e-09,5.46251319379766,2.00061043991703e-07,8.48623765050903,1.7174093132106e-09,-3.06805264531219,4.90379956615291e-05,-0.0430638149432813,0.953841115775092
"ENSMUSG00000047945","Marcksl1",-0.878991336929385,1,-1.69201437261677,2.88852158050557e-29,-2.47365336373083,2.09363559014802e-26,-2.21260684574224,3.68985383816136e-59,1.59466202680144,4.17352955699644e-18,0.520592473125475,1.21830732142148e-05
"ENSMUSG00000047986","Palm3",-0.516194209060995,1,3.04706164471091,0.000535214637950925,1.77649482129495,0.572401519322754,3.54898558776204,4.67126895214164e-06,-2.29268903035594,0.0198383747522317,-0.501923943051136,0.461740326770467
"ENSMUSG00000048007","Timm8a1",0.54873060713235,1,0.929902037922332,0.954498475858884,1.38298811747075,0.08854462955652,1.64546187007895,0.000106543089088007,-0.834257510338404,0.0401828569611795,-0.715559832156616,0.0160291148606114
"ENSMUSG00000048120","Entpd1",-0.60544554485697,1,-0.539201015452958,1,-1.6053171285127,2.74663280030683e-05,-1.07017761936846,9.60539600247407e-07,0.999871583655731,4.35556067876894e-05,0.530976603915502,2.80357479973981e-07
"ENSMUSG00000048142","Nat8l",-0.490169086988659,1,-0.643219152002162,1,-1.3603742514246,0.945932675421632,-1.50887350146327,0.00126944991178999,0.870205164435943,0.432184404009484,0.865654349461104,0.00523667214073503
"ENSMUSG00000048277","Syngr2",0.205737068022416,1,0.457728330473196,1,0.332869036939021,1,0.742454343099719,0.00455978932495972,-0.127131968916605,0.46216041001222,-0.284726012626523,4.91699844836986e-08
"ENSMUSG00000048285","Frmd6",-0.0617651534840185,1,-0.796425217386373,0.193870656099613,-0.383100357830594,1,-1.1340485348129,4.00439994837611e-08,0.321335204346576,0.229940018682267,0.337623317426532,0.00392899665391731
"ENSMUSG00000048376","F2r",0.772352242741568,1,2.00721205609355,0.242811771137401,2.93771302522073,2.27279659233712e-05,3.29565827354986,0.000131787619244045,-2.16536078247916,5.12297701733632e-05,-1.28844621745631,NA
"ENSMUSG00000048490","Nrip1",-0.330007418085541,1,-0.444235445110196,1,-0.574326668615748,1,-0.855631466072111,0.032678649368429,0.244319250530207,0.296598372948571,0.411396020961915,0.000641820003974317
"ENSMUSG00000048537","Phldb1",0.188119097343079,1,1.30355068358322,1.21274750745829e-12,0.925447244154308,0.561060935856292,1.5167170119555,1.69875912413662e-21,-0.73732814681123,0.00457363311887212,-0.213166328372282,0.0833828365394328
"ENSMUSG00000048612","Myof",0.0811258387254521,1,0.835006196248884,3.45840023217986e-05,0.692717376540034,1,0.975633693823086,1.26978442475809e-12,-0.611591537814582,7.50729378759553e-07,-0.140627497574202,0.041914338912853
"ENSMUSG00000048621","Gm6377",-0.14511704489651,1,-0.991147930822853,0.115314228629685,-1.41554588597523,1.22060359627664e-06,-1.59209052179907,2.02185657893866e-08,1.27042884107872,7.01722063775185e-15,0.600942590976216,0.0049492973227206
"ENSMUSG00000048677","Tpcn2",0.33473862706208,1,0.528759474352576,1,1.02982351032688,0.0181588954753046,0.685368282089212,0.537662371261153,-0.695084883264796,1.63083426143609e-05,-0.156608807736635,0.130647011851499
"ENSMUSG00000048924","Ccdc125",-0.266809101711378,1,-0.470054774785615,1,-1.1896263316113,0.0625355221784316,-1.03997169329144,0.0414670365812743,0.922817229899927,0.000554275548707938,0.569916918505826,0.00999563854446871
"ENSMUSG00000048965","Mrgpre",0.0964857491760834,1,0.816720911621772,0.102171015890178,0.407537831042754,1,1.11267541110172,4.90827366883475e-08,-0.311052081866671,0.3191877266047,-0.295954499479948,0.00682928306434382
"ENSMUSG00000048988","Elfn1",-1.04793601584194,1,4.91632627209553,0.0188632952990811,1.32611894431385,1,7.28124250399001,4.56344159264516e-06,-2.37405496015579,NA,-2.36491623189448,NA
"ENSMUSG00000049086","Bmyc",0.0061823086316927,1,-0.713937176415736,1,-1.32083507437423,0.211356554991576,-1.23465527862354,0.015393956678891,1.32701738300592,0.00115079570233323,0.520718102207807,0.0846376515662032
"ENSMUSG00000049091","Sephs2",-0.406545381144034,1,-1.10523276542708,3.21148258764089e-10,-1.10543333123546,0.0771837978146394,-1.40407716704398,1.40866661459801e-24,0.698887950091423,0.00446408103040641,0.298844401616905,0.0022101641420531
"ENSMUSG00000049130","C5ar1",0.0116040761360571,1,-1.00195430686146,3.15291274035315e-08,-1.56489657019805,5.41428778489145e-05,-1.5954225703363,2.77020547025954e-47,1.5765006463341,2.58464392101516e-12,0.59346826347484,1.30778534584708e-15
"ENSMUSG00000049191","Rtl5",-0.79215456796867,1,-0.204129592605255,1,-1.19741553399677,0.00884479725076761,-0.505546170058847,1,0.405260966028103,0.121339091358014,0.301416577453591,0.0103030184707848
"ENSMUSG00000049281","Scn3b",-0.457418222950609,1,-0.439190477516982,1,-1.24500332242697,0.453313577752414,-1.3384675896054,0.00869343887251125,0.787585099476366,0.144799284795167,0.899277112088417,0.00218748241077303
"ENSMUSG00000049313","Sorl1",-0.668024426545559,1,-0.808860000283924,1,-2.22856521264166,7.82196830064236e-09,-1.94232850291565,5.95387663783703e-07,1.5605407860961,6.86071490573004e-08,1.13346850263173,0.000136510602063051
"ENSMUSG00000049327","Kmt5a",0.317069986134576,1,0.682867665198315,0.768097763100614,0.950846588657495,0.0217040943462203,0.936670605642633,2.96763873220333e-07,-0.633776602522919,1.97395548972123e-06,-0.253802940444319,0.000836340612196724
"ENSMUSG00000049409","Prokr1",0.714697747553768,1,1.32360645138628,5.41581080862606e-05,0.437707304793934,1,1.56438520521825,6.37580860199572e-09,0.276990442759833,0.517295134688009,-0.240778753831965,0.278940613124154
"ENSMUSG00000049422","Chchd10",-0.199551691060425,1,1.01196204194753,0.272349061669803,1.22539485157616,0.621554564748771,1.77994409030212,1.18476589563176e-08,-1.42494654263658,0.00682084653370566,-0.767982048354594,0.000437049324561775
"ENSMUSG00000049526","Tmem202",0.339827259646688,1,1.68694989478342,4.77632713676172e-12,1.36948548123962,0.0152247686251112,1.99035603689327,5.93586440326695e-20,-1.02965822159293,0.000333560012501864,-0.303406142109858,0.0879753202951789
"ENSMUSG00000049532","Sall2",0.0831102310537692,1,-1.4035694060222,0.130562578757824,-0.44126744203218,1,-1.51463419696759,0.0298448671157887,0.524377673085949,0.53078810194259,0.11106479094539,0.869627134678786
"ENSMUSG00000049580","Tsku",-0.22892637873912,1,-0.619211562832746,1,-0.999000024570631,0.462959463303317,-1.08642420506736,0.00051518089959246,0.770073645831511,0.0109733862574557,0.46721264223461,0.0032009569909753
"ENSMUSG00000049608","Gpr55",0.363649622569962,1,3.63006884660234,0.000216572099702551,2.72822526811171,0.163555237562634,5.38795105227037,3.38792004938379e-11,-2.36457564554175,NA,-1.75788220566803,0.000123029796527532
"ENSMUSG00000049625","Tifab",0.0911701640154671,1,1.1967926211846,2.64607228255296e-14,0.674495098693715,1,1.233562352145,2.11362147848224e-16,-0.583324934678248,0.00215080442558372,-0.0367697309603982,0.789016113130077
"ENSMUSG00000049659","Aftph",-0.28334763024496,1,-0.60979173583804,1,-0.639540943133186,1,-1.01529057953116,0.000308085161805589,0.356193312888226,0.0461309541785036,0.405498843693124,0.00165652343704461
"ENSMUSG00000049709","Nlrp10",0.336585407514758,1,1.8079859087487,6.31964547602304e-16,1.24897111913993,0.00167928076073535,2.41321555304997,1.57461742933901e-36,-0.91238571162517,2.3109780630118e-06,-0.60522964430127,2.37682993639926e-05
"ENSMUSG00000049723","Mmp12",1.24522873018931,1,2.28559561258585,1.69951405222987e-07,2.23190911466433,0.0007716233929647,2.74180232583425,2.91185817437327e-12,-0.986680384475022,0.0758491743600973,-0.456206713248391,0.288585275302889
"ENSMUSG00000049848","Ceacam19",1.89816846492935,0.385374923868597,3.9852947373978,2.65097597497097e-32,4.69564678918443,3.06415986848526e-22,4.85764659583189,4.48195080191366e-52,-2.79747832425508,2.32555902005684e-15,-0.872351858434088,1.59203060413518e-06
"ENSMUSG00000049871","Nlrc3",-0.323764577999651,1,-0.450151968966883,1,-1.24434764825933,0.000341214345207041,-0.860920055872289,0.188350784965729,0.920583070259678,9.9438308325591e-08,0.410768086905407,0.0252482044076698
"ENSMUSG00000049907","Rasl11b",-3.80346814400648,1,3.29615426446207,0.43885776090986,0.44039818195417,1,4.59031810619544,0.0209140264823883,-4.24386632596065,NA,-1.29416384173337,NA
"ENSMUSG00000049985","Ankrd55",-0.0475613039848562,1,1.016388188112,0.00435717846637803,1.21634798129358,0.109551520031962,1.78485441411125,4.21968513723143e-23,-1.26390928527844,1.47320208891843e-05,-0.768466225999258,2.12653488107702e-10
"ENSMUSG00000050022","Amz1",0.305787467773534,1,0.83857118475006,0.00518642143461719,0.794925425237953,1,1.01803459999654,1.43519320338248e-08,-0.489137957464419,0.101012092897244,-0.179463415246484,0.05062995119114
"ENSMUSG00000050071","Bex1",0.586977485520899,1,4.01980808341218,3.73513479883459e-56,3.9033699907454,1.59194702494141e-14,4.92670785153668,2.56789178628302e-91,-3.3163925052245,5.02147114815994e-15,-0.906899768124502,1.5133201713681e-10
"ENSMUSG00000050103","Agmo",-0.22709755098744,1,-0.63253439063514,1,-0.382796189984214,1,-1.27674965293652,3.57944934176709e-07,0.155698638996773,0.862660601118001,0.644215262301382,1.27360204553216e-05
"ENSMUSG00000050147","F2rl3",0.749108894322316,1,1.6211465658959,0.278361480016858,1.45907905654532,1,1.9988017809134,0.0191135771772036,-0.709970162223007,NA,-0.377655215017495,0.596317965981829
"ENSMUSG00000050232","Cxcr3",-0.588288452500552,1,-1.59751067490711,2.5393291267516e-06,-2.54691112689839,8.66337197961098e-07,-3.11336386548397,2.7777045607987e-31,1.95862267439783,1.32581493217651e-06,1.51585319057687,3.23125181400169e-10
"ENSMUSG00000050335","Lgals3",0.589156907899646,1,1.10617825392207,2.01752676383267e-14,1.08337143816041,0.000323282437571579,1.49661186616726,3.77280840064804e-44,-0.494214530260764,0.000347840640686839,-0.39043361224519,7.18432331599359e-08
"ENSMUSG00000050370","Ch25h",1.99770458946545,1,0.751308477980012,1,5.39381992612331,6.1747760578658e-19,3.07989206642524,3.14331641237106e-08,-3.39611533665785,2.0271850258388e-13,-2.32858358844523,7.55485939983654e-08
"ENSMUSG00000050377","Il31ra",3.10799561945477,0.464619980479085,8.48720798763066,1.55540157280954e-25,8.11143276466079,2.74449899353817e-18,9.83692946344249,2.24275999282165e-35,-5.00343714520602,3.88827723751971e-13,-1.34972147581183,3.65841727583668e-38
"ENSMUSG00000050379","Septin6",0.122573068757062,1,1.03301573904114,0.000655030973870127,0.052009847933645,1,1.29339055555219,1.0343335417579e-09,0.0705632208234169,0.797056794298432,-0.260374816511051,0.063561239573843
"ENSMUSG00000050439","Enthd1",1.58548274319907,1,5.25871176147,1.75649393503192e-12,4.65959708772837,3.79216954330597e-05,5.80209679376512,5.98524028341957e-16,-3.0741143445293,0.00222327179111689,-0.543385032295126,0.209338668287492
"ENSMUSG00000050538","B230217C12Rik",0.484578237547852,1,0.998969794921655,0.751729583549644,0.958628133110072,1,1.47808031608804,0.00435213441028184,-0.474049895562221,0.483639287572616,-0.479110521166383,0.177573247215701
"ENSMUSG00000050578","Mmp13",1.41496061262845,0.0275072396982576,1.76734376668897,0.00777807867869731,2.84071952578086,2.07024663987043e-24,2.27651341568018,7.72923636561772e-06,-1.4257589131524,7.55544000564557e-10,-0.509169648991216,0.314748398760535
"ENSMUSG00000050821","Fam131a",-1.24665064846576,1,-0.844698882709644,1,-3.18588296439155,0.00645507999576943,-1.44708670970346,0.00563297842495245,1.9392323159258,0.0636165353530486,0.602387826993814,0.100158944593678
"ENSMUSG00000050860","Phospho1",0.61678327800637,1,2.36673777561468,2.95734842829271e-05,1.76927687433485,1,2.36621881062948,1.5106919461168e-05,-1.15249359632848,NA,0.000518964985201942,0.999137985917451
"ENSMUSG00000050921","P2ry10",-0.100802885067693,1,1.94344403211259,0.277931104548259,1.33695478405348,0.980528692381754,2.92900483788885,0.00117587126924235,-1.43775766912118,NA,-0.985560805776257,NA
"ENSMUSG00000050967","Creg2",-0.100288101592314,1,0.0711533707861215,1,-1.23910403741973,0.000565665836340443,-0.451834323176292,1,1.13881593582741,2.84334998615013e-11,0.522987693962413,4.46497764902768e-05
"ENSMUSG00000050994","Adgb",-0.449499662747162,1,-2.07997033196918,8.56551761759961e-12,-2.7455244004907,0.00607612384303974,-2.32380314200502,9.219058611419e-15,2.29602473774353,0.00243504165272392,0.243832810035841,0.513473231005121
"ENSMUSG00000051177","Plcb1",0.241508086940238,1,1.08555253375176,0.556637248132998,1.79437981003955,0.00185502985635325,1.74830984899229,0.000275063758966807,-1.55287172309931,1.35809782775703e-05,-0.662757315240528,0.0591384018753478
"ENSMUSG00000051335","Gfod1",0.577564172522871,1,1.63544270287465,0.000368061734802929,2.02912498185614,1.82934877769203e-06,2.01908262236149,6.82233858781637e-08,-1.45156080933327,8.44628917221383e-07,-0.383639919486849,0.251306551945329
"ENSMUSG00000051379","Flrt3",1.50655471945145,1,3.39853551020435,2.52353648148924e-11,2.15574675311006,0.0857764503570475,3.16733545900398,8.4273685386274e-10,-0.649192033658605,0.524312029652806,0.231200051200362,0.613998054018071
"ENSMUSG00000051439","Cd14",-0.479037480650703,1,-1.13005102017161,6.64325822772841e-19,-2.56470928350767,9.5194158900633e-34,-1.95800388325273,1.57344625032672e-114,2.08567180285697,4.05085223728264e-37,0.827952863081119,1.53854291407738e-39
"ENSMUSG00000051457","Spn",0.021518833055809,1,1.26045249514892,7.32224610368899e-07,-0.634440552968053,1,1.03145380274871,0.00182916872993186,0.655959386023862,3.04724070861854e-06,0.228998692400209,0.172768409165323
"ENSMUSG00000051499","Zfp786",-0.091161281873826,1,1.62582681309578,0.517866602740667,1.38914022718171,1,2.1452926145744,0.03182560863812,-1.48030150905553,NA,-0.519465801478621,NA
"ENSMUSG00000051615","Rap2a",-0.231694290031028,1,-0.571353878126676,1,-0.966736431914216,0.0222164018915257,-0.651836549585659,0.689831696205606,0.735042141883187,8.69416950939873e-08,0.0804826714589827,0.358592862995018
"ENSMUSG00000051969","Tlr11",0.905255493337228,1,1.7683513144859,0.209951427274425,2.6925684064429,0.0487339098513653,2.38285805515787,0.00312778021998045,-1.78731291310567,NA,-0.614506740671973,0.359736316210641
"ENSMUSG00000052117","D630039A03Rik",0,1,-3.03495610515669,0.83899005275473,5.52632841849556,1,4.15563602133694,0.00343504997746157,-5.47982908059621,NA,-7.19059212649363,NA
"ENSMUSG00000052270","Fpr2",-0.511753649644985,1,-1.49595688548912,0.87730830160613,-3.044746502408,0.0761642451681509,-3.57836179077736,0.00108881503533511,2.53299285276302,NA,2.08240490528824,NA
"ENSMUSG00000052331","Ankrd44",-0.39134437786444,1,-0.313038853094717,1,-1.00820041484877,0.214043253963444,-0.834845827205044,0.0492362653218106,0.616856036984334,0.013144739219944,0.521806974110326,3.16003948544158e-06
"ENSMUSG00000052336","Cx3cr1",-1.42207933855516,1,-2.80081884478058,9.91608972943415e-37,-4.66791833545299,7.27711332969648e-28,-4.82698415066996,2.00774027947653e-83,3.24583899689783,4.74472608312127e-17,2.02616530588938,7.56950898894595e-17
"ENSMUSG00000052353","Cemip",-0.36546330329581,1,1.09846784633234,1,0.00561762451482542,1,2.29060204727779,0.00277548834628582,-0.371080927810635,0.855673813828725,-1.19213420094544,0.0498622320253835
"ENSMUSG00000052387","Trpm3",3.84111704859913,0.957843680351724,1.78571090497724,0.884136428012138,3.99476880585872,0.0443398949336631,1.4307710238157,0.825988131525595,-0.153651757259588,NA,0.354939881161537,NA
"ENSMUSG00000052397","Ezr",0.124828669236571,1,0.72781559534243,0.346227524324865,0.321436093970103,1,0.980662493478761,2.07832652048261e-07,-0.196607424733532,0.461609424215579,-0.252846898136332,0.00316914888907987
"ENSMUSG00000052609","Plekhg3",-0.431167566819631,1,-0.653564539665734,1,-1.17646670799972,0.00414689503525919,-1.13471747472608,1.47415526134289e-07,0.745299141180093,0.000107712457899982,0.481152935060342,2.27211540719708e-05
"ENSMUSG00000052632","Asap2",0.429443555988541,1,1.54969494699957,0.0542205861065852,1.64765316781864,0.000269221893339374,2.05450491833696,0.000143159178000412,-1.2182096118301,1.43013127896429e-05,-0.504809971337391,0.314038211888409
"ENSMUSG00000052684","Jun",0.242610617288635,1,0.578490281563386,1,0.637550115553635,1,0.882323841868586,1.35678125645918e-08,-0.394939498265,0.0216077624186896,-0.303833560305201,2.07312253558484e-08
"ENSMUSG00000052749","Trim30b",-0.298889174371033,1,-1.69504343828271,0.130820134006127,-1.87663639875793,0.157247535470964,-2.47647407711457,0.000771488430287284,1.57774722438689,0.0320504545431994,0.781430638831862,0.3015119027682
"ENSMUSG00000052837","Junb",0.309118701727516,1,0.832577736436171,0.0265472290491407,0.692985005686882,1,1.11640480078068,7.06305758417902e-10,-0.383866303959366,0.00604633885804629,-0.283827064344512,0.00468723041328397
"ENSMUSG00000052942","Glis3",-0.324568133916443,1,-0.787452893223516,1,-1.37217552086987,0.00119917308627793,-1.71022283620512,4.98887318546497e-06,1.04760738695343,4.17207127882895e-06,0.922769942981599,0.000751102779097323
"ENSMUSG00000052955","Cpvl",2.16664811741533,1,2.22675151947489,0.706699296688136,2.6269019368689,0.767404239354642,3.55255157406224,0.0143257276149668,-0.460253819453564,NA,-1.32580005458735,NA
"ENSMUSG00000052957","Gas1",-1.14063337524001,1,-2.00106575313882,0.176906088364568,-3.21108034692172,0.00165881309957071,-2.61459087450998,0.0127741572312023,2.07044697168171,0.0220452332363149,0.613525121371164,NA
"ENSMUSG00000053063","Clec12a",-0.288413875610443,1,-0.685120646507692,0.876811547779601,-1.16762158571791,4.95184235579696e-05,-1.04776042100767,2.72260464710476e-10,0.879207710107464,5.83834286803168e-11,0.362639774499979,5.75591277387717e-06
"ENSMUSG00000053101","Gpr141",-0.73627638292065,1,-0.515623569193595,1,-2.76852573553763,6.65721286098812e-10,-1.45427765937254,2.65872147996034e-07,2.03224935261698,2.1216902471313e-08,0.938654090178947,1.22117713874011e-07
"ENSMUSG00000053318","Slamf8",0.730087078323566,1,2.25655039403489,1.0021488671346e-81,2.39689662041956,0.0666148799736369,2.66891264194761,3.04058218504676e-128,-1.66680954209599,0.069209948912319,-0.412362247912716,2.52587010109207e-06
"ENSMUSG00000053338","Tarm1",2.81522689275975,0.505662365138971,6.6893177380964,3.35740440090501e-79,5.19504808864049,2.47057803545357e-08,6.79815249802024,2.33186394102733e-82,-2.37982119588074,0.0094547251961181,-0.108834759923838,0.596591924185257
"ENSMUSG00000053411","Cbx7",-0.787762629872391,1,-0.681463278597712,1,-1.49355473419445,0.0283940133562621,-1.27000386945045,1.18328121386445e-07,0.705792104322056,0.0979402290859458,0.588540590852734,3.17530559521797e-05
"ENSMUSG00000053477","Tcf4",-0.313619081862,1,-0.745114537699156,0.522962747772772,-0.816588946616089,0.98737581340506,-1.20628902973751,5.20571991944195e-11,0.502969864754089,0.069209948912319,0.46117449203835,9.03005241150032e-06
"ENSMUSG00000053559","Smagp",-0.291467659958336,1,-0.665668727797037,1,-1.07987716137636,0.0682390074772162,-1.06703915193348,2.76921403308906e-05,0.78840950141802,0.00033115266547581,0.401370424136447,0.00170989136227182
"ENSMUSG00000053580","Tanc2",0.0318816583198186,1,0.500212852309521,1,1.67207047125882,6.09207973789038e-10,0.502999002549405,1,-1.640188812939,4.041057719447e-22,-0.00278615023988404,0.990617533910585
"ENSMUSG00000053617","Sh3pxd2a",-0.44549779109428,1,-0.969202508450765,1.30824657913963e-05,-1.17310715077249,0.0075868865741611,-1.4409567754558,1.53263352029334e-26,0.727609359678213,0.000357938502136814,0.471754267005036,1.24560371852405e-07
"ENSMUSG00000053641","Dennd4a",-0.187067925751144,1,-0.730680351540212,0.748053619331139,-0.730938548320615,1,-1.27209216562452,1.01101916503078e-11,0.543870622569471,0.0119755760376623,0.541411814084311,1.06979817181434e-06
"ENSMUSG00000053646","Plxnb1",-1.60928326028316,1,2.89993128607394,0.0137185097455231,-0.766652729312177,1,3.09246657364625,0.00257381271112314,-0.842630530970984,NA,-0.192535287572315,NA
"ENSMUSG00000053801","Grwd1",0.402633143950895,1,0.66796396781676,1,1.08706849851904,0.254616421919441,0.95662425127427,0.0307400682266743,-0.684435354568141,0.029116243859593,-0.288660283457509,0.114461236672619
"ENSMUSG00000053897","Slc39a8",-0.306036513216482,1,-0.859270936516799,0.112068946842187,-1.01747642964632,0.0644795164745526,-1.08548568653679,4.53069799496943e-05,0.71143991642984,0.00015742070328679,0.226214750019991,0.150615663798949
"ENSMUSG00000054027","Nt5dc3",0.172545163158847,1,0.126919226687694,1,1.17970815880106,0.00118712008756405,0.532899018412812,1,-1.00716299564222,8.01291786096085e-10,-0.405979791725118,1.17101678495694e-07
"ENSMUSG00000054051","Ercc6",0.272760653764733,1,0.854534143449226,0.0843553259840717,0.626248432633971,1,1.10006237184555,4.02262948452004e-06,-0.353487778869238,0.134294666906889,-0.245528228396328,0.0704598740758925
"ENSMUSG00000054072","Iigp1",-1.9710754030925,0.0487821173901789,-2.09467873498485,0.776610238840852,-3.3749816403569,2.12595886489966e-10,-3.8414086829436,0.00774728229658944,1.40390623726439,0.00867390356779809,1.74672994795875,0.237541988268586
"ENSMUSG00000054074","Skida1",0.580522002143024,1,1.81431509272958,1,2.33982617166727,0.402554663591582,3.20816721652988,0.046194642155751,-1.75930416952425,NA,-1.39385212380031,NA
"ENSMUSG00000054200","Ffar4",1.39413092081707,1,4.55564080888808,2.76386030186259e-08,4.97320672375811,1.56369826330386e-07,6.44102221439877,1.70296108434266e-18,-3.57907580294104,2.7568735302182e-06,-1.8853814055107,2.10612186284798e-09
"ENSMUSG00000054293","P2ry10b",0.574460816246101,1,0.899895595217339,0.136751037617899,0.849964586903737,0.735239434525918,1.18636055477808,2.38740425166758e-05,-0.275503770657636,0.366876657315551,-0.28646495956074,0.0972634847838117
"ENSMUSG00000054342","Kcnn4",0.416863148314219,1,1.12777034389569,0.000986978208805061,0.901871721294599,0.90598783741866,1.51417707622625,1.00030804979588e-10,-0.485008572980379,0.206320381710684,-0.386406732330559,0.028808871118323
"ENSMUSG00000054404","Slfn5",-0.365093612472673,1,-0.451606459855364,1,-0.844713895596848,0.914879660539709,-0.966510130339948,0.00945358362924164,0.479620283124174,0.109228472409963,0.514903670484583,0.000410591906995878
"ENSMUSG00000054469","Lclat1",0.218726522784925,1,0.667121644600947,1,0.71687889417461,1,0.991790263017108,0.000795803088384718,-0.498152371389685,0.00613159882147401,-0.32466861841616,0.0150432180856953
"ENSMUSG00000054619","Mettl7a1",0.178954367820504,1,0.84824873520789,0.00136303737850673,0.497631589101817,1,1.19848664861589,1.17409550272326e-18,-0.318677221281313,0.0514240339229141,-0.350237913407996,3.65818942113076e-06
"ENSMUSG00000054640","Slc8a1",-0.44962798338565,1,-0.851528869548338,0.0528684169783034,-1.22759097733449,0.00193864143072112,-1.49641546719656,2.0655935527987e-20,0.777962993948838,7.08254570713142e-05,0.644886597648224,1.24946999986101e-09
"ENSMUSG00000054702","Ap1s3",0.549976986076926,1,1.38141750334387,2.77122219526039e-05,0.785690785433592,1,1.779912267368,5.51912983892677e-12,-0.235713799356666,0.660049475677378,-0.39849476402413,0.0601361802521455
"ENSMUSG00000054728","Phactr1",0.669971505131931,1,-1.02311368830107,1,-1.1695591659177,1,-1.69082608021052,0.0162480115388129,1.83953067104963,NA,0.667712391909447,0.22259281845574
"ENSMUSG00000054752","Fsd1l",0.123477597532801,1,0.864803407514484,0.406048195736542,0.454618970036781,1,1.1118079842814,0.00169983867738438,-0.33114137250398,0.315217259332769,-0.24700457676692,0.217327065637706
"ENSMUSG00000054843","Atrnl1",-0.777758270266933,1,-0.724515906388657,1,-1.28242967462882,0.581780987141389,-1.53345841027321,1.60029850224245e-09,0.504671404361889,0.519884516448436,0.808942503884557,1.98714105947232e-06
"ENSMUSG00000054871","Tmem158",0.589031055769271,1,2.32324307542342,1.95084586463065e-10,1.47735172231951,0.0161448596912381,3.03325232157795,4.51800958546068e-21,-0.888320666550238,0.0116926445379672,-0.710009246154529,0.0170916770178995
"ENSMUSG00000054951","9130008F23Rik",0.159638643471297,1,1.2100541746329,0.075542808756657,0.779567581359396,1,1.90901180027562,7.63634405204236e-08,-0.619928937888099,0.225200305945745,-0.698957625642726,0.00701549639366385
"ENSMUSG00000054976","Nyap2",1.5166668902976,0.0487821173901789,3.40908087035491,4.6510593098183e-15,3.60896795756888,1.18666804454573e-32,4.39264820366048,5.71641929901149e-28,-2.09230106727128,2.5620531184773e-16,-0.983567333305573,0.00384667908008785
"ENSMUSG00000055044","Pdlim1",0.933561969056119,1,3.52636028979559,1.99077150666898e-20,3.61340267677793,0.00466949786589157,4.63928941571563,4.63946076825662e-40,-2.67984070772181,0.0124138706675992,-1.11292912592004,1.5938748890008e-07
"ENSMUSG00000055053","Nfic",-0.146452439752677,1,-0.507766583867708,1,-0.494039938494212,1,-0.795892989435942,0.00277307939048341,0.347587498741535,0.00457363311887212,0.288126405568233,4.56569106768904e-05
"ENSMUSG00000055069","Rab39",-0.325828887303716,1,-1.27876764408511,0.045245078428831,-1.59980508117394,2.1397321758759e-05,-2.32696864070973,1.81847346437677e-09,1.27397619387022,4.35124028022551e-08,1.04820099662462,0.00274546530238434
"ENSMUSG00000055148","Klf2",0.16272536826549,1,0.743214217953656,1,0.186521826813488,1,1.00821571450122,0.0322631498882934,-0.0237964585479986,0.967211883504717,-0.265001496547564,0.230827779239035
"ENSMUSG00000055240","Zfp101",0.0995487797948552,1,1.10743129915689,3.43642109986778e-06,0.745943734992787,1,1.50412755121951,2.98597836665048e-19,-0.646394955197932,0.00276408000261629,-0.396696252062628,0.000303058522809194
"ENSMUSG00000055322","Tns1",-0.558239805618604,1,-0.653386062491209,1,-0.988118282153906,0.355193985233822,-1.09063061777283,0.00176515070659014,0.429878476535302,0.162447255646564,0.437244555281621,0.0139566410816392
"ENSMUSG00000055407","Map6",0.500942893745928,1,1.26416405533894,0.247369446146683,1.15664515063054,0.289580661060341,1.89909707485672,0.000157726876178198,-0.655702256884611,0.0915611211911652,-0.634933019517782,0.125056503551893
"ENSMUSG00000055435","Maf",-0.502360852506079,1,-1.17769690821152,1.66833795646623e-06,-1.80220537612918,0.0183827005445969,-2.02223864481348,2.19882578273158e-37,1.2998445236231,0.00732122910591976,0.844541736601954,2.42244874283762e-12
"ENSMUSG00000055538","Zcchc24",-0.31909483130909,1,-0.672863084786779,1,-1.08285828069506,0.0330398737102525,-1.12797112416088,1.46289001776064e-11,0.763763449385973,0.000110499631649052,0.455108039374098,1.58793132842555e-07
"ENSMUSG00000055560","Zfp459",1.64889885360925,1,0.917917575073782,1,4.9925706486431,0.0208663037279897,2.62169220125352,0.0488931004192431,-3.34367179503385,NA,-1.70377462617974,NA
"ENSMUSG00000055632","Hmcn2",1.53960057257598,1,2.47658892437911,9.14438074137565e-07,2.51527567029239,0.0473750083649383,2.77953848163019,1.99313149158244e-09,-0.975675097716406,0.33403839396631,-0.302949557251083,0.472268577636211
"ENSMUSG00000055675","Kbtbd11",0.234360171006993,1,1.44145959436044,0.163685161669931,1.79711599344977,0.624114632971411,2.23104606677221,2.81625410284974e-05,-1.56275582244278,NA,-0.789586472411768,0.0598483265481344
"ENSMUSG00000055723","Rras2",0.329569964896457,1,2.39745981889724,6.414936120785e-46,1.84456362227502,0.00261198307078352,3.32490919290353,2.33369997000482e-107,-1.51499365737856,0.000113836320179722,-0.92744937400629,6.32889252730412e-16
"ENSMUSG00000055782","Abcd2",0.624542828824396,1,1.0631488649069,0.000313967826905223,0.308083859697557,1,0.756096239887387,0.411779927332854,0.31645896912684,0.351865291637508,0.307052625019513,0.0361933224036439
"ENSMUSG00000055865","Tafa3",0.625331312808702,1,2.83697434469711,0.000101768748773319,0.559765908479034,1,3.09823251159322,3.64274873128662e-06,0.0655654043296676,NA,-0.261258166896108,0.671274369550774
"ENSMUSG00000055994","Nod2",-0.311920023939541,1,-0.549992260783072,1,-1.25002041370957,0.201393816154036,-1.17482154621672,2.66491956443479e-05,0.938100389770026,0.016448007912451,0.624829285433648,3.51736107054921e-05
"ENSMUSG00000056069","Otulinl",-0.409243803674916,1,-0.803521292939074,0.656246914429817,-1.29866299371708,0.00526874984808217,-1.37162900693939,3.48118252204919e-08,0.889419190042162,0.000178628143140664,0.56810771400032,0.000371335919545085
"ENSMUSG00000056124","B4galt6",-0.200041055645081,1,-0.755808551831111,0.0534451763897408,-1.06612827942675,0.000196672698037345,-1.22415353197712,2.64846002546489e-24,0.866087223781668,1.48024034042945e-13,0.468344980146012,2.52647764564621e-12
"ENSMUSG00000056220","Pla2g4a",0.654770059803766,1,0.994527652579286,0.0617337037450162,1.13650939558948,0.0107059106147462,1.33389278684858,3.92490886703882e-06,-0.481739335785712,0.0252128252955185,-0.339365134269298,0.0896825411462333
"ENSMUSG00000056290","Ms4a4b",-0.65679131937818,1,-0.751428743625521,1,-2.17970406871152,0.0106077951871586,-3.4819112652381,9.49369651597092e-08,1.52291274933334,0.0140437006334341,2.73048252161257,3.17912833547771e-06
"ENSMUSG00000056458","Mok",-0.542173211642144,1,-0.862000111947595,1,-1.51917969910304,0.344158442068521,-1.57968486623279,0.000164675219185737,0.977006487460897,0.17453453568652,0.717684754285196,0.0217599771338545
"ENSMUSG00000056476","Med12l",-0.642245372795671,1,-1.01576560476811,1,-2.75798554980821,0.00257493147009912,-1.71428308638005,0.0226078687777335,2.11574017701254,0.0033779511008068,0.698517481611943,0.233037038918471
"ENSMUSG00000056498","Tmem154",-0.10694302506564,1,-0.0577399777237741,1,-1.14407363644761,0.0054282515375158,-0.250359792637429,1,1.03713061138197,2.25151080747081e-09,0.192619814913655,0.0124687155345119
"ENSMUSG00000056529","Ptafr",-0.509118416401383,1,-0.464467329190729,1,-1.43472021732139,5.09632838672678e-12,-0.9110066470407,0.027067617054463,0.925601800920007,5.43869025960075e-14,0.446539317849971,0.00183705603215828
"ENSMUSG00000056592","Zfp658",-0.528457047437596,1,-1.58236396213604,0.000161849732246179,-1.57465300168816,0.00691708127922121,-3.06549099784391,6.58999530008538e-19,1.04619595425056,0.00322827189658287,1.48312703570787,4.66372632223374e-06
"ENSMUSG00000056612","Ppp1r14b",0.499367744610162,1,0.462030200329166,1,0.946513023920493,0.281684671358526,0.842776413108966,0.0447185159906743,-0.447145279310331,0.0631612312196368,-0.3807462127798,0.00147364162470455
"ENSMUSG00000056737","Capg",0.450033648275665,1,0.929382759776043,1.11800038479906e-05,0.893559286525899,0.235264674489606,1.2498433711526,7.62725314568774e-21,-0.443525638250234,0.0176121155990006,-0.320460611376556,7.37171494725732e-05
"ENSMUSG00000056749","Nfil3",0.935229126556412,1,2.44684078112207,6.63710787956951e-149,2.52095363490131,1.3549699182079e-20,2.86465975763017,1.01676732610087e-224,-1.5857245083449,3.81016488505218e-14,-0.417818976508098,9.92546749306149e-09
"ENSMUSG00000057134","Ado",0.444202345957003,1,0.508451707940248,1,0.96505006175984,0.0164749162663985,0.616483508095501,1,-0.520847715802837,0.000196771612952449,-0.108031800155253,0.297318852519497
"ENSMUSG00000057135","Scimp",0.993233154025522,1,2.77276015032463,1.45969291280786e-10,3.94451816994249,5.83656281205218e-22,3.86976631581829,2.07121179797263e-24,-2.95128501591697,4.65066568869689e-20,-1.09700616549366,0.000541327361281567
"ENSMUSG00000057137","Tmem140",-0.378130262345938,1,-0.804003602812212,0.687821587277364,-1.05470772381557,0.0270831334273792,-1.21588725191735,3.48979297639916e-05,0.67657746146963,0.000265891127530301,0.411883649105142,0.0214231501590371
"ENSMUSG00000057182","Scn3a",4.41717955792977,0.158957054048679,10.3791300987239,1.04337646377029e-19,10.8342724014138,9.44717017930468e-18,11.7999691010834,3.50608559505738e-26,-6.41709284348407,1.64740690320956e-09,-1.42083900235955,8.47333720779983e-27
"ENSMUSG00000057191","AB124611",-0.271421011241211,1,-0.564982015340443,1,-0.605982222093887,1,-0.828165007226582,0.0200376250448748,0.334561210852676,0.299571878377453,0.263182991886139,0.0145698335066893
"ENSMUSG00000057315","Arhgap24",-0.272309349894674,1,-0.678445274258545,1,-1.30497897248028,0.0026386853736198,-1.21857943128318,8.22594749992604e-10,1.0326696225856,2.2012773954456e-06,0.540134157024637,1.81400205399185e-06
"ENSMUSG00000057329","Bcl2",0.549671259616762,1,1.17783139243505,0.396713340283981,1.27494271777312,0.015093056692342,1.67653597028977,0.00208155077537639,-0.725271458156362,0.00676437331647081,-0.498704577854724,0.254442199205663
"ENSMUSG00000057337","Chst3",0.486463665939835,1,1.4737997091225,2.35419960200226e-10,0.856019189329633,0.934249263617513,1.80140133006025,1.07851050413822e-19,-0.369555523389798,0.293977536286944,-0.327601620937748,0.0379969740777293
"ENSMUSG00000057706","Mex3b",-0.753133771473727,1,-1.67310812530897,4.24031058532654e-11,-1.77917167316637,0.00288221333504304,-2.47036027204365,1.33146375065817e-31,1.02603790169264,0.0133312811622493,0.797252146734679,1.91249290207475e-05
"ENSMUSG00000057835","Zfp119a",-0.453384443018351,1,-0.62349893229542,1,-0.876569614171591,0.873847910049651,-1.10179196775974,0.0340657955573804,0.423185171153241,0.224820290328232,0.478293035464317,0.0665780149181755
"ENSMUSG00000057963","Itpk1",0.0270642412358279,1,0.64683136472475,1,1.05103948928575,0.0215691190918171,0.964662699232165,9.38935858520211e-07,-1.02397524804993,4.13729536795735e-10,-0.317831334507415,0.000124800713067445
"ENSMUSG00000058013","Septin11",0.476006134795702,1,1.44922498822741,4.91763794099386e-25,1.26629824727778,0.0118698797974895,1.8029339907568,4.48561589004805e-50,-0.790292112482078,0.00167106835707224,-0.353709002529396,0.000177057344769039
"ENSMUSG00000058258","Idi1",0.544026271492912,1,1.39617957046197,5.58823697768258e-05,0.633220360489058,1,1.75479976166081,1.90261254479347e-10,-0.0891940889961452,0.863704288810493,-0.358620191198845,0.116669115767803
"ENSMUSG00000058318","Phf21a",-0.430719227873495,1,-0.432911431967193,1,-0.943954459655382,0.251072923275846,-0.874184210980549,0.00381939778562282,0.513235231781887,0.0211996059229634,0.441272779013355,6.65442487437454e-06
"ENSMUSG00000058427","Cxcl2",0.394673686183883,1,-1.16460102502677,0.517866602740667,-1.56150121053191,0.392645155523037,-2.5028975582886,1.2067413980689e-06,1.95617489671579,0.00219798155669222,1.33829653326183,0.00390764610159107
"ENSMUSG00000058454","Dhcr7",0.306242818613358,1,1.0273268822724,6.35150968654495e-07,0.695310176720721,1,1.46357236528241,3.03105175492179e-27,-0.389067358107364,0.151448022594728,-0.436245483010014,4.21074051949478e-07
"ENSMUSG00000058470","Gm8369",-1.05314580645964,1,-1.0828478036914,0.728530511754763,-1.94943092078534,0.0400095006862664,-2.03351346481471,0.000194724399582295,0.8962851143257,0.214423709796805,0.950665661123307,0.0431180103523457
"ENSMUSG00000058486","Wdr91",0.239216833392543,1,0.808870583042765,0.0515445682869541,0.702700772358114,1,0.944837546928758,4.51444620597739e-05,-0.463483938965572,0.000274015735800971,-0.135966963885992,0.230687993486835
"ENSMUSG00000058624","Gda",1.130711911839,0.158957054048679,2.94474574644358,4.10360595966476e-111,2.80464099182202,3.13450703670682e-40,3.26723328610714,5.12028889574813e-144,-1.67392907998302,7.91691731422238e-23,-0.322487539663566,0.0140088802690377
"ENSMUSG00000058794","Nfe2",0.990008587092157,1,2.4618579238917,9.56310668122651e-09,0.533976475855685,1,1.79718759909718,0.000500386623913728,0.456032111236472,0.757494581840122,0.664670324794513,0.066083506915471
"ENSMUSG00000058927","Gm10053",0.771784620402068,1,1.35304854987648,0.794148392298897,1.53431514952091,0.13666043372438,2.07648117747951,0.0146459031155439,-0.762530529118843,0.181097294971378,-0.723432627603031,0.257151034263536
"ENSMUSG00000059108","Ifitm6",-0.889825659802072,1,-0.259456229715222,1,-2.62605139332254,0.00405855011745364,-0.725688652862109,0.860269778025475,1.73622573352047,0.0191557272436873,0.466232423146887,0.0150637334065803
"ENSMUSG00000059248","Septin9",0.273441975117403,1,0.850623137902952,0.00130998060635959,0.781887506443659,0.686031331246966,1.15522087540696,5.82549846478667e-16,-0.508445531326256,0.00183796117836438,-0.30459773750401,0.00013894432912776
"ENSMUSG00000059326","Csf2ra",0.184111924828885,1,0.95395666665421,4.56823443798284e-05,0.518987353812648,1,1.1919211917642,1.35437775250511e-13,-0.334875428983762,0.148816096539454,-0.23796452510999,0.0174439654052597
"ENSMUSG00000059412","Fxyd2",-0.532732187924389,1,-1.54523527185872,0.0040386677919124,-2.13728406604754,0.788617311298211,-2.40092244117064,6.31361024333508e-10,1.60455187812315,NA,0.855687169311924,0.0191032255461184
"ENSMUSG00000059456","Ptk2b",-0.0638824029591725,1,-0.361422619202434,1,-0.864007117813849,0.129260936794743,-0.732063685909011,0.0178935873492423,0.800124714854677,1.89161839265988e-10,0.370641066706577,1.55860731050848e-11
"ENSMUSG00000059606","Rnase2b",1.14157919573089,1,4.45754767921392,0.00737644392023986,2.91294373577304,0.0477703309443355,6.21661784482739,3.45657224353896e-06,-1.77136454004216,0.101381698872953,-1.75907016561348,0.00239063482569364
"ENSMUSG00000059734","Ndufs8",0.321395630474811,1,0.501994707767564,1,0.459125472170102,1,0.863574673343802,0.000375658261499181,-0.137729841695291,0.551588272748016,-0.361579965576239,2.68877369877898e-06
"ENSMUSG00000059743","Fdps",0.583588861661138,1,1.03643357826373,0.0264089571903807,0.850247684656446,1,1.61429498943256,3.94321838324573e-11,-0.266658822995308,0.759259018494478,-0.577861411168834,0.00107166569729982
"ENSMUSG00000059796","Eif4a1",0.319058823542263,1,0.648847340169728,1,0.796563828247009,0.823187359395689,1.02231058207776,1.41444825626289e-06,-0.477505004704746,0.0208395975934439,-0.373463241908036,0.000155008112571637
"ENSMUSG00000059824","Dbp",-0.337681883774206,1,-1.23156636811616,1.63540216493984e-06,-1.52946691516838,0.0685041454827585,-1.83505164266305,3.37634541675204e-23,1.19178503139417,0.00720326249022554,0.603485274546895,3.03708177593504e-05
"ENSMUSG00000059901","Adamts14",0.00226169114588274,1,2.112600356169,0.221123063648807,1.39139944855149,0.761884850744212,3.63998353367963,3.92858034511322e-05,-1.38913775740561,0.0831960871451042,-1.52738317751063,0.0470256106356838
"ENSMUSG00000059994","Fcrl1",-1.19967586142527,0.921015169536466,-2.08565511255591,5.6782390003948e-08,-3.56164026279,4.60858872149372e-27,-3.28160064793401,5.44378199228927e-23,2.36196440136473,4.46119333526137e-16,1.19594553537809,0.000215226089107595
"ENSMUSG00000060012","Kif13b",-0.491426304949556,1,-0.520116750576091,1,-0.755090752701313,1,-0.989556988503884,0.00187561654351398,0.263664447751757,0.484374507650702,0.469440237927793,0.000470467952809462
"ENSMUSG00000060044","Tmem26",3.04853915855397,0.00377027144047284,6.29889514845143,0,9.28323859649939,5.63483011515828e-53,7.78737221421151,0,-6.23469943794542,1.85775027393185e-28,-1.48847706576008,3.36092780062309e-40
"ENSMUSG00000060131","Atp8b4",0.0711833928425309,1,-0.292729336030116,1,-0.827591409278536,0.480582964225506,-0.917852582545474,7.89588484638124e-05,0.898774802121067,5.40883690436104e-09,0.625123246515358,1.87228994931801e-14
"ENSMUSG00000060147","Serpinb6a",-0.194514642057489,1,-0.60753091842804,1,-0.810011707374598,0.518256347952852,-0.969310503981392,4.60776566498538e-05,0.61549706531711,8.17152797933943e-05,0.361779585553351,0.000371942377557266
"ENSMUSG00000060216","Arrb2",-0.300420758241588,1,-0.921764498974039,0.000117202370811724,-1.35931316666241,1.23601517632822e-08,-1.48005995113914,2.80744056569223e-31,1.05889240842083,1.04993424510526e-15,0.558295452165104,1.46185469376918e-11
"ENSMUSG00000060519","Tor3a",0.139727620418275,1,0.787857293019703,0.00718227827226247,0.812769321112329,0.155695212099247,0.947130125414057,7.68096309052401e-09,-0.673041700694054,2.43468510080732e-10,-0.159272832394354,0.0360855581996074
"ENSMUSG00000060568","Fam78b",0.49802124166551,1,1.40435014550708,0.265456755368712,1.28796343552198,0.948634742252272,1.94646462518616,0.00218981203018664,-0.789942193856473,0.434584567275738,-0.542114479679074,0.333253903852507
"ENSMUSG00000060586","H2-Eb1",0.450305097349466,1,1.14019947472962,8.3960696700727e-09,1.16487678024368,0.130577814467187,1.08528406047495,1.58397611329702e-07,-0.71457168289421,0.0210531206293957,0.054915414254672,0.715009012193203
"ENSMUSG00000060703","Cd302",-0.197360833626978,1,-0.946746396554672,0.00294927249776733,-0.831844133171851,0.789703593976416,-1.49007659657243,2.14373725948713e-18,0.634483299544873,0.0049625093990968,0.543330200017758,3.00085109089667e-06
"ENSMUSG00000061024","Rrs1",0.525986325378418,1,0.699258784551305,1,1.56824020444819,3.32279627331134e-06,1.10699993257122,0.000110442982332794,-1.04225387906977,6.28812081009921e-07,-0.407741148019914,0.00609845019798659
"ENSMUSG00000061100","Retnla",9.41645997052584,1.15452162351287e-09,16.3669169013456,4.06739814275487e-51,16.3979967176101,8.15289269084595e-35,17.8161051892072,2.89853430952704e-61,-6.98153674708423,1.47219083801448e-69,-1.44918828786162,3.9471565424445e-30
"ENSMUSG00000061126","Cyp4f39",1.53615223970729,1,3.13536757482888,0.00220146626276381,2.57671083415016,0.00555147604287472,3.31352785374007,0.00037468146205924,-1.04055859444287,0.187129125276354,-0.178160278911191,NA
"ENSMUSG00000061186","Sfmbt2",0.14373142977368,1,1.39785017978942,0.00863163718211305,0.637473398088535,1,1.5861863249426,0.000208697816045145,-0.493741968314855,0.460185655075455,-0.188336145153183,0.598072085234367
"ENSMUSG00000061436","Hipk2",0.175640100658175,1,0.456130303424844,1,1.18096783804521,0.00381700005171074,0.37860707227857,1,-1.00532773738703,2.94951711031223e-08,0.0775232311462732,0.738062686891417
"ENSMUSG00000061474","Mrps36",0.249705004118656,1,0.724516444964874,0.900915559884023,0.66625800849911,1,0.932629641541688,0.00220578462442253,-0.416553004380454,0.0166656758335036,-0.208113196576814,0.104772769196638
"ENSMUSG00000061518","Cox5b",0.264352787151761,1,0.472600416540711,1,0.512412112243178,1,0.756642894086601,0.00810357658738008,-0.248059325091416,0.0806610121814454,-0.284042477545889,2.83252561510081e-06
"ENSMUSG00000061544","Zfp229",-0.368130954533654,1,-0.733125879345753,1,-1.39959958749589,0.0179795181989396,-1.52742763300516,3.07925474236236e-05,1.03146863296224,0.000972743246102794,0.794301753659403,0.00183041224723999
"ENSMUSG00000061578","Ksr2",1.31252196587475,0.665476822688419,3.27102588993152,1.39573701856841e-42,3.77570925504755,2.06304661796015e-35,3.77410904407675,1.24025553217364e-60,-2.4631872891728,1.65418237126041e-22,-0.50308315414523,0.0191032255461184
"ENSMUSG00000061603","Akap6",0.138847075975042,1,2.02397234235108,0.0423915234834744,0.928097181093512,0.878924148243348,2.55977476680524,0.000473230100629519,-0.789250105118471,0.0252498381235557,-0.535802424454169,0.450260569600194
"ENSMUSG00000061666","Gdpd1",-0.317646217249534,1,-0.8036311611018,0.0596170014774769,-1.04833292568335,0.0100016054410309,-1.27737306646938,1.01745803847045e-16,0.730686708433815,3.42060518210602e-06,0.473741905367576,2.63225702385197e-07
"ENSMUSG00000061815","Rufy4",1.88847544704721,1,6.90802318634761,8.0800964308243e-06,6.42007212408889,0.00371536326352503,9.1341224503638,5.99994488031994e-11,-4.53159667704168,NA,-2.22609926401619,1.0014542119909e-06
"ENSMUSG00000061825","Ces2c",0,1,4.53245270733219,0.0535259182572442,4.37994723424473,0.875485076526261,6.38932054210003,0.000149250071949801,-4.33340142407917,NA,-1.85686783476784,NA
"ENSMUSG00000061859","Patj",0.089675127955874,1,1.31295820636255,0.0299226186117186,2.38353860770804,1.11414822287926e-06,2.29481454162493,7.41246089932969e-12,-2.29386347975216,1.1661831157567e-10,-0.981856335262382,0.000134651492505565
"ENSMUSG00000061878","Sphk1",0.216937544543818,1,3.34284461276118,1.2161854752264e-09,2.19115277503729,0.183075618560002,4.36909837843065,8.29065448404981e-19,-1.97421523049347,0.034047457044203,-1.02625376566947,0.000383124988093066
"ENSMUSG00000062028","Irgc1",1.63383451221567,1,4.01383586204048,0.0816328554588591,3.85425142005788,0.248125326153358,5.32910121373753,0.00128834179091073,-2.2204169078422,NA,-1.31526535169704,NA
"ENSMUSG00000062127","Cttnbp2nl",-0.272565891722966,1,-0.52068558448721,1,-0.925726805730415,0.0346360037665519,-0.828309824752731,0.00337817028797733,0.65316091400745,5.45552423491144e-07,0.307624240265521,0.000261693029538093
"ENSMUSG00000062488","Ifit3b",-1.65038583863854,1,-2.66867089278021,1.97421331321561e-12,-3.8810871735934,2.99234383737764e-11,-3.82940321857433,9.13138415466749e-22,2.23070133495486,4.80165610519828e-05,1.16073232579413,0.00919426690502275
"ENSMUSG00000062515","Fabp4",0.0781438287188731,1,1.00088406635849,3.40398852835006e-07,0.678410595570735,1,1.62985709972147,7.39997700358532e-45,-0.600266766851862,0.0545287488172781,-0.628973033362982,5.18265944146218e-16
"ENSMUSG00000062661","Ncs1",0.483771469221981,1,1.28103634745144,0.0101788039287224,1.44038739806713,0.0861969531019614,1.81013418399387,3.52179252232494e-08,-0.956615928845154,0.0256770514830831,-0.529097836542431,0.0484649553792845
"ENSMUSG00000062939","Stat4",-0.534807209975186,1,-0.938083769955786,1,-2.50362383568579,0.000178760404397945,-1.38205749177219,0.0258413256376951,1.96881662571061,0.000131410268536675,0.443973721816403,0.297276568458281
"ENSMUSG00000062960","Kdr",-0.251518964389745,1,-0.829461098305268,0.340667492778768,-1.4437528802621,0.0291552839806549,-1.1736475744191,1.60831081836332e-05,1.19223391587235,0.0004931719733014,0.344186476113827,0.0385450778875906
"ENSMUSG00000062980","Cped1",-0.418601417007342,1,-0.768519426829464,1,-1.60675356056671,1.45230269983326e-05,-1.25412415235014,0.00758269676848697,1.18815214355937,3.16242718975521e-07,0.485604725520673,0.0939233729976094
"ENSMUSG00000062991","Nrg1",-0.172794646559713,1,2.35967603545288,0.138112009195397,1.09770373205246,1,2.77426717429939,0.0135781226030357,-1.27049837861217,0.0565438156266635,-0.414591138846508,NA
"ENSMUSG00000063253","Scoc",-0.0448608904476368,1,-0.728372093836511,0.553097415605113,-0.320481831758161,1,-0.856378737569519,0.00644156908366679,0.275620941310524,0.098098531701926,0.128006643733008,0.305227508432451
"ENSMUSG00000063354","Slc39a4",-0.395891209971383,1,-1.23865917241294,0.276740448824714,-1.24477936856285,1,-1.78622455537568,0.00123121661776165,0.848888158591464,NA,0.547565382962733,0.256415452727154
"ENSMUSG00000063524","Eno1",0.401508069342574,1,0.570506423102128,1,0.67261404131788,1,0.88641684581828,0.0029939379484717,-0.271105971975306,0.432040727059144,-0.315910422716152,0.00305346341579016
"ENSMUSG00000063564","Col23a1",0.490282800538647,1,0.849701895788601,1,0.530209849034337,1,1.82191030894598,0.0209312956658104,-0.0399270484956902,0.975647162151503,-0.972208413157375,0.0700048740931617
"ENSMUSG00000063694","Cycs",0.42122366031069,1,0.656065572796935,1,1.14384191675258,0.138757788373075,1.06833618908916,2.31016289784047e-09,-0.722618256441889,0.0164955167357684,-0.41227061629223,1.12026950340329e-06
"ENSMUSG00000063779","Chil4",-1.27219273262591,1,7.98487588600737,2.0320489356367e-08,7.82152609472316,5.25855864418564e-23,10.8411585052934,1.95729389053822e-16,-9.09371882734908,8.20263662311167e-16,-2.85628261928604,1.81731459367614e-32
"ENSMUSG00000063810","Alms1",-0.0959237181479134,1,0.539991874152458,1,0.683799802992422,1,1.03748710722998,2.26174063511176e-05,-0.779723521140335,2.98226207820986e-06,-0.497495233077521,3.16003948544158e-06
"ENSMUSG00000063873","Slc24a3",-0.290776915654915,1,-1.50278226333895,0.00514203744216557,-1.19345023423004,0.0413395135543452,-1.47141706058083,0.00384240364136214,0.902673318575128,0.00035755973183469,-0.031365202758113,0.953841115775092
"ENSMUSG00000064043","Trerf1",0.229484522980536,1,0.887956972563822,1.91817251512413e-07,1.08292691235511,0.00836037674487371,1.12191909368383,3.08835977203636e-23,-0.853442389374578,1.64029975304516e-07,-0.233962121120004,0.000107847922782209
"ENSMUSG00000064065","Ipcef1",-0.132521795883107,1,2.2101893676902,9.07114492930335e-06,-0.121848170312482,1,1.8353716250935,0.000908094767605627,-0.0106736255706252,0.989995848059286,0.374817742596703,0.364483182853779
"ENSMUSG00000064147","Rab44",-0.526654511091965,1,2.26216899964787,5.07950037919857e-20,-0.664768600377136,1,1.92452878927496,6.4155721271927e-13,0.138114089285171,NA,0.337640210372911,0.11210241272912
"ENSMUSG00000064373","Selenop",-1.02306924794782,1,-1.23671414173623,0.0723307274780397,-2.26664516335738,0.00455801472893765,-2.08110497334525,6.54641311167694e-09,1.24357591540956,0.0482166208539194,0.844390831609022,0.00511701446150143
"ENSMUSG00000066000","Zfp979",0.427538136598025,1,1.13103404300141,1,1.17610937967115,0.233202975125246,2.06010154228855,0.0017333185463815,-0.74857124307313,0.0388311535423323,-0.92906749928714,0.0589779413253627
"ENSMUSG00000066151","Fkbp15",-0.392044586761799,1,-0.621409486602363,1,-0.81026331012885,0.580805916554897,-0.979097436610407,3.35798628668323e-08,0.418218723367052,0.0228254948076458,0.357687950008044,2.97865193700754e-06
"ENSMUSG00000066510","Ankdd1a",-1.2726432455612,1,0.782308916722883,1,-0.0648299884515818,1,1.53004028041352,0.0415653933685137,-1.20781325710962,NA,-0.747731363690636,0.112978359808928
"ENSMUSG00000066677","Ifi208",-0.0530689569672907,1,-2.7405676114287,2.556386346884e-06,-1.30704826605358,1,-3.33103351177311,1.19427223281051e-08,1.25397930908629,0.366029478062783,0.590465900344408,0.439695732436529
"ENSMUSG00000066682","Pilrb2",-0.779897083083333,1,-2.18861644732746,1.33506125922703e-26,-1.71421528594193,0.153685177999175,-2.48452890081648,3.39586918586325e-34,0.934318202858592,0.200743525409855,0.295912453489015,0.210968655051822
"ENSMUSG00000066684","Pilrb1",-1.02956404374642,1,-2.07179869547138,1.16544047458692e-16,-0.953215400450272,1,-2.61962209864555,3.16810915214524e-28,-0.0763486432961475,0.949133505729072,0.547823403174164,0.0268534831175513
"ENSMUSG00000066687","Zbtb16",-0.149242361209949,1,-1.20197194724301,0.0357171611738264,-1.98994562214825,0.020294220433042,-1.87819037067463,9.38152302484081e-08,1.8407032609383,0.000657370082709597,0.676218423431619,0.0267046661872211
"ENSMUSG00000066800","Rnasel",-0.409836588775829,1,-0.483761745976378,1,-1.00965040411527,0.010211334924548,-0.728619994694703,0.0162545396779305,0.599813815339443,4.73422175246817e-05,0.244858248718324,1.37196518663936e-05
"ENSMUSG00000066975","Cryba4",-1.55240455370141,1,-1.46183120729394,0.127809004610511,-3.35915843959743,0.350215980530655,-2.1235442453577,0.00032108484463499,1.80675388589602,NA,0.66171303806376,0.243661835253625
"ENSMUSG00000067199","Frat1",-0.735925649305672,1,-1.31884691969802,0.000434340208483252,-1.91003325163879,0.00751509221428375,-2.08612136623224,4.98198960276865e-15,1.17410760233312,0.0198383747522317,0.76727444653422,0.000802506444952744
"ENSMUSG00000067219","Nipal1",-1.27091734934745,1,1.73456553116909,1,3.38914410112666,0.574880132866825,5.18606985148918,0.00136149672749674,-4.66006145047411,0.048550244324979,-3.45150432032009,NA
"ENSMUSG00000067586","S1pr3",2.825746780599,1,2.07096723625366,0.310284398074927,5.10483652746891,0.11781585480117,3.59593164705835,0.000102380184282188,-2.27908974686991,0.408089241605602,-1.52496441080469,NA
"ENSMUSG00000067629","Syngap1",-0.950375318365033,1,-1.73708725688814,3.37938076548617e-05,-1.61527447634224,0.36497664558461,-1.65770296367017,8.04445235463296e-05,0.664899157977206,0.501072185298078,-0.0793842932179724,0.874671716884606
"ENSMUSG00000067780","Pi15",-0.103892345529319,1,3.29015424222721,0.392682101392882,2.15108649575247,0.381152643102933,4.68553542519967,0.0124185214587948,-2.25497884128179,0.0451305046549535,-1.39538118297246,NA
"ENSMUSG00000067825","Pex26",0.0121707848531717,1,0.776117566695607,0.647872993042135,1.37826705820875,0.000439127170725937,1.12172993993277,2.57208479685016e-05,-1.36609627335557,2.24615890692418e-11,-0.34561237323716,0.0166801999974645
"ENSMUSG00000068129","Cst7",1.85408504323178,0.000152781388273385,3.73240983314623,1.85029347989466e-46,3.38280287101954,1.11708540717018e-28,4.82691105547149,6.30033421407065e-86,-1.52871782778776,2.03352878478472e-10,-1.09450122232526,4.25895817936537e-10
"ENSMUSG00000068220","Lgals1",0.294180227962164,1,0.56769741401281,1,0.510341881022175,1,0.898351709967319,0.00869755521716726,-0.21616165306001,0.193426643975523,-0.330654295954509,0.00801094308099717
"ENSMUSG00000068551","Zfp467",-0.621673806786923,1,-0.57612103720116,1,-1.27155038473557,0.00187244012529184,-0.785307529245038,0.0458016828718837,0.649876577948643,0.00377703545741628,0.209186492043878,0.0427471455872663
"ENSMUSG00000068587","Mgam",0.0544041784620746,1,3.00176587711766,7.84390615000753e-05,1.32812118709989,1,3.75019617780957,1.43261477456438e-08,-1.27371700863781,NA,-0.748430300691913,0.183103891794143
"ENSMUSG00000068699","Flnc",0.808948223570134,1,2.43777264345906,0.0376930299037452,2.17778436295719,0.489409003492597,3.45665646122268,3.5113318865879e-05,-1.36883613938706,0.355693120195737,-1.01888381776362,0.183682305792624
"ENSMUSG00000068923","Syt11",-0.256802934805659,1,-0.30411613259456,1,-1.08676984915278,0.00328676848531707,-0.624954819997205,1,0.829966914347124,4.43904707502842e-08,0.320838687402645,0.000362018902134617
"ENSMUSG00000068966","Zbtb34",-0.378692056194131,1,-0.573397230381366,1,-0.721195297006104,1,-0.950843239722335,0.000432019715618566,0.342503240811973,0.158882371147306,0.377446009340968,0.000641820003974317
"ENSMUSG00000069072","Slc7a14",1.77055099859113,1,4.61834997076576,9.07114492930335e-06,3.86468695380405,1.2123972014359e-09,5.09197577310843,1.53215000681923e-07,-2.09413595521292,1.71864737394374e-05,-0.473625802342675,0.386794701082417
"ENSMUSG00000069094","Pde7a",-0.319000138718194,1,-0.873297679864898,0.0418423884302683,-0.44083018822609,1,-1.13024582055857,5.67836006525164e-07,0.121830049507896,0.577490247386445,0.256948140693675,0.0590408364899855
"ENSMUSG00000069516","Lyz2",-0.434822589621277,1,-0.419894806257598,1,-1.08961742055544,0.807269628487429,-0.822945474832938,0.0298837369252448,0.654794830934161,0.258017624837326,0.40305066857534,7.39324628557191e-05
"ENSMUSG00000069609","Cd300ld4",-0.651905638064027,1,-1.38485680327315,0.400181500359444,-1.07082204458442,1,-1.80983916449262,0.0258517579892487,0.418916406520396,0.812559461029422,0.424982361219475,0.569465444017297
"ENSMUSG00000069633","Pex11g",-0.0572343851766513,1,1.33130723917598,0.260024534532856,0.830659985012637,1,2.04125275762937,0.00013922478480696,-0.887894370189288,0.314450476697662,-0.709945518453387,0.0913764420322931
"ENSMUSG00000069805","Fbp1",-2.02143288674261,1,3.12945613040033,0.0261163346055476,-0.605473784634261,1,5.1466939425465,2.08538439796817e-07,-1.41595910210835,NA,-2.01723781214617,0.00235915809828289
"ENSMUSG00000069830","Nlrp1a",-0.0882980727293986,1,0.901652848249208,0.0292056662679531,0.304591511804496,1,0.809277953481385,0.139928630920711,-0.392889584533894,0.0677500880424221,0.0923748947678234,0.574895356598047
"ENSMUSG00000069874","Irgm2",-0.464687450281377,1,-0.549198150165683,1,-1.27528108994124,0.00609523167312145,-1.00283985189549,0.00604391048681144,0.810593639659862,0.000618590036141693,0.453641701729808,0.00429871337296223
"ENSMUSG00000069892","9930111J21Rik2",-0.583956863019664,1,-0.388732737451412,1,-1.12607164630647,0.00344000110018623,-0.920887044210047,0.0107636033421997,0.542114783286807,0.0028700403858483,0.532154306758635,2.55734771308815e-05
"ENSMUSG00000070044","Fam149a",0.189116835665229,1,0.869732113456497,1,0.849905664574176,1,1.5189254703366,7.33310658328156e-05,-0.660788828908947,0.0421578869242978,-0.649193356880102,0.00973752703593071
"ENSMUSG00000070284","Gmppb",0.718915152724941,1,0.619407372062397,1,1.41332301676269,0.0250359518101386,1.04532242864467,0.00826000672550306,-0.694407864037746,0.0560489430824466,-0.425915056582273,0.0200993682897011
"ENSMUSG00000070323","Mmp27",-0.0935490394743271,1,-0.901177583439243,0.537536439423599,-1.15217444023038,0.111668463741668,-1.79998318183634,2.52284161338281e-10,1.05862540075605,6.95007059371424e-05,0.898805598397097,2.3476533254995e-05
"ENSMUSG00000070369","Itgad",1.65759326976831,1,5.11754095018439,2.10497474220083e-20,3.63938696488341,8.5448472697505e-06,5.87736597835614,2.60808859512509e-28,-1.98179369511511,0.00552203245632735,-0.759825028171747,0.0175069267971415
"ENSMUSG00000070576","Mn1",0.891460621519899,1,2.92726504189752,0.00343492399575958,2.44324295726518,0.0390292424199848,3.40093110892258,7.42904855425126e-05,-1.55178233574528,0.0607073650277879,-0.47366606702505,0.556918242870698
"ENSMUSG00000070604","Vsig10l",0.0245710473747659,1,-0.371875358197687,1,-1.5140029047122,0.0257770373601049,-1.21190722065899,0.00925918349704797,1.53857395208697,1.08060575944964e-05,0.840031862461302,0.000512739259516689
"ENSMUSG00000070639","Lrrc8b",0.184502325554723,1,1.11940999296607,1.20935159812035e-14,0.670873992272329,1,1.54462559300967,1.12172071683074e-47,-0.486371666717606,0.0688158814720499,-0.4252156000436,7.28477615353265e-10
"ENSMUSG00000070738","Dgkd",-0.159027066596355,1,-0.676054364479928,0.454506427527346,-0.83300081695905,0.297814081047866,-0.96277935499306,1.871898099225e-13,0.673973750362694,1.38786441520044e-06,0.286724990513132,3.0123807363241e-07
"ENSMUSG00000070858","Gm1673",-0.559154194679074,1,-0.732619661871914,1,-1.57508654039876,1,-1.36827492434044,0.00150640347183586,1.01593234571969,NA,0.635655262468529,0.0228137140750578
"ENSMUSG00000070868","Skint3",-0.86731939243782,1,-1.60668535951926,0.00096333991165258,-3.24206561987131,2.85164497542405e-05,-3.53075690411124,2.8486718039799e-17,2.37474622743349,0.000372968913144743,1.92407154459198,1.45924604124876e-06
"ENSMUSG00000070942","Il1rl2",1.67564533293124,4.29486252462043e-10,2.45481125757414,3.26550726094634e-39,1.83604100141133,4.55371811640648e-15,2.06610528326134,1.62551404841036e-24,-0.160395668480087,0.545106555747589,0.388705974312804,0.0168871410845389
"ENSMUSG00000071068","Treml2",0.638699663820438,1,1.46506103794192,4.61884799661617e-05,1.062316204303,0.222014936290209,1.65402812705893,1.12841074186371e-07,-0.423616540482561,0.190456531564104,-0.188967089117015,0.490724057494314
"ENSMUSG00000071076","Jund",0.139910951095606,1,0.716093964789438,0.262849287186955,0.958793981414874,0.0306255549143419,1.19658376518806,9.32595133572469e-23,-0.818883030319268,2.39210617068762e-09,-0.480489800398625,5.60781455107089e-14
"ENSMUSG00000071369","Map3k5",-0.300421731265793,1,-1.1389801179308,3.85559521406661e-06,-1.10882558857878,0.00381700005171074,-1.79945006921768,3.12199008496061e-27,0.808403857312992,6.85695509485287e-07,0.660469951286879,1.67566403012754e-07
"ENSMUSG00000071528","Atp5md",0.285532062665022,1,0.463548134285083,1,0.55276871728393,1,0.813125606404691,0.0191222859926938,-0.267236654618907,0.159171399354235,-0.349577472119608,0.000130164484864808
"ENSMUSG00000071547","Nt5dc2",-0.158354356031495,1,-1.02625498268228,2.4180625189975e-05,-1.16509842021186,0.0361619193535851,-1.47918671379332,4.92535195589274e-21,1.00674406418037,9.29368814664266e-06,0.452931731111043,2.95153063461697e-05
"ENSMUSG00000071713","Csf2rb",0.332886711121357,1,1.00181336651912,3.08040516181547e-16,1.29216188694411,1.41839885336775e-06,1.28716990064362,3.42291348496235e-46,-0.959275175822756,9.56817594401081e-12,-0.285356534124498,1.67720295117478e-07
"ENSMUSG00000071724","Smpd5",-0.685523802195838,1,-0.793352099138185,1,-0.594507595188436,1,-1.16102639924599,0.0262430776597547,-0.091016207007402,NA,0.367674300107805,0.226265198223216
"ENSMUSG00000072437","Nanos1",0.173397463411678,1,-1.35674380368466,0.0301961600499736,-1.14668413582597,0.175259902190182,-1.48362272612106,0.00328416981142796,1.32008159923765,2.34583074146892e-06,0.126878922436402,0.7921615390543
"ENSMUSG00000072596","Ear2",3.12280833140013,0.0909921463728974,10.2947972952329,1.56024867490981e-59,7.59990632949774,1.15419401454871e-22,10.7439496730687,1.47013207109091e-65,-4.47709799809761,1.22518063192789e-26,-0.449152377835736,0.422015232052811
"ENSMUSG00000072601","Ear1",2.83854352321638,1,5.28546172217338,0.00639654908712088,3.12279556590162,1,7.05384611608515,8.47443099328783e-06,-0.284252042685241,NA,-1.76838439391177,NA
"ENSMUSG00000072889","Nfxl1",-0.496896111811357,1,-1.19106750374696,1.93905191841465e-06,-1.05744332957323,0.00210318554148974,-1.78700567228852,1.58673344112379e-24,0.56054721776187,0.000127848803514761,0.595938168541565,7.29199446030608e-06
"ENSMUSG00000072949","Acot1",-0.403459582766878,1,-1.41559947527117,0.0101562372576534,-1.7573619958392,0.158299546521808,-2.13175500466067,7.01016634146103e-08,1.35390241307232,0.0475859601529944,0.716155529389498,0.0543978854916927
"ENSMUSG00000073412","Lst1",-0.500392042255455,1,-0.982224806503799,3.37938076548617e-05,-1.45906830673122,0.0117486978418336,-1.34131357576409,4.99713604523921e-18,0.958676264475764,0.00347393936048094,0.359088769260293,0.000460263306663297
"ENSMUSG00000073418","C4b",-3.61099628339488,1,-1.84382478770969,1,-5.26817700784594,0.00693928797667849,-1.20320382826936,1,1.65718072445105,NA,-0.640620959440331,NA
"ENSMUSG00000073421","H2-Ab1",0.580138040024769,1,1.42394020144383,4.49680859004122e-14,1.45614078224961,0.0036011773018604,1.3601634185336,2.13006045019525e-12,-0.876002742224839,0.00245274856056896,0.0637767829102247,0.724319013632593
"ENSMUSG00000073468","Sft2d1",-0.072460429227372,1,-0.578756549954689,1,-0.66127962279182,1,-0.7900114193454,0.0211864800663326,0.588819193564448,0.000835387278689757,0.211254869390711,0.0234042403778064
"ENSMUSG00000073491","Ifi213",-1.39742610791684,1,-1.66827661128345,0.238602227214084,-3.29929232861223,0.0501668129456036,-3.06883156470611,2.04504381743083e-05,1.90186622069539,0.193013915862614,1.40055495342266,0.0505523998506663
"ENSMUSG00000073555","Gm4951",-0.245893388858352,1,1.05776370434744,0.374076426038434,1.69500496886205,0.0446972109159266,1.5987137732136,0.000133716991910114,-1.9408983577204,1.58413051512036e-05,-0.540950068866155,0.0685270361138356
"ENSMUSG00000073758","Sh3d21",-1.00266324495335,1,-1.48017344105063,0.22388255894818,-1.18971330446555,1,-1.73106385171152,0.0299708262578928,0.187050059512197,NA,0.250890410660892,0.746323963600756
"ENSMUSG00000073771","Btbd19",0.423763294834062,1,-0.343792317991608,1,1.26583518432635,0.0329529482885014,0.168509449559965,1,-0.842071889492287,0.00251142440036816,-0.512301767551573,0.118423498916498
"ENSMUSG00000073795","Spef1l",0.666444919125878,1,1.30400869509652,0.33091289437874,2.43739764625676,0.000503970746500043,1.90390121969265,0.00103271960558115,-1.77095272713089,0.000473843013627409,-0.599892524596128,0.195486726310338
"ENSMUSG00000073856","Iqck",-0.0810767592978161,1,1.67102176960111,0.432719012752876,0.388490396719831,1,2.43767152418505,0.00600136087433494,-0.469567156017647,0.511695720815777,-0.766649754583936,0.301438663635881
"ENSMUSG00000073876","Gm13305",0.350694741106369,1,1.76603710451336,0.0335116608798426,1.1595958899734,0.53004787603202,2.58222628078574,2.73902599696062e-06,-0.808901148867031,0.0846617391187689,-0.816189176272372,0.0584508377245455
"ENSMUSG00000073889","Il11ra1",0.693714608828105,1,1.66421337207319,1.65877891782373e-56,1.46653309715291,0.000146516464465597,2.00337224819776,2.03108467810409e-98,-0.772818488324801,0.00107664203638234,-0.339158876124576,2.18846358090324e-06
"ENSMUSG00000074170","Plekhf1",0.683069088779567,1,3.47418909145152,3.37030699306626e-102,3.06570394639634,2.27904129083758e-20,4.18077433131892,1.10883263202689e-160,-2.38263485761678,1.6372924144196e-19,-0.706585239867393,2.34397088127513e-11
"ENSMUSG00000074342","I830077J02Rik",-0.313604309936123,1,-0.516542580550976,1,-0.918711468355729,0.265718751738809,-0.939713017654002,0.0454046819998767,0.605107158419607,0.00250164103207965,0.423170437103025,0.0172237758706618
"ENSMUSG00000074345","Tnfaip8l3",1.95804669023121,1,4.38279696225176,2.31579377476797e-07,5.64347945992823,4.32390204046699e-18,5.90217793464531,8.72897123365984e-15,-3.68543276969702,3.4235270802536e-14,-1.51938097239355,0.0045280677652223
"ENSMUSG00000074361","C5ar2",-0.168688537153241,1,-0.653842227657226,1,-1.24459497512445,0.0527967791679768,-1.16431312956434,2.45793594241174e-06,1.07590643797121,0.000106314125545236,0.510470901907118,0.000155176457620495
"ENSMUSG00000074364","Ehd2",-0.00680219499775801,1,1.91142661211374,0.000110697413242158,1.82877050553255,1,2.90564052400041,1.80603447367157e-14,-1.83557270053031,0.437372458178426,-0.994213911886668,0.00194869499539264
"ENSMUSG00000074604","Mgst2",-0.448026246186342,1,-0.795810722634363,1,-1.93822966916574,0.0176781994059075,-2.00633334899081,3.93361276670265e-07,1.4902034229794,0.00552702375375085,1.21052262635644,0.000109632386747001
"ENSMUSG00000074607","Tox2",-0.0737568506347103,1,-1.18025997498833,0.0569447563007872,-1.44512682128842,0.0139667753503696,-1.33745539477545,0.00307287231125933,1.37136997065371,5.54265175995446e-06,0.157195419787117,0.674334496582296
"ENSMUSG00000074634","Tmem267",0.668306775459577,1,1.40019633811693,0.000608358846245122,3.2267671152002,2.2770661157147e-07,2.32733629467552,9.28170033068325e-18,-2.55846033974062,6.77606790701885e-07,-0.927139956558595,1.48049550883307e-05
"ENSMUSG00000074677","Sirpb1c",-0.175352276724399,1,-1.08036607927065,0.034882745092099,-1.74679663988836,0.0165323154754986,-2.30540701481709,2.70184983068126e-21,1.57144436316396,0.00027946647756929,1.22504093554645,5.46070241722178e-10
"ENSMUSG00000074715","Ccl28",0.67825575720766,1,2.14115264583429,0.365320909617497,2.6575267716692,0.000842726298845323,2.04760479005499,0.23359447862186,-1.97927101446154,0.000860807462046399,0.0935478557792986,NA
"ENSMUSG00000074743","Thbd",-0.398209393639547,1,-0.559396160964992,1,-1.00110729640726,0.0761296359181067,-1.24105146597052,5.56176367764708e-07,0.602897902767717,0.00181779013938851,0.681655305005528,9.67816208992254e-07
"ENSMUSG00000074794","Arrdc3",-0.43292898953703,1,-0.75064679533432,0.54964475529723,-1.37741196789684,0.00054659188441049,-1.15743563597843,1.5801672110416e-08,0.944482978359813,1.59769821517253e-05,0.40678884064411,0.000343151817541609
"ENSMUSG00000074796","Slc4a11",-0.368028264456175,1,0.789254906429672,1,2.08393705168278,0.201083921754411,1.66759270671738,7.69527616053596e-06,-2.45196531613896,0.00493287419956143,-0.87833780028771,0.000568734315562691
"ENSMUSG00000074874","Ctla2b",-1.17056047750661,1,-1.44351688195224,0.1483340761088,-3.28358268506778,9.17641848527646e-05,-2.82140437559772,1.14511996450674e-06,2.11302220756117,0.00490408400119299,1.37788749364547,0.0145755643823225
"ENSMUSG00000074896","Ifit3",-1.35456784457433,0.524099273232874,-2.1906991383299,0.00010973265700645,-3.05652263110441,2.20997875517978e-17,-3.70805394620495,2.28387484980741e-16,1.70195478653008,5.38149264499083e-08,1.51735480787506,0.000665021601781712
"ENSMUSG00000074934","Grem1",-0.432104679372916,1,-0.879988407010187,1,-0.175687190386035,1,-1.5463520729885,0.0252024662329666,-0.256417488986881,0.904320978929209,0.666363665978309,0.17860819615103
"ENSMUSG00000075232","Amd1",0.400435901111748,1,0.669439856343062,1,0.722027900041516,1,0.817974865731706,0.00782123341165086,-0.321591998929767,0.218017168073458,-0.148535009388643,0.134670493000323
"ENSMUSG00000075254","Heg1",0.262013993059878,1,1.35392048186828,0.000371918010664245,0.726150467611573,1,2.10170943890079,2.37595843018219e-16,-0.464136474551695,0.242142389129715,-0.747788957032509,3.61193698966271e-05
"ENSMUSG00000075269","Bex6",0.55238325836348,1,3.12154522422872,1.77156844683388e-05,1.99422262572327,0.0156195964859556,3.89873813964749,1.0626198328137e-09,-1.44183936735979,0.00644322817453978,-0.777192915418766,0.114811842189755
"ENSMUSG00000075415","Fnbp1",-0.237111680701381,1,-0.518218880497742,1,-0.782960200709138,0.279808318018338,-0.81425731733803,0.000775601737071772,0.545848520007757,5.80383548647464e-07,0.296038436840288,1.88167716135387e-05
"ENSMUSG00000075602","Ly6a",-0.525396944579656,1,-2.99551302395696,4.25519499917031e-07,-2.26444017016688,0.342068958849816,-4.18472940441732,1.58867423521395e-11,1.73904322558722,0.173711765882107,1.18921638046036,0.11265531820103
"ENSMUSG00000076441","Ass1",0.74723568836364,1,2.62181230115311,2.01095105260215e-56,1.69031328119717,0.000200214524488594,3.15500832269992,1.40312986771577e-90,-0.94307759283353,0.00200601657689728,-0.533196021546812,0.000130936520259461
"ENSMUSG00000078606","Gvin2",-0.0239468748968515,1,1.3867212205744,8.68378119385613e-07,1.51262172266094,2.52719563497977e-05,1.83485996376447,1.43024180060029e-16,-1.53656859755779,5.99714498228741e-14,-0.448138743190066,0.0134976064076744
"ENSMUSG00000078616","Trim30c",-0.94141604674298,1,-1.23698515370634,0.00600273964567689,-1.89655699823435,0.00385123407331139,-2.19909027567284,8.18301693048066e-15,0.955140951491369,0.0517811969075211,0.962105121966502,6.58441741132992e-05
"ENSMUSG00000078627","Marchf10",1.37205569764774,1,5.70372777238756,7.13165365110391e-10,5.03913019759702,0.000123840743946488,6.4691017996493,2.0559822256438e-13,-3.66707449994928,0.00014830525401766,-0.765374027261733,0.0266358250075089
"ENSMUSG00000078716","Tmem8b",-0.589811535812984,1,-0.952478575186596,0.434032802920694,-1.52706739429725,0.0740197713229301,-1.16088350689191,0.0199288734869516,0.937255858484267,0.0546635180949376,0.208404931705311,0.523636804899319
"ENSMUSG00000078735","Il11ra2",0.406121674375246,1,1.72678752698778,0.0528684169783034,1.22030468182098,0.429986779135122,2.60334946268468,3.30562697077505e-06,-0.814183007445733,0.0890562837135206,-0.876561935696905,0.0439695086511073
"ENSMUSG00000078780","Gm5150",0.336235002309538,1,-0.566903651040801,1,-0.0668640731174122,1,-1.01353985243757,0.0225772215281188,0.40309907542695,0.53054691837635,0.446636201396769,0.0241838910000953
"ENSMUSG00000078812","Eif5a",0.544180947835284,1,1.01666972465659,0.000211380034741896,1.30773061365643,0.000631605942353318,1.43079862079524,1.95729389053822e-16,-0.763549665821148,0.000227341711239455,-0.414128896138646,0.000479726590488144
"ENSMUSG00000078954","Arhgap8",2.18525496721455,1,3.12946208606694,0.457862490291681,3.28459841753392,0.0616343914703335,4.02913602779376,0.0459144764228282,-1.09934345031937,NA,-0.89967394172682,NA
"ENSMUSG00000079020","Slc45a4",-0.40090971873523,1,-0.671908963095787,1,-0.683871668688602,1,-1.09646581943932,2.75556013140668e-06,0.282961949953371,0.229402724433659,0.42455685634353,0.000398552626647411
"ENSMUSG00000079110","Capn3",0.416433413612193,1,-3.0465618813822,0.092836464826744,-4.01350558874883,0.567612065747631,-3.27424200473948,0.0299505228688205,4.42993900236103,NA,0.227680123357277,NA
"ENSMUSG00000079164","Tlr5",-1.43398163454325,1,-1.5644736615729,0.00402823600468719,-3.3670947681652,4.58229329767094e-05,-1.8336340643765,4.32231930072625e-05,1.93311313362196,0.0112191883618325,0.269160402803603,0.551545343932444
"ENSMUSG00000079293","Clec7a",0.776007189823668,1,1.59952679809155,2.37439839666054e-32,1.86947838742428,3.91895442668045e-19,1.73661994748343,5.30318986085363e-42,-1.09347119760061,1.00261037875415e-13,-0.137093149391888,0.255645510488094
"ENSMUSG00000079339","Ifit1bl1",-1.75735985580366,0.0994386641899327,-2.58345029448318,1.1806756479385e-06,-3.79886430560625,1.54730125081466e-13,-4.67912177711872,8.62621850236329e-18,2.04150444980259,3.41472558116528e-05,2.09567148263555,0.000223996602598879
"ENSMUSG00000079355","Ackr4",-0.225994152206171,1,2.48549525216047,0.00417816688336895,2.74179400515358,0.0215395122787252,3.72414085474975,1.6821834312082e-08,-2.96778815735975,NA,-1.23864560258928,0.0373663730762985
"ENSMUSG00000079419","Ms4a6c",-0.591163271481574,1,-1.14182239195806,8.1280443302281e-05,-1.55434052095556,0.311267350462568,-1.99037942060992,3.84906074380679e-29,0.963177249473983,0.181072793257203,0.848557028651861,4.29201163149007e-10
"ENSMUSG00000079442","St6galnac4",0.204534251605927,1,0.20136238286477,1,1.08961321254415,0.0227679646188095,0.497107181197954,1,-0.885078960938223,1.59087750910022e-06,-0.295744798333185,1.39257016101865e-05
"ENSMUSG00000079445","B3gnt7",0.449059117048862,1,1.7396751095539,4.50034027520546e-21,1.35760387937449,0.00859358286055427,1.73329115216374,4.69305839443818e-21,-0.908544762325626,0.000802090809403688,0.00638395739015771,0.97740264305382
"ENSMUSG00000079481","Nhsl2",-0.463079133092155,1,-0.569231226708479,1,-1.42314646830055,0.0315024010937899,-1.51871182789351,1.39490716824184e-16,0.960067335208396,0.00682613872754525,0.949480601185032,1.01764764369258e-15
"ENSMUSG00000079523","Tmsb10",0.344075045129941,1,0.842144020887184,1,0.536888670660851,1,1.27931731648481,0.0031022644763719,-0.19281362553091,0.561501645314766,-0.437173295597628,0.111462884174084
"ENSMUSG00000079547","H2-DMb1",0.175682152822474,1,1.07098932848428,2.58134300872823e-09,0.681079964645081,1,1.21724710221393,6.01626636827535e-16,-0.505397811822606,0.00732089479279634,-0.146257773729651,0.152398577812875
"ENSMUSG00000079625","Tm4sf19",0.633261826402273,1,1.53566892081023,0.109634740979571,3.25208183168673,1.09414700026606e-15,2.90291009196501,6.07731431975068e-09,-2.61882000528446,2.77887261168533e-15,-1.36724117115478,0.00269792241200872
"ENSMUSG00000080316","Spaca6",-0.935187821497493,1,-1.18126481859277,0.164229899229745,-1.95793597923339,0.0570954805924335,-1.81214871828649,2.16041092503901e-05,1.02274815773589,0.174525977132943,0.630883899693712,0.0827535757749709
"ENSMUSG00000086564","Cd101",-0.294681203422018,1,-1.00509983897481,0.639907060358325,-0.681855832999904,1,-1.47231454820611,0.00575664592318195,0.387174629577886,0.735859773467031,0.467214709231307,0.250364302138237
"ENSMUSG00000089715","Cbx6",-0.18510347857335,1,-0.547313694894277,1,-0.877733112671342,0.246451514832019,-0.829651812685266,0.0311241057503752,0.692629634097992,1.51411098761194e-05,0.282338117790988,0.0149019722531677
"ENSMUSG00000089762","Ier5l",0.533859284833465,1,0.877237065028527,0.129952022485238,1.2733155904911,0.0608665805505868,1.22178201868921,6.6368270735414e-07,-0.739456305657639,0.0214093193257034,-0.344544953660686,0.0189856362058883
"ENSMUSG00000089809","Rasgef1b",-0.0344386177222158,1,-0.643777294140098,1,-0.515806359157895,1,-0.917926519185051,9.10020193367621e-07,0.48136774143568,0.00196246780628387,0.274149225044953,0.000263459212887791
"ENSMUSG00000089901","Gm8113",3.14010874628243,7.16847249636096e-11,7.70006629623397,8.02520017724044e-124,5.50430926778466,6.44927000622385e-48,7.80772482340683,5.17753950230887e-128,-2.36420052150223,1.53842379219476e-20,-0.107658527172859,0.578934327512532
"ENSMUSG00000090115","Usp49",-0.449442079024251,1,-0.821742133783389,0.562338476094088,-0.610860690302907,1,-1.10333265364322,0.00141879537912833,0.161418611278656,0.706559316918748,0.281590519859828,0.165254523707008
"ENSMUSG00000090124","Ugt1a7c",-0.188658147017715,1,-0.585550630683042,1,-0.872954279228049,0.401948116952571,-0.955683036572943,0.00183610434929191,0.684296132210335,0.000218006606305786,0.370132405889901,0.00359670591571783
"ENSMUSG00000090125","Pou3f1",0.894175321466508,1,1.91953813063085,0.0708580109795643,1.80327268981695,0.163872098396158,2.16072765195024,0.00789994903263461,-0.909097368350447,0.239291904486087,-0.241189521319386,0.754353872009549
"ENSMUSG00000090166","Ear10",2.15127301102249,1,5.50972380320091,0.00912545032286959,3.94943558263864,0.651529574552081,6.60212526614549,0.000218204978892734,-1.79816257161615,NA,-1.09240146294457,NA
"ENSMUSG00000090626","Tex9",0.232460778980101,1,2.98577641039078,5.41412687617989e-21,2.5030894921978,3.93739690056426e-09,3.79179721867729,1.59705404244879e-38,-2.2706287132177,9.02491031852094e-13,-0.806020808286505,0.000170380974450411
"ENSMUSG00000090675","Or5v1b",0.194539395734222,1,1.34394259441017,1.47976185230192e-08,0.925280607781365,0.742304986876454,1.4094069606887,2.54804073260562e-10,-0.730741212047143,0.018822384983575,-0.0654643662785288,0.739587484462894
"ENSMUSG00000090799","Klhl33",1.6365757998307,0.245251051721392,2.5306895887939,6.56515864061064e-17,2.84069144302629,9.06803698825186e-11,2.27631121951355,4.70228477316989e-13,-1.2041156431956,0.0010277280000023,0.254378369280352,0.401388082719528
"ENSMUSG00000090894","Or5v1",0.197609072297122,1,1.39614352949066,0.105824646988314,1.22834447665536,0.504190744485054,1.48194781466221,0.0255764546228586,-1.03073540435823,0.0391735198453767,-0.0858042851715453,0.878168708854143
"ENSMUSG00000090958","Lrrc32",1.12571647960069,1,4.30051285128996,3.36316919950458e-117,4.36964095130217,0.000175962550043897,5.58301302421271,6.86443777255678e-214,-3.24392447170148,0.00175754193657719,-1.28250017292275,1.07409746198197e-17
"ENSMUSG00000091119","Ccdc152",-0.797931081645487,1,-1.1172100883021,1,-2.59956340394363,0.00273772294759189,-1.9895873677801,0.0398396533416566,1.80163232229815,0.00936578717360513,0.872377279478006,0.265218134052308
"ENSMUSG00000091415","Ak9",0.320677842380044,1,3.19389601709993,0.0208843957884865,0.371562859893416,1,3.85574570081613,0.000536496020288631,-0.0508850175133716,NA,-0.6618496837162,NA
"ENSMUSG00000091898","Tnnc1",-0.186166443897289,1,-2.03005241987341,0.0213771059130606,-2.22955879863719,0.0762150386568324,-2.61753596699191,0.000340597042784355,2.0433923547399,0.0101569319120142,0.587483547118496,0.482313235153628
"ENSMUSG00000091955","Tmsb10b",0.448802574719747,1,0.736344036577622,1,0.494423994123159,1,1.32177217697159,0.0468833205113226,-0.0456214194034115,0.929857924781158,-0.58542814039397,0.12958277196024
"ENSMUSG00000092074","Dynlt1a",-0.0670080491039394,1,-0.795808651377882,0.767738077908947,-0.877616930531698,0.481431608690876,-1.50375383055953,3.3847129782174e-09,0.810608881427759,3.74071823492555e-05,0.707945179181648,5.5261560955775e-05
"ENSMUSG00000093930","Hmgcs1",0.365093599502937,1,0.719106570519128,0.556637248132998,0.831719764126633,0.718530100169132,0.961593446046897,7.93001157956186e-06,-0.466626164623696,0.0412825945359631,-0.242486875527768,0.0121147156271278
"ENSMUSG00000095028","Sirpb1b",-0.589672189838983,1,-0.623718536963223,1,-1.96406434498609,0.00381352437171422,-1.86151812179779,1.32462231522062e-06,1.37439215514711,0.0036324789190229,1.23779958483457,1.16940507053626e-05
"ENSMUSG00000095788","Sirpb1a",-0.267324759248439,1,-1.10911373478945,0.177879584615661,-2.08131041428417,0.00964227706664164,-2.20422162111497,2.74665896684591e-10,1.81398565503573,0.000730141598429506,1.09510788632552,0.000205713006507264
"ENSMUSG00000096606","Tpbgl",-0.603263182291742,1,-2.01156757651501,1.07915637898536e-05,-2.10676397075824,0.00060071637173701,-3.11108471208841,4.91158186392709e-13,1.50350078846649,0.000802090809403688,1.0995171355734,0.0158903130483685
"ENSMUSG00000097392","Thoc2l",-0.25800591166521,1,-0.595521663340816,1,-0.343531083243337,1,-0.869758432206591,0.0356867941485507,0.0855251715781269,0.786815833356902,0.274236768865775,0.0577386106986206
"ENSMUSG00000097993","Ptprv",-1.13447065595475,1,-1.03496632367217,0.22943544013788,-1.41562908716157,0.457709592341694,-1.69381241730232,2.06139700385242e-06,0.281158431206826,0.793887252560046,0.658846093630147,0.0206617777445538
"ENSMUSG00000098188","Sowahc",0.161004830719035,1,1.08672203684467,0.000523399007198033,-0.139287315716213,1,1.00647522471422,0.00308862024777314,0.300292146435249,0.173723052920135,0.0802468121304478,0.695552748077978
"ENSMUSG00000102418","Sh2d1b1",0.222994449536709,1,1.178779734081,0.00215131147596839,0.0278901917499734,1,1.17629440925906,0.00110408426046481,0.195104257786736,0.568796850483002,0.00248532482194209,0.99395640727066
"ENSMUSG00000102697","Pcdhac2",-0.290308493958397,1,-1.11831494476712,1,0.25933818830288,1,-2.00775999251845,0.0192053465932975,-0.549646682261277,0.460185655075455,0.889445047751333,0.216375965007095
"ENSMUSG00000102752","Gm7694",0.19147851969268,1,0.821870152633103,0.854955702375186,1.2915432206282,0.222364597439923,1.01561290201134,0.0364692590130786,-1.10006470093552,0.00734206916954762,-0.193742749378237,0.419629948960331
"ENSMUSG00000105504","Gbp5",-1.34536979287188,1,-1.02742461445535,0.0378430567680717,-2.27945473731332,0.000768235332769507,-1.40583667556672,9.14692272711271e-07,0.934084944441435,0.117356763805706,0.378412061111367,0.073603532902417
"ENSMUSG00000108900","Ccdc194",2.95069178373337,1,4.31727401088806,0.161161903282781,4.23262913573913,0.0399778193292556,5.622451311454,0.00562069218901525,-1.28193735200576,NA,-1.30517730056594,NA
"ENSMUSG00000109713","Pvrig",-3.83618435508078,1,-1.79411465037446,0.177767304357792,-2.39725964794586,0.877285361881432,-2.5460148106227,0.00279550059750967,-1.43892470713492,NA,0.751900160248246,0.398447021002138
"ENSMUSG00000112023","Lilrb4b",0.117522356451901,1,0.7380360567464,1,0.336965835391842,1,1.07443241848024,0.000533279679607507,-0.219443478939942,0.412730516129374,-0.336396361733836,0.0389038895585451
"ENSMUSG00000116895","Gm3435",-0.664454090978389,1,-1.30757342255146,0.0958829932785949,-1.66426690821855,0.0452758209549092,-2.94519593619254,1.89382646920837e-11,0.99981281724016,0.0585269378744501,1.63762251364108,4.98182301182278e-05
"ENSMUSG00000116953","9030025P20Rik",-0.267563239641047,1,-0.67271254648698,1,-0.572420538274578,1,-1.42280386192917,0.00776522729591086,0.304857298633531,0.722327415044711,0.750091315442186,0.031689468706736
"ENSMUSG00000117621","Hspe1-rs1",0.181536947442037,1,0.837302522618149,1,0.740013074191147,1,1.6031061424002,0.0469894543614089,-0.55847612674911,0.182290649797718,-0.765803619782056,0.139208207974559
"ENSMUSG00000118664","Tusc3",0.302556746651332,1,0.79445257576997,0.159816765557335,0.606466815577341,1,1.06607391834663,4.24994909949412e-07,-0.303910068926009,0.13852076029737,-0.271621342576657,0.0136012906166704
"ENSMUSG00000118669","Arvcf",0.458338586492539,1,0.387287952909548,1,1.64920438072733,3.83796906213232e-05,1.04728656456114,0.270646849985234,-1.1908657942348,1.30456553079006e-06,-0.659998611651593,0.0538907110170052
